{"version":6,"hash":{"type":"Buffer","data":"X5MaNqpIUAG+eozCx4ynweK9BtdlbdkkEqKHSM6wEG9tG03lO+7IVuomRSUcjCRt/1jjd+GvDgJwAtZIb4sP5IRz6dEHZjinp6eM0WbU478dizulE4DwhSRmQe1NwafWSCoYCIKHypklRYEO4AgZjPqjVD3kes8aMryIfU/jFbU="},"indexValueMap":{"NxRByuyiMOIXDQRBw18C1QfH5ygZ+N8UUGcl7LHtqMk=":{"valueMac":{"type":"Buffer","data":"7KlK35XHgE9bdYOCsktYbMiD2lABKhsbm8ze4c2E/Os="}},"UJvGGMiWSn1gpIwEXM98LBlGkCByXx9KSP1Ctq8O/f0=":{"valueMac":{"type":"Buffer","data":"yJZEslRaI+DzPY18ZxzpPa6bLp8JcaANGes5pQWA9fg="}}}}