{"version":6,"hash":{"type":"Buffer","data":"Yd7Xv/AbZyIXJY4Cr35l01Y5d69ubyarzHKI6h7UzW71aCf5zu9+S9SLLSKVFGyGkRbQ/ayQR/DzIZv4ySuu/4tk6AaqkWO+3d5HMNeMU65c44ZpAgCS7uXyM00dgs4tjLUR8VWDTC2w9hqibIOQnBgrOdo0quGDU/Q7PVfX/qQ="},"indexValueMap":{"8Kt+feQkP4GAIgy8qDcMYzdUxvYEm9k5z7drTIpDb0E=":{"valueMac":{"type":"Buffer","data":"kzhwKX/lWLG/A63a3MkMcOhsF6HbwLVNzxWRNLQwy6s="}},"3dqzRKbL3Ydp/z12iWWLEYLQfGq802ABQbQJZtJ55/0=":{"valueMac":{"type":"Buffer","data":"pKCX4RMPM+mnQvPeLyk9kiTQUt5aQ4kkp+LtSUky4wc="}}}}