{"version":13,"hash":{"type":"Buffer","data":"oOViDQ1JOEPIjG4+gzhPMyhaoWOORkaVZtPazCgstgl1iuqahKGGkfJ5ijs5QptCX8mMtuKzh9axmmh+5JjuECcPaH+XNgK2dN/aRdnjUK+K4z2XgLezi6/ej4hmYuFp+Prl390lBG+1/q3cRR6AvlmJzmM41YLUTO6ELJ3z0OM="},"indexValueMap":{"ATjNuLt64uvvIDYzacbWDtJBSmze4d7D7eSGnhDyRyI=":{"valueMac":{"type":"Buffer","data":"ZB0Shwgfl/tQ3SXXbnJ9YMcLzNWfha//1P6ty9lGphE="}},"AVv9hemOBqGU7I8Bp6ZDKulspxl20v34H2fu675qEJo=":{"valueMac":{"type":"Buffer","data":"S4dMrO0HiJxg9zBbOFeYEtWRvivE1goL/oNlhuF+Cjc="}},"BoXC15pAAEmVoVD17tCq9g6AlylVg/VVGcUL5j86C+4=":{"valueMac":{"type":"Buffer","data":"Og0v8Sy8Y/5biaXUfNpF/bru6k1nup8weUaP+XczpGQ="}},"B7C2hbu4q7/U6u2kajwIT9ohMwwaZaMyEZpTpNHdG84=":{"valueMac":{"type":"Buffer","data":"Ytcf28HX3LYVDYZked/jWJyGqlvDiPUZ5ZgK19jUFGA="}},"CQG2QVQqIOCw9YA8XFKEipJB/rOxbxckBVbJj0nj3Wg=":{"valueMac":{"type":"Buffer","data":"4kEiWtNtAB/DW7g8XGvkyJMDLPGAmP8pvfIbavaX6pc="}},"CS9CRVX3Yte3TQrU4hHnepuFAVTg4N1uWjUT5Mdj7+s=":{"valueMac":{"type":"Buffer","data":"5mO+FPpUjpYvp+Wtijl1t0EUCyazdQy8hxb6IcwjSm0="}},"DzX+AzuTE4wk4VuWoO1w/w+8FWKyJ1+NBIlyj9rJa4w=":{"valueMac":{"type":"Buffer","data":"3k1pwy34IUgqAIySTUosWqea5tPkH0l+YxGg90Tlo04="}},"D/sRh/E76A8V44TN5nIpONz8K15vsHOxyvtLq3U/e5I=":{"valueMac":{"type":"Buffer","data":"Ia01olsi/Qb5W88nFyz76xJg6ijIqN84FPBC7JTA2Ec="}},"EJquth1WKOVaZsi1WQORCXHFyy9e4dZX79XOQNtioYY=":{"valueMac":{"type":"Buffer","data":"usSGaBjD2BpA6gTIaZXosN92mqnPJQn89A8VyssXQm0="}},"EKbrCq+8VDQycCOb8cnrkIgC2pL7DPCAuY9Zge985/I=":{"valueMac":{"type":"Buffer","data":"5Uhxsx0IH60veoT56LOSX/WaTbQ/LXxUVG6pyydcMV8="}},"ELlfYKJbKX01+QJVVrOynijJ6C7zYOioINVcCzWAzPc=":{"valueMac":{"type":"Buffer","data":"u5P+QD/bS1sGr7rQDGLJvAEn4sHoQ6TywKgyc7P5Wk0="}},"ENSl+ZwtQkgMHEX3zrkY6mSR2iX4RqvOKiA4+FS4N1c=":{"valueMac":{"type":"Buffer","data":"BrcEz0XYR2H7OcC8oImdTWvsk8HNlvloaei4D0gx3pE="}},"GFrB6HVPh9Ewo48V9GoEPqtu4Kqomr6eQcY5HpKVRYk=":{"valueMac":{"type":"Buffer","data":"Jrm4fXd8YezimHHDJgxi0fgajLu1O/TXWMMfcl0/+60="}},"GHzcQ8HOCdHn5X52Cz00/lSon6SSVpQHS5e6ycGfoks=":{"valueMac":{"type":"Buffer","data":"CCRN95g4U46n7umubvDAEbzu4dM3qewNz6trYvTLRoM="}},"G8CmpK24U00IX/UAcZXvT+1fofFeXygvP7Gceilg49o=":{"valueMac":{"type":"Buffer","data":"onGaCE6PyLSwZRna9tTmSHn2Kdg2qBTQ7LiuahWfYuk="}},"HppWm+AdDHYXDn8moKd52w/9QdnSGPqcm1gO3jpcCyA=":{"valueMac":{"type":"Buffer","data":"B5FR59cBzWS/jBbYJiW4Bn8mmDSwYJCgzrwkO85gGag="}},"IMFMeKaXqndUurKqn0b0sY52hOkhL0Ar5SpklgYvznI=":{"valueMac":{"type":"Buffer","data":"Sy9oozdilsL974xbeugnQRwhwD8TtRa3dGsP/CCLYw0="}},"IZiwgQHM8+Nf6XH3aoz8bVt4idbDn692i90ujV/j9LI=":{"valueMac":{"type":"Buffer","data":"qYinthnCtmiRJaqkRs9sIpqmHuNRdbRWDysYIN0W5CA="}},"Ih1zY0yZldl7OcW8ugAwDrVhdjwMLUsvXqSvNFZdlVw=":{"valueMac":{"type":"Buffer","data":"wfVipRFvL9kJXJJ5V2WiVvDAR2kfBO5nysLMFTxHlns="}},"JTjLbwwmhsga0TD0WwS8VR2u/K2cw3Hta1UY/DPG7Q0=":{"valueMac":{"type":"Buffer","data":"jpukqiBBh6iLXNrnFXYgHigTOuiNTRG+G44ov0EluCk="}},"JW7pyRm1N1g1Z5m8y31VDgTwNiK0LnGsskV5adm6Xmk=":{"valueMac":{"type":"Buffer","data":"Wsv+LZ8iHa5HAPw+INvHouDX16FGRv5XqDctfKbvHAM="}},"Jj3l0Rp+n46yUjzxjW3F/1M4yjEOwJtACxfRNV0+eOY=":{"valueMac":{"type":"Buffer","data":"9/zD6Uk/uLmVNTldsFXccGcomw1NAZe83MCMZrvXD3I="}},"KKzccBGoSyU8zjVEoshpkuaPbkwR2ctiw4u9lESj9PM=":{"valueMac":{"type":"Buffer","data":"oFuCm9ekXt5bnclTX3E++PXQWXbch23iZ7UOZN4zaJI="}},"KUJsTKApv71ANbD82bXaJl8CkN7xzQrWLl3WI3X3gR8=":{"valueMac":{"type":"Buffer","data":"N/t8iK6zva8BooetqafsmME/gpFnEQ/3zFJDuumhZRI="}},"KgEt3/yTC0WelV6gVtSYxUnpcXEEa1YLARG8E+7+5/8=":{"valueMac":{"type":"Buffer","data":"i4p28BonQA9kCfGMW1JihRw4yOrLmrcx1ynGwyu9wsQ="}},"KwI6kxZZE4Ti+tpC3kVi5DbfGCcO2U9MAOYlRQiCcTc=":{"valueMac":{"type":"Buffer","data":"qcyJVNXEdsSOgNtASxnjMScWYJmsKpy+V4UUxyLD/K0="}},"L5FUIQPcEriVQMPAphEVAyFK/HRvE3yHR45w/DcEXEM=":{"valueMac":{"type":"Buffer","data":"gHS0rusW45fH8mr1j+If76OcmBcmkLmwuMt5ZZ3JJDw="}},"L6cn9WlNLfiYqXfcjGxqzCcorc4QegSP+Z1ViNewxuQ=":{"valueMac":{"type":"Buffer","data":"7RueMjZV7ASIMKwznOC/OtyrQ4VkRCVh7PPUZ+aG72A="}},"MM0N+vKxVffAtOc0s+pYkUdvK/woBcVc5S8LTZ/VbD8=":{"valueMac":{"type":"Buffer","data":"eiutdlKE7koE7y8dccLDHkFgUZY+1d9y54RU6e2BdsM="}},"MsZhD3crrqeE1f0Dbvta+YfhGxp1Latrw61vAxwxH/Q=":{"valueMac":{"type":"Buffer","data":"oMeKwVwuTKdCl13ZvXkS5kZYHcfUwLKZBpo9VP47gC8="}},"Nfc0VMPbt66GsBLc+NvqzjVp8lahGP6zNOTQAcsFTsw=":{"valueMac":{"type":"Buffer","data":"qfOrIy93QGl3GHG7/YZvQsZhEWfjTvsC5lCmQAyfWow="}},"N5X0WwwL9b0Yq1ACvB5qlpX6SJs0rUa+vo4FjcvmwXY=":{"valueMac":{"type":"Buffer","data":"gQYM5ltbdeZVc18DIBwmVw1RdmX0xfe2jUzBxsI+3bk="}},"OZiUgRvmrpf0W2bPpBwQxpv0kgf3BzAi2202Mom6lUI=":{"valueMac":{"type":"Buffer","data":"cPSGEP9rOB7DrZoe86kqJu3bzFFs+YecN6Az/5KTNPg="}},"PQq5XMXrZzwaL0Wq1Cekv+LlueUmZuVJfbJWu62kcFM=":{"valueMac":{"type":"Buffer","data":"yotSbStLSs224WdxdDHqyTYkZc82+PrktDfuhc1w+MU="}},"P2GwGBm87UyssLaUTzWN0ha4EA7Z5jGLFqO/osKuzII=":{"valueMac":{"type":"Buffer","data":"zzim73lG/yNBZg94bZjJMRlTCrMUlRlK1yoLs2iE6tY="}},"QKKw8849BXG2t0CxjcqV2SPIBUudDKoH1f8wv0amudU=":{"valueMac":{"type":"Buffer","data":"UUKV6Ndv0G1tegYq2JADp6BZ/r5CIEkAy+zkP9HD8yc="}},"Q8y4+6wFhmjwH3yJgwbfozSpqb0p5TeZPsp6S2/j/uc=":{"valueMac":{"type":"Buffer","data":"d6zRQNIn8QTad4dyNYmjVGHVnjhoYba+GsZFSbBpaVo="}},"Rm/RYJYusOstnGEQrXURQnlE4vRNq+rSxBbN3og11EI=":{"valueMac":{"type":"Buffer","data":"6WVzVRw5b7v0+deq1CpDH7KQw3hzuso5rltzEcG/cx4="}},"SRvfQTwjVWBZksGVJUYNg/U5kjJ1Ux4BFn9aTw0U8eE=":{"valueMac":{"type":"Buffer","data":"TDrHpiErBtieLar6ZrhdY/tx2eJoSOFhR/6GtpwxjRY="}},"SYoUKUPSJKcD+JoDPcVNxq0893vhHUNelIcVRTkIplI=":{"valueMac":{"type":"Buffer","data":"FmhMS064flh7uAc1rl9zRIxzDDmPvl1FbBw5robEUYI="}},"TAaYjP9ZBuI0vHNnrBdMvFcwNMgwEStHG56hgG/VT/0=":{"valueMac":{"type":"Buffer","data":"HVa449C+V/CGnD2SiQcmMMCjX5vjXSl6kygazwKtHsY="}},"TQ8onX2yIjruAQQ3VF9h8JgqjFCI5Ks0xbmezA0C5vc=":{"valueMac":{"type":"Buffer","data":"muuacLcQxGSxHSEsxwfLAsE5OeXlD7ezx+3brPk/0ck="}},"Tb8DkE95/OVGvr5YLhc6tHQL6/zukLc8bv4M7ErYuB0=":{"valueMac":{"type":"Buffer","data":"E8FYRc46/QVhSYrtbQ1ccqiklfdNeG4RCVW1XRhtAkk="}},"USs0ajfbukxBdr/4WqVlw8NQHeiKwXKrquNyi9cAJjY=":{"valueMac":{"type":"Buffer","data":"o8LdD9toRnSZQTRqrx2B771Dkia0Y15mqBpPqaTqa4k="}},"VFrdMaGd382t24m+rkkBCCIyAZlFu7DoPxh+uQyJYxw=":{"valueMac":{"type":"Buffer","data":"ZLvxdsp874dWjTDz4sSRzxnFEX7S7D8FIYI5Z2uCTbY="}},"WyBUHm22Y4lvKt+2/t1CRKpx0mG9RkHbb0z+ACrvhM4=":{"valueMac":{"type":"Buffer","data":"VcZcFuN97mEMBxocnxxnjI8oEGIlr3Yl3lzrO22SNpc="}},"XRpkTwNSlmur+cOjHxPZuKibmIakFCnL6Du15IrcbLk=":{"valueMac":{"type":"Buffer","data":"9jz+aVFQ3pZA2jWf1zx7Q2LLQGMVo7oMPeJ1BXbLNvM="}},"X3p8qYbtHptWAv/tX6F3vhG+WyuogsB6F5qipOkSnCg=":{"valueMac":{"type":"Buffer","data":"5ix7hDjQV4b1qpc7kbNVkj1pcvY1114wvBI9iK0Oi9Q="}},"YBmuCHs3nEyR9lP+9ZtM1CllFCvOgPf1nJOXl5y8zDo=":{"valueMac":{"type":"Buffer","data":"QNN/HC2GVsvnOqXy6CKxG4RxKM36ysq/uTM9/emoHFA="}},"YGYBvGRTMaE9TH4beBWP4cfkyL6rbVCTSNpq35JvACQ=":{"valueMac":{"type":"Buffer","data":"ZOQUyH9qpGkKAw29foiWX8yh3w5QP7YQ/qYGSjXwx80="}},"YaY+QS2mdTZUlauyPwMl7YjQ0J7aRPWzY7PtYLzI+fg=":{"valueMac":{"type":"Buffer","data":"8cSDkqYFhbze9pbPE8h4Fd6QJG+WyvCX4X5g+4etZTk="}},"ZE2D5UmRkc4E2A+5oYQU8OMszrGc+kpkmOZqKULqMvY=":{"valueMac":{"type":"Buffer","data":"OVCh1f2Kldf3tdLzEOFdoR0INpmp5zI+85kwuZAIuDo="}},"aeu/com6tKtLSw2EmfcquKdacSYrENpDA45qkF1duAU=":{"valueMac":{"type":"Buffer","data":"6gdgNsqWR88L2tljCvRm2BMZVZvNawJ83JlD/GmPwOk="}},"aii5jC9GLv47SrfvlVz9WACJ9px1OPxWcmto05TI9Hc=":{"valueMac":{"type":"Buffer","data":"CvvdLnuPO/djkHunptqufuAwpqlzeQESndEVkyWabZ4="}},"ba+veHc81s9b6LTDJ4num+B+lformbd7yehgfXVyxcc=":{"valueMac":{"type":"Buffer","data":"2imsHt7NN/M5lOsJL2bG8FTeKD/H0fUYM6F704ZTtrc="}},"bktA/h6t8VerloLJbc8ZHmT8oZhZip7bwqNyYN3sMsg=":{"valueMac":{"type":"Buffer","data":"L2Vt0oMoamKqdFsijs4EU2jqRSH7rhFmiJXvJfM1cxI="}},"bu+7MOYzYYWieTZgtyPSaM6BTKe6t+VWXM9LK7p4JXU=":{"valueMac":{"type":"Buffer","data":"1gZcWZtd9+uJulbtwom1I0CSnZ30FCDEwrbV4YRgUo4="}},"bx0JJP7eadI4TNsBtCXGMlxEGL29s7ZSYqv5OrNCEdA=":{"valueMac":{"type":"Buffer","data":"NPxlDlJDSb+DLn+WRgMoZqGcSAnDqowfHzA+6ffqlVM="}},"cELXrwCIVfuwAcPObTw4PtHJeToCuUrpweA6frGxHXE=":{"valueMac":{"type":"Buffer","data":"MWxkGUQx+T9ewpc8g2OK1fvWSvZqVxMt3cq/UXECZfQ="}},"cZMenOvE6pt1cnJPm36ls2fwQE1f5uaW6DHu4+leTGo=":{"valueMac":{"type":"Buffer","data":"qX4N0LmTsDXDkchPt5etPV41pSsCZyAvaN7/l25lyPc="}},"cqh176G3dOmVe+/JwU+eXivJ1J23AsUPUtETLVySOHE=":{"valueMac":{"type":"Buffer","data":"evLMSLA3Tft3Byd1kHBZyvW/Hv8U5lki/HufFGXpdlw="}},"dvYDlNlgtVZO6JiN7EYwyn/fjjSC3hQm2pLewP2YQqo=":{"valueMac":{"type":"Buffer","data":"fgjc3kSpJMstFjO53KT3Ns/t6OYwjwZV/vx318nDiVo="}},"eV3S5ITC3ojj9a3pq/Fbpq59soXafLNEnyei5kRHDNU=":{"valueMac":{"type":"Buffer","data":"XOeBQzb9F78/aNIZst2zePTM+531a0GUjs+rcENcdnc="}},"esBN/ezkvF7Hsl+c3UKCoMwv/0v2d52NWTZ6JJxzcqw=":{"valueMac":{"type":"Buffer","data":"lpvwEfkBkMihD3NIMaGqnV/qsLrag2/K86DLV/TBGUw="}},"e94ADBluH9Oui2BLLylzXU0UBN8G+7yA49iEd5XmMVg=":{"valueMac":{"type":"Buffer","data":"vC1euW1eg8O410HxWM1MpIOEjVZk0ltriSEm7IvE8Ik="}},"fbVyFfMZ2U6tpNdXYXIg/jt5NSkZ2aqsO7dO6KRHc10=":{"valueMac":{"type":"Buffer","data":"Zs3QSH0rFlDdsckQsKAGLibEtw+YoUZ726a6QdiC2nQ="}},"fviy7biaDuYe/0lEKXWfKQ0l53EZIVxNuKSoTUiM5S0=":{"valueMac":{"type":"Buffer","data":"qe0sRF/7N6KrOVC6oV/HlqYwwawmx0GvrnKe+RfSig0="}},"gZU/1xdECauYZJdO0r4bHJC5g+PSydHUQLhbczFmNP8=":{"valueMac":{"type":"Buffer","data":"3HZJ/nXpAhyHqJbIeQYVWEqKDocF8SEWivkWw1dszaU="}},"gdAezP4pSqhtVjt1SNEe2DwTdSDyZ5yhCsk9eKLn88o=":{"valueMac":{"type":"Buffer","data":"M2nJZ83uOwOl1TE1A3FXSLEjk++3cfYenOMkuq64iJ8="}},"hDINFN3sPWTxeCyLN2PHjEDe3qJGP4wo6rA8HvRE4PM=":{"valueMac":{"type":"Buffer","data":"rHWhXwZeNq4OEgzkmYSe+bpQoukOChKpzoC3FwPnKaQ="}},"hKzil5nfX4LF/GMhfe1g6vJN+7gFlF/wlXP5HMisHOI=":{"valueMac":{"type":"Buffer","data":"9HYvURLhOI3MYVO4FOWTpC30jxnRDd2Zy6qfM3+oBnM="}},"h4pS/6w6L147F6jk1bBb8UqtpvI6wUM0qQW4KLerhSA=":{"valueMac":{"type":"Buffer","data":"CceGXPOPwKtPHn3lHLSeTRlkbqnca3RBR6dWinx//J0="}},"iKjX6UEb6hlWuPO/m72PM4JnFaqahRhDGt/fp7P4Fg8=":{"valueMac":{"type":"Buffer","data":"7xy6Z9kcrw9JBHIlLXq3KJ/x2X2nceuVt9aHqelcKWU="}},"jDDHONlSKhWoACp4YK5dN+hos/42ddzNgORM0QkMGEQ=":{"valueMac":{"type":"Buffer","data":"Qb310ot4bNHAd9jhVO9Bb+bxLoxTYVsvyXyiPqQzMjU="}},"jPvpU4REgrbvnMLkJ5RPWVzALQP4WONxVvSUngA+Cyc=":{"valueMac":{"type":"Buffer","data":"BkNv9g3DHuicAEziMG7nV5aH1RNK1zj8WVej2mCCCbE="}},"j3Z/QKCZXnll975XuvdN2ljzJj6JQc4uRN40DCSeUk8=":{"valueMac":{"type":"Buffer","data":"H/mV3A+kX8/+4slw2c3/mTmqsbh5WwdrtFz86jRVH6E="}},"j5ucnuI8VJ3vohZsM9nOrcel7Vziyym7y9T/PfdgorY=":{"valueMac":{"type":"Buffer","data":"OcCob1BtH48HSbMWEx8cP7mG+2hLJ+o+MVcxxm9VIVk="}},"ko6i5SPd0RKEwKxZ9XhuisNUmGuhG4+Ej3X4H3qo2VY=":{"valueMac":{"type":"Buffer","data":"zYA5eLvwmX5ltHbqVP0R3NLI/SldsPVkhqWNWaoJgn4="}},"lIlWpjYhTaoilx7OWbcwaFRLLF5lPeExvhGXMCmD+k8=":{"valueMac":{"type":"Buffer","data":"hReBe3VPmu46Z5nGgip7UB0coQ978Locw/gV9CbscUc="}},"lbPrpKLkXRTR/nMuVewDQEYIlZA7pXTcama6muCumQY=":{"valueMac":{"type":"Buffer","data":"2zhreKpfsIPWlYv4RSfLJtuh5GHMDKNg5Rft7JjwHq4="}},"mQrsIhD0PYjWbwHzaYB8EeIRKAFcJEDff7rsvsbYgHE=":{"valueMac":{"type":"Buffer","data":"BE6JFV+qaf8g7br6g4K/ej+Z79Rm894En+dKcNi8QZc="}},"pNr9k1+dKYkQGrkM1EOu/Ixv0WqJwm/0dR0eJDAylPI=":{"valueMac":{"type":"Buffer","data":"TfHfU67iSNxX06K+g/7l6biwPsQj66PFzi3zIgqFkns="}},"pTxw4AMFzeg5geR2Qo1cXQydmwshi/TpxRdyetkNN/M=":{"valueMac":{"type":"Buffer","data":"wxLuxZYDGzf/ho7wpWkTSA6QHbpvNhXr6HgBk95Q4CY="}},"pnDTIXR1P9BCj7Y6K/M+/eYmC62If7Y1iof9sk/e5r0=":{"valueMac":{"type":"Buffer","data":"tKZeqpUyhJbfc1ARIXb5h5Y/zNWcv9axKu/WGsSfhds="}},"q588SMlwYUNJ0OkV+AkdbvwRFsWCwen1m8MtcWPG1Ys=":{"valueMac":{"type":"Buffer","data":"XigY467I3CxYQon/2ti3K59/fb00GAoM42eqswxwSSU="}},"rIyuEWAZ8ybuWLDYt1RuQ5e6USa3zKQBAnut+FL3uUY=":{"valueMac":{"type":"Buffer","data":"fH9uynvseRqAtrA9bHQHQymA3COIgVowA18QZFoV53w="}},"tA1/0UX0BwQvP0PimW7iqU8epH5ZvaQ7+7duidc8VSE=":{"valueMac":{"type":"Buffer","data":"mMvjy/FqQq1UHFFWtcV3VaN/h2pX/PaSaHhKc8UPJEY="}},"uC30Fl3och6iJni0RuTkgMueOSRA7oomUYQhu+Ok8Gg=":{"valueMac":{"type":"Buffer","data":"WZwYDde2RFuRR+c6SoqPMifW2grcSsPk/Cqcqq2g8uc="}},"uC93pidrz3AnxYWh4NCHOzohNQIjGPVdZEewxwNxgH8=":{"valueMac":{"type":"Buffer","data":"jH2NvkV5t/kvdXztyOtsA68PF896WfmHEKzklFKQdLw="}},"uGORf/HhJrzYSaru8cWvefrLxX7nOm62DRbPMM4G8n4=":{"valueMac":{"type":"Buffer","data":"7LN3r/XZjBqR/HZAB5DD3swIoVUP2ujqxkwZgd0+R8g="}},"uJjrHgYVEKBEJdx2PRmB0f+rOYKtRN9AZ/Pl2ZoDhps=":{"valueMac":{"type":"Buffer","data":"z9u255aFT8kNCKU/LYldu84Q3Fkv4fHREeznnatQRmo="}},"ujbiNRi5twojg7a7aIy0/e7KHFmt68mXNphj6gFnfew=":{"valueMac":{"type":"Buffer","data":"zZ+3mVMpCG5BZs0Uea5CNwgax3A1vMRUv2OdaMcTgx8="}},"umIZGJeklDKXnwUFca+8UtjqQliR+gotzuuy5IuaxG0=":{"valueMac":{"type":"Buffer","data":"Xwqukihrsiffu4Z9VFE3pr5PC7b5HrlyJU0xV42rcFs="}},"v/f3hm0597xSk2V7aShIoMV6WUoecYjHBe1EWQjZz5g=":{"valueMac":{"type":"Buffer","data":"F6Urq3sW5VAgRSJjdEYrfRA4Wlr6HhYVHGhExAh/NB8="}},"wXKOb4HfPbhIRN+tuYt+lMcMsy4gCZDiIs3N12a4xpw=":{"valueMac":{"type":"Buffer","data":"qfn6cNaw8byru3uYl432VB7fktvkCymshagb+oW1AT0="}},"ws382r6iGwAfsVFoJ4mE8UkUh6UuFff5iTbouJ27T7M=":{"valueMac":{"type":"Buffer","data":"5mTprXdsv8aEEII1cgntEVsOxGkc6DJRFTNLpiV+Fnw="}},"wzT43trYtSBLwKMF3mnXFMpPAxb3K37EtIkwvYTszBY=":{"valueMac":{"type":"Buffer","data":"MUsQqMx1ubuc8YICbhLnqUsPXeV4w1bISxn+7p8vbzA="}},"w5qUaaX4jNhnAQXSVTwj1dCbGM2kw6YEiUZtckpyEwY=":{"valueMac":{"type":"Buffer","data":"2havc3rtPEkBTRFNaKnM74UZDCTbc2aKSbvEcjDxFCo="}},"xtCWhQ91bZRC06jH8Vb/Wqh3sEXB2gcWi0n0qkNg9+A=":{"valueMac":{"type":"Buffer","data":"fNfFdJ4dR4kb5SeKStS4k1w8fFnuXTBKqCBhYPBYbSo="}},"x0gm2ZKarSO6CDw5wDmjsnQ8/oBx5y7o7hdygfUWoWQ=":{"valueMac":{"type":"Buffer","data":"lhA1f1QuIq/uwxtFfvl2fzdTvWm4ttNLsCZKAywl4wg="}},"yOrlyOsJ41eRE0y4UPdGLXf5BsJ8dwh86GNS3VeYkFQ=":{"valueMac":{"type":"Buffer","data":"Dnb7mYNkZO5Y9bpnrmM+TJnKUoLyW04/+pV3tAvL5H0="}},"ybANuVq0jir3T/HXC8RpNM2op/2kzbrb/hOtIvUQd+g=":{"valueMac":{"type":"Buffer","data":"o+Z1TDxhTNZyniPX7AriJ/lH7/aTbHJWWrfz2ZVixJo="}},"yyn1EBv8p8E/R3o0ALGsb8pGcAqWPN9cMWkTKD1qvkU=":{"valueMac":{"type":"Buffer","data":"5pVa68+aKolnSEEVTXBbG57EsMvNdzs54gAOlLLQoFk="}},"zNgc+9F8Z5Da+XA/2TEWd8BCTieEGpvAxJFQmpFlJKg=":{"valueMac":{"type":"Buffer","data":"uqZXqWUcH2EoQthm1/H2lKwIDMRXAGI2OAOtCuWxoI8="}},"zXuSzgb8Mis+0vrWEVUDjbMD43L0X2AAfDFUn6cUNiA=":{"valueMac":{"type":"Buffer","data":"suXm5jQCC37v0u4sByVLBMHP048UQyTz/bwKdvDhGbA="}},"zglW5ClZ0i9uOzDSLwFvkCR22/q3vfvzbSxnKdvbLHA=":{"valueMac":{"type":"Buffer","data":"r8L5qTfrboAAuMM8bxhfe21kWEbKgCWPxlUFSo5bi2M="}},"0Ai7+RJkh7Sj5mV4ctw2p4aQSomB2+zWP/C19SboB44=":{"valueMac":{"type":"Buffer","data":"igj5ZUI7FHem0oo2CMAXMAnJLO7BFXeHVIHAs5HYQs8="}},"0UUWC7XywZ7x9uqj5a7YM+GKLFDhUzi0W7Rxu/3oHVs=":{"valueMac":{"type":"Buffer","data":"ahkI9MGkz5PiiAiOh1lBdwNcdAugjJlXwnJ1hsPpxFM="}},"0eOKTme7hCV9zLESXAcCy3AXiu5Ir+4OkHuAc2VMZrs=":{"valueMac":{"type":"Buffer","data":"L/YgOvjlMB250JZChKlqkVvH47PZAQ7b41vWmXd08lU="}},"2haeCZvOcnZaY4OBxVk5wREAVlid/gvZiWWj/T2uu6U=":{"valueMac":{"type":"Buffer","data":"Ny2s2Joj6EJLRn09L7SkWFRul36rGU4bhDM97uzqS3U="}},"2zDgQxO06M2DbF9xlhz6flXDkSWyW+9xaBrV5greOW4=":{"valueMac":{"type":"Buffer","data":"XzF/X825aEr9hHYJ+CQJMjFEA8h6C/WKfi6xaAt7/WI="}},"3BtbyDuyoV8EiwXfx7LKYJkO2ASALjjZUeBcdmTG8ec=":{"valueMac":{"type":"Buffer","data":"1HlSkS68ITSjJJlVFCWxV+tc/qj5nXXVyawttbd9mLw="}},"3U1gll6g4HF9qHzvHFiH89RAXm5scdUWlUW1u7HJPwY=":{"valueMac":{"type":"Buffer","data":"CWyAJJyN7DIAHHFxr3VwE6ugV39JQmFfFQOIP/J6LMQ="}},"4MQTdcLtDl7JrnDJbNPzKhJ8T0O8/1GepgxMcsTTeuE=":{"valueMac":{"type":"Buffer","data":"7qSp0Tjoq310NpUUw6DlompwfcBLeTnOow7K/ZJFLdQ="}},"5g+9kfjSghOewrLCDiPkj+FBJHRvwTwbrSXGUe2LT0k=":{"valueMac":{"type":"Buffer","data":"Z3dgwQBKh1MMYM406DiPNmGFbvZXY+R8+/SHZAhuYLU="}},"5yttzacfsmAISRvm+9fQH0UU9AkbmcAiC4xsi4UmCsI=":{"valueMac":{"type":"Buffer","data":"SrKbLh+GYdj/bgSXuSLEaV2T6PlzRhg11Okss5pUnEE="}},"5/J5f2KJiNYk/Uw8/djNSRvUnPE0DT32IdKKjMnq35Q=":{"valueMac":{"type":"Buffer","data":"GlVSs0jrnkChvVhRIOXq0+aRMJ1qA3F5xw5kDamiY5M="}},"6BYDHtEN+X0jOTGFnJuEFDp5goRtQsZk1JxjALyOL0I=":{"valueMac":{"type":"Buffer","data":"Lx02gujvkrVt18Vq+BeQi7wvbn2cfkenGQG9g4pfsFw="}},"6FTC8mayc+/DCuIwg9Kk/8zlJ5gNb8MMsTzEHvBeROs=":{"valueMac":{"type":"Buffer","data":"jrjJTu8HrYNIELpLr34dCmuRrtwta60EqV19hEuEJuQ="}},"653XEI6ITJxMxtQyngFK5YBhrJN4fxuVol3wBvprd78=":{"valueMac":{"type":"Buffer","data":"F8xA7WBchB1dqiF4x1sA1RiIODCwxfSod8mJrWmQ6QI="}},"7IsEIgHmwIwkuHLU8nPapPhLly5u0t2HRIm+9+7LjV4=":{"valueMac":{"type":"Buffer","data":"Z2T4Pib02+UMDagfce030Zic0LGBpIphRpEkxSyY8tU="}},"7h5+yWG4NHeVynxoh8YouSmQk5dFLVxFBjkuv8nYi4c=":{"valueMac":{"type":"Buffer","data":"wprDSi0MUEEuweUGz5xQXa8st22AFY1aS/ZvWTHuILI="}},"7kj/QAfh6KtISLJFPhdEzONr9dzJX2oWkbfrEqRr24U=":{"valueMac":{"type":"Buffer","data":"rK0n5O//+DR6aSDUSPUeV90W4/8sny2y3hSNmH5aKQk="}},"7oWS8dvsTISnDR9xDghWO1o//JS0dpjNRJbnguft290=":{"valueMac":{"type":"Buffer","data":"wlxRVFOOJ4WEQbDzdFVrbJaKJyq0RQGN7YJwQ/whqr0="}},"7x7E7/Pr9Nh7cW+z8ZvK2aC4azbSX/C/8gGwYmbnSc0=":{"valueMac":{"type":"Buffer","data":"19MH1B28WMeVEoSnWxyUCevKZlKKTjTHs52lYheCviE="}},"8hEAwGotKU+iHffkxm75jr8vaHkbl8vSvA7nklzHTu0=":{"valueMac":{"type":"Buffer","data":"uoKTweyNjUL1GjBL2oCq00JcQYBjznX9h6BqjGDm5kE="}},"8k08nZDTrS1jOtQzUCtLg+qmE1+9gz554QlZ2JUdojU=":{"valueMac":{"type":"Buffer","data":"4UTNS4VG8fJoV8ZBwiKb551osNXKyCHLOj67HjkL0yI="}},"8qfS8jThAq+VpoDIARripLgThLkFXltPedtdELVoi7s=":{"valueMac":{"type":"Buffer","data":"TvRuSy69N3YHMBN9ZgOdLiDhwMC8/Nx17ONkH9I71r4="}},"9LtKFD87ime6IWGUN3rUgZsdSzhrnHHLw98PILSkSak=":{"valueMac":{"type":"Buffer","data":"3Tt5O2+t3BOU2WR06AMcJ4xXso1mMVvL62lGcfsO6OM="}},"94GLyPzRwy9OlpAIeG/OZr50TE30Y8HBB0zMZECy+Zo=":{"valueMac":{"type":"Buffer","data":"SpmSrwQx/Rb7aiKt7qWQyKesz74gCkURoISs18/eFZU="}},"+JPdZ8NARzVlo+rnxvmJ2u2O3CuEJFNXFc55cESK5e4=":{"valueMac":{"type":"Buffer","data":"vGcxI31tKqGW6rg1HaFftRPnuUFaFR3oRyF3Rqpbqm8="}},"+R3fVJJ9jnUkKrUfXuplbMr4yBe1Fl1zkXXVAP/tf+A=":{"valueMac":{"type":"Buffer","data":"RdI89HZTKETfaBu0Lzye25nrODpYpqyzj0jNdmRaoRs="}},"/IKokCATvBotzqgDaCGb4kn6fBHrpClsMTk2kZPUweM=":{"valueMac":{"type":"Buffer","data":"duTkC6V29dI847MzGjetXKf+OepiFUZcRLhVpX/rgfY="}},"/VzAvyC/rWwBRcvzg+RrMGvepy9/Nq6XuHirezM0Yb4=":{"valueMac":{"type":"Buffer","data":"k9dL/2okVj3pLeWMBNYL97IshvKImdQ4pmgohhjdabc="}},"/5J1ha+ilvXL9dAJsYjRmRKAe8N63rBwWLs+t94aqZY=":{"valueMac":{"type":"Buffer","data":"8R01Z8bOmWuLvTJid7HL3swY46NhS4Z7BzfmkNH1RZE="}},"7PPHcIHOPYm+iSSJIBgYWT/ojksJIjaG9Mexv34dDO0=":{"valueMac":{"type":"Buffer","data":"I4TzrH3s+XSNN05ax374xRKQ4p2HM2W5/RW8pfRf7Dk="}},"7w0KAEYwkTBvZtrv6ho+GbjKe4BT90iyvArbVPy2AWc=":{"valueMac":{"type":"Buffer","data":"xtNyHBHmjwXGMp9FjF2NS51WX/pMmPgw0bwpvdQLb0g="}}}}