{"noiseKey":{"private":{"type":"Buffer","data":"cFybwPU6X/Og5JlzmkIcCQnwpW1qwMGAlKwy8lV102s="},"public":{"type":"Buffer","data":"o5AjNztV+VMb7Zwhg6gay1p2oDDeD0v+iAkpVWUIaVs="}},"signedIdentityKey":{"private":{"type":"Buffer","data":"0KruVhD/qFyJW0MDdyjiqRGqD5Cr8B5BcXfKChhLAHE="},"public":{"type":"Buffer","data":"jBDkqoW/5WlWWIatl9qfTqLmd5G3ta2mc7GAzMC5UGo="}},"signedPreKey":{"keyPair":{"private":{"type":"Buffer","data":"8F1kONqQeZJ1XuDaiSJ10+ztPRxEF0N3PSDqW4gm8Wg="},"public":{"type":"Buffer","data":"31ApLU8HAcGVZbXOxk1e3+A4wQYtnhkieenmex3b6xk="}},"signature":{"type":"Buffer","data":"stPuHq5JPyW5VwPBjf9CY8gsNOw/luXbSlHXpivvvsdstqfXgC+18WTTvJWQL3uxVzF9PwS1pj9e3AkL017nBg=="},"keyId":1},"registrationId":56,"advSecretKey":"LJHfdUWtPEJ5Q9DwgPsPeSA4WkRLvY+Ew0bqKefu8G8=","processedHistoryMessages":[{"key":{"remoteJid":"62895321624361@s.whatsapp.net","fromMe":true,"id":"CA23D0D4A3D8917F283C1365C1F8EA90"},"messageTimestamp":1688110926},{"key":{"remoteJid":"62895321624361@s.whatsapp.net","fromMe":true,"id":"B5FEF7B2E0B220B8FF8475E2ABAB76CE"},"messageTimestamp":1688110927}],"nextPreKeyId":31,"firstUnuploadedPreKeyId":31,"accountSyncCounter":1,"accountSettings":{"unarchiveChats":false},"deviceId":"3hw7S7mpR9qUWuCM--YtDQ","phoneId":"3bafd257-e649-4059-b86e-3393af4dd5ae","identityId":{"type":"Buffer","data":"uiT9SmDpE7SMQgK8Ypdn8oFH4rM="},"registered":false,"backupToken":{"type":"Buffer","data":"e1dx8L6Xm31i1j4POmFVQi4tWwI="},"registration":{},"account":{"details":"CNHNl5EBEMSO+qQGGAg=","accountSignatureKey":"RzuOmqS/PcwuAy0DphwogBiTjlSyFqEWatcxW7kwDHE=","accountSignature":"Y3FjiB8b12eheLNnq0gS7UWQJMP7byogQCqPKCDGMo6wpIvcyOpGEsTn0tg9jNufl2I7K9k+AIAmuJqxl2y6BQ==","deviceSignature":"GPf6KrdhkwTlKtbT1h4ARTSrPa9A1mtyOt4XM34p2h9hz5nr6YFJWjD0yqOHfN5A/0kqByBISs+qFWQrjJX7BQ=="},"me":{"id":"62895321624361:15@s.whatsapp.net","jid":"62895321624361@s.whatsapp.net","name":"."},"signalIdentities":[{"identifier":{"name":"62895321624361:15@s.whatsapp.net","deviceId":0},"identifierKey":{"type":"Buffer","data":"BUc7jpqkvz3MLgMtA6YcKIAYk45UshahFmrXMVu5MAxx"}}],"platform":"android","lastAccountSyncTimestamp":1688111064,"myAppStateKeyId":"AAAAAIPT"}