{"_sessions":{"BWy3EcoFJ41gA5Ce6abHoqQrm1eIq34lcgpMT+ZxnXkm":{"registrationId":1087573665,"currentRatchet":{"ephemeralKeyPair":{"pubKey":"BW5WrFXKj/tNPW3jmJzFCljc1Mixtny7XUK1EjlXCDUR","privKey":"aAzfDzr3JFVXwr2JRKPoAjXqEYLr9JL7VbXniNL+pmI="},"lastRemoteEphemeralKey":"BfTKm/YlBmMIo0kUc2MCSxwg2X4dvYYspNV7/WqFVHsR","previousCounter":0,"rootKey":"c+RxXYWBxL8N2zjoSe7x9NZgdwNIooeJKEUzMh0fk1I="},"indexInfo":{"baseKey":"BWy3EcoFJ41gA5Ce6abHoqQrm1eIq34lcgpMT+ZxnXkm","baseKeyType":1,"closed":-1,"used":1688113169976,"created":1688113169976,"remoteIdentityKey":"BXSf/PjAzEDpmfELduXq/P4ZlQSG+4BXTPSxLHI6TOw3"},"_chains":{"BW5WrFXKj/tNPW3jmJzFCljc1Mixtny7XUK1EjlXCDUR":{"chainKey":{"counter":0,"key":"C4mayN0nndGQ/rCM9iYItidGxvL1XZ2YJDsfcH23IRs="},"chainType":1,"messageKeys":{}}},"pendingPreKey":{"signedKeyId":1,"baseKey":"BWy3EcoFJ41gA5Ce6abHoqQrm1eIq34lcgpMT+ZxnXkm","preKeyId":11094039}}},"version":"v1"}