{"_sessions":{"BdPX52B4CTKQWswm8gs1b88kgqaKEyvX6xgVXoXZYY07":{"registrationId":830047918,"currentRatchet":{"ephemeralKeyPair":{"pubKey":"BRji1gjaz9vm1VkCSuzIbdMCAxuSgX/FLuNWLUPM3d5d","privKey":"IKHZYcvV3hspPIQpp6da8+AbUHaIwNormM4Y9NhXEG0="},"lastRemoteEphemeralKey":"BbvrjH5Otf4oPzNkIes3BqIidz5cPADtK+SaFB3Fv2o3","previousCounter":0,"rootKey":"OvqUlJUFYygnsnCvCkCocDjgZnSsOnMO/QzjXFAFEbE="},"indexInfo":{"baseKey":"BdPX52B4CTKQWswm8gs1b88kgqaKEyvX6xgVXoXZYY07","baseKeyType":1,"closed":-1,"used":1688113169624,"created":1688113169624,"remoteIdentityKey":"BfDIK3/oxRM8v3oWDUHvf6B3uffrI75LO8mUbJKofs49"},"_chains":{"BRji1gjaz9vm1VkCSuzIbdMCAxuSgX/FLuNWLUPM3d5d":{"chainKey":{"counter":0,"key":"/8Kaw8gKKxjSCJME9npaeufXzZvt5HH/JNrrCMx0k/k="},"chainType":1,"messageKeys":{}}},"pendingPreKey":{"signedKeyId":8,"baseKey":"BdPX52B4CTKQWswm8gs1b88kgqaKEyvX6xgVXoXZYY07","preKeyId":4905964}}},"version":"v1"}