{"_sessions":{"BfNoTQz28ICQfFWBhJkE0Tk1J1tcvQkprlyYWgWDF/gA":{"registrationId":559847514,"currentRatchet":{"ephemeralKeyPair":{"pubKey":"BbyvpHFTHBKFM71zBujc5oPA30s+9bZ8FcXe9IzSvbMB","privKey":"CDvPwIE8ghL3LaD6V3Do4G6xz4kVodKRHFE5SenhHn8="},"lastRemoteEphemeralKey":"BWHMUC3MCfyfhopYsoKVEhCqb679ZZh3NezZgUtAEzAA","previousCounter":0,"rootKey":"CrDKmUtB8ZXATr6XoOgQkBamzH86NvFVUhiLCsQ/QSg="},"indexInfo":{"baseKey":"BfNoTQz28ICQfFWBhJkE0Tk1J1tcvQkprlyYWgWDF/gA","baseKeyType":1,"closed":-1,"used":1688113170752,"created":1688113170752,"remoteIdentityKey":"BXIrAEju1TlOS/8ZBn1DD1zW7FzQZgEZdYUxwfU4YcJb"},"_chains":{"BbyvpHFTHBKFM71zBujc5oPA30s+9bZ8FcXe9IzSvbMB":{"chainKey":{"counter":0,"key":"QRbFtqhircintC2CzaGlI8nh7q7ntSuVhX8+GWe8120="},"chainType":1,"messageKeys":{}}},"pendingPreKey":{"signedKeyId":1,"baseKey":"BfNoTQz28ICQfFWBhJkE0Tk1J1tcvQkprlyYWgWDF/gA","preKeyId":467221}}},"version":"v1"}