{"_sessions":{"BYaYy50RAYm+VLHB3KyoSute/YOfwQ1hK2+9DmIyDaJ7":{"registrationId":1364053927,"currentRatchet":{"ephemeralKeyPair":{"pubKey":"BZ9DBdcQUwPqlonjm7PqkUOQMtpS8D5COP3GDS8XRPBF","privKey":"iBriLL/mwVZ0dMNSItr8VU+7OM9chP+O4YYvrcw2KHY="},"lastRemoteEphemeralKey":"BYDBZcCkxTliljwE2K8KSi311+7YLD3QLQV/6bhSLKxE","previousCounter":0,"rootKey":"O9PObaErkQkwOkb9Byye4eOyGQbJWZEB1ETRZG31C0Q="},"indexInfo":{"baseKey":"BYaYy50RAYm+VLHB3KyoSute/YOfwQ1hK2+9DmIyDaJ7","baseKeyType":1,"closed":-1,"used":1688113170211,"created":1688113170211,"remoteIdentityKey":"BV14UUiUyBmMmulDW181OrDU11Z7qxbIqZ1BevbM+Hcu"},"_chains":{"BZ9DBdcQUwPqlonjm7PqkUOQMtpS8D5COP3GDS8XRPBF":{"chainKey":{"counter":0,"key":"n96q0j/JmyEdHt2Vgc0vpJe3Fons13t2IW2UDkMurgM="},"chainType":1,"messageKeys":{}}},"pendingPreKey":{"signedKeyId":2,"baseKey":"BYaYy50RAYm+VLHB3KyoSute/YOfwQ1hK2+9DmIyDaJ7","preKeyId":15602497}}},"version":"v1"}