{"_sessions":{"BQeh1WueYlTZBVJ1hUxCpmGTjVX8qDjd6lb9L03eQ11A":{"registrationId":2145605490,"currentRatchet":{"ephemeralKeyPair":{"pubKey":"BZH3PY+i1Q87xHTCrOzxSB36QeZ1FvBJOERNKFYUAbEU","privKey":"2Jv9wQjKzaqhjTuZRDVxeT1QQ4A+FJ2Lm9+sKaCrg1M="},"lastRemoteEphemeralKey":"BULsnoETIOdnrdAdeiczyeItU3wMohGgq3JMHfMdqiEc","previousCounter":0,"rootKey":"fgkps91aE2AlT9JdfxWWI9njFX7OCD1J9vREruIpLRE="},"indexInfo":{"baseKey":"BQeh1WueYlTZBVJ1hUxCpmGTjVX8qDjd6lb9L03eQ11A","baseKeyType":1,"closed":-1,"used":1688113170115,"created":1688113170115,"remoteIdentityKey":"BRrNrIatLhguaQ+QGbmVcfbK6FRQ2iXbOmSrR9ScCXgo"},"_chains":{"BZH3PY+i1Q87xHTCrOzxSB36QeZ1FvBJOERNKFYUAbEU":{"chainKey":{"counter":0,"key":"+L4lkP962u1oJ0QsJnTVkFSXbJqEypAe4PC1Dh53gOw="},"chainType":1,"messageKeys":{}}},"pendingPreKey":{"signedKeyId":1,"baseKey":"BQeh1WueYlTZBVJ1hUxCpmGTjVX8qDjd6lb9L03eQ11A","preKeyId":15409405}}},"version":"v1"}