{"_sessions":{"BX78yXNNpt84DkvPHiue0FfIwJu9vdKXlII1FlKBIJxP":{"registrationId":669903694,"currentRatchet":{"ephemeralKeyPair":{"pubKey":"Be80d9v4ed8RaVbc3nJmGrBk/ZfGznpKlrN/ZXscsaN4","privKey":"6LraVAegVK9mmyPP/YpAN7VA1Lc/LPmhcgAh/VwrBHU="},"lastRemoteEphemeralKey":"BUNynaHOZHwVZRY1njKgxF9yPXuNCYyeN0ZS/BjyBJMO","previousCounter":0,"rootKey":"8KdSDnSKV50wY8zSi9wkG6IE9itYoKRxGAcAVzTqj4c="},"indexInfo":{"baseKey":"BX78yXNNpt84DkvPHiue0FfIwJu9vdKXlII1FlKBIJxP","baseKeyType":1,"closed":-1,"used":1688113170142,"created":1688113170142,"remoteIdentityKey":"Bd+T9k/AngB/Hrekbb3NEEKQtTlF0T4geCFSpabrkqI0"},"_chains":{"Be80d9v4ed8RaVbc3nJmGrBk/ZfGznpKlrN/ZXscsaN4":{"chainKey":{"counter":0,"key":"6NxNqrsTHw5gk8jxQ9G/n5D2/k/A47xUq0gTVh1sLI0="},"chainType":1,"messageKeys":{}}},"pendingPreKey":{"signedKeyId":4,"baseKey":"BX78yXNNpt84DkvPHiue0FfIwJu9vdKXlII1FlKBIJxP","preKeyId":9499353}}},"version":"v1"}