{"_sessions":{"BU6wBlRJYlT1+vcNoWx+r1XK5PvPKgMfaSpZvYKslLBQ":{"registrationId":1577067796,"currentRatchet":{"ephemeralKeyPair":{"pubKey":"BRPZM2XYPwm8ZBeWAm0ajlGgUPNjzjFtZeMmhghNNDxw","privKey":"AIfcItxDXKtwSpXTYXXf1huTTHzNUXOX5QMu9keda2k="},"lastRemoteEphemeralKey":"BX4fItMt9OkXg2bCuQyDgPrFN+16InSlFI5CjrFHX318","previousCounter":0,"rootKey":"M5ZevWK6drNDdjPIiMQL+XPeWvOoNE5Fu3qsLAVeLs4="},"indexInfo":{"baseKey":"BU6wBlRJYlT1+vcNoWx+r1XK5PvPKgMfaSpZvYKslLBQ","baseKeyType":1,"closed":-1,"used":1688113170607,"created":1688113170607,"remoteIdentityKey":"BeLQmmcff22Gd7989DkP3fIyRzJrirMzowcRU7hnatpn"},"_chains":{"BRPZM2XYPwm8ZBeWAm0ajlGgUPNjzjFtZeMmhghNNDxw":{"chainKey":{"counter":0,"key":"SmTYQWLRqsuxxFRLf7m00ABLERRl1CWWN4QTO73v2rA="},"chainType":1,"messageKeys":{}}},"pendingPreKey":{"signedKeyId":0,"baseKey":"BU6wBlRJYlT1+vcNoWx+r1XK5PvPKgMfaSpZvYKslLBQ","preKeyId":3407571}}},"version":"v1"}