{"_sessions":{"BU6DOJFtP+qgV+ViVs10HSu784geBAZWImE9n4gE+ZcY":{"registrationId":98,"currentRatchet":{"ephemeralKeyPair":{"pubKey":"BZFSBIBnZ79rzVZ1zsk5oVu+PQA16auo5giQDUNdVId2","privKey":"OEOi/DhvZmyyqppzcU+u6Z7/aVURub2HNkRwHkQHfko="},"lastRemoteEphemeralKey":"BTys50IiA5wsEk+JObidz20KYF8SlB18S0j22OdW/Zds","previousCounter":0,"rootKey":"IaQ2Ew30GtCBL7WQsSWKYSjUMPv7bn8oRyts5is5kek="},"indexInfo":{"baseKey":"BU6DOJFtP+qgV+ViVs10HSu784geBAZWImE9n4gE+ZcY","baseKeyType":1,"closed":-1,"used":1688113169284,"created":1688113169284,"remoteIdentityKey":"BcrDUR0DHAR08c2rwxBDM9GGwGQESZlsJ+0PTsqGEIdy"},"_chains":{"BZFSBIBnZ79rzVZ1zsk5oVu+PQA16auo5giQDUNdVId2":{"chainKey":{"counter":0,"key":"OjtZTe0N1VZauPBmKkPyTLN4wevg9ts3dq0K3bOQO7Q="},"chainType":1,"messageKeys":{}}},"pendingPreKey":{"signedKeyId":1,"baseKey":"BU6DOJFtP+qgV+ViVs10HSu784geBAZWImE9n4gE+ZcY"}}},"version":"v1"}