{"_sessions":{"BYt+JPWaSFwXTXGrxO0ufmzPg8KJvZj5oIaTKwYKDgtQ":{"registrationId":847195049,"currentRatchet":{"ephemeralKeyPair":{"pubKey":"BQeYt3toIwk92/O0QTotXlzg8hBO7RPmIfhIFYQYOsBd","privKey":"8PWaOiotdXxj575MBED2wPtrrTyknUjTZOcF28mW2mA="},"lastRemoteEphemeralKey":"BbiWBRWM7s78t0LDpQFho6Xfe0cjjNvVzuH15SIHg50g","previousCounter":0,"rootKey":"ehXTrZ02PIR17QQY1vI5JPGWGk8gLLiYs/aw/knT4U4="},"indexInfo":{"baseKey":"BYt+JPWaSFwXTXGrxO0ufmzPg8KJvZj5oIaTKwYKDgtQ","baseKeyType":1,"closed":-1,"used":1688113170438,"created":1688113170438,"remoteIdentityKey":"BQexPaJh51EgXDwLjLUwVZBQGwr9KpSHm7AVOMrWTPJK"},"_chains":{"BQeYt3toIwk92/O0QTotXlzg8hBO7RPmIfhIFYQYOsBd":{"chainKey":{"counter":0,"key":"fzEtnLY4GnrLFLg8xfK6pTnbmYUO5W306aeRJQoVKZk="},"chainType":1,"messageKeys":{}}},"pendingPreKey":{"signedKeyId":5,"baseKey":"BYt+JPWaSFwXTXGrxO0ufmzPg8KJvZj5oIaTKwYKDgtQ","preKeyId":6879961}}},"version":"v1"}