{"_sessions":{"BTg335CU12fpDVpcml0uRcKv6sYl+JqtLXQ0CrvYf7lz":{"registrationId":1458205969,"currentRatchet":{"ephemeralKeyPair":{"pubKey":"BdGgz1yuxznJCI+wAG0pNTiZBg/ABznjAGdpafKViNNn","privKey":"KJGuVwaauWLEvHHE/4OlfyyOe5ybUKGLq/2JeIw8lUU="},"lastRemoteEphemeralKey":"BY+a0xFWbt839qwaPrDM8tsXo4JevhUCTXpbzMFB5oFA","previousCounter":0,"rootKey":"ugvRUGLiWfd/zmL+vHVyLJCBgTr+ADaX2BjnHPW2fQg="},"indexInfo":{"baseKey":"BTg335CU12fpDVpcml0uRcKv6sYl+JqtLXQ0CrvYf7lz","baseKeyType":1,"closed":-1,"used":1688113170526,"created":1688113170526,"remoteIdentityKey":"BUy4eJ9zGgcTkiiEm0RN1oSlLEKlF4yka4PiOpf7Fago"},"_chains":{"BdGgz1yuxznJCI+wAG0pNTiZBg/ABznjAGdpafKViNNn":{"chainKey":{"counter":0,"key":"N8AACLcxpXZLyXAN3TgOuSBE4IbQHyOC+LLLTyFgOGI="},"chainType":1,"messageKeys":{}}},"pendingPreKey":{"signedKeyId":4,"baseKey":"BTg335CU12fpDVpcml0uRcKv6sYl+JqtLXQ0CrvYf7lz","preKeyId":13586949}}},"version":"v1"}