{"_sessions":{"BfZyiQvAzUkrwROgKijpUywQgSGBvMS70RTF4v/4SkNb":{"registrationId":1689247437,"currentRatchet":{"ephemeralKeyPair":{"pubKey":"BeUB5V95+/f2udhQ8NIKhOrVz1yB3t/F6RAOXTY7Tjsn","privKey":"UPU7i5w4qliM3Cxy/6Px1794FJnsrG8UCdb5wJiiJnE="},"lastRemoteEphemeralKey":"BXmA635gBT7hKPJcA8GsBfpnx9EC98lZfeQdWSiodS4T","previousCounter":0,"rootKey":"qhDp4sdXWNmT0+SfKeCl2yizrR8DFFh5rw04SGN9QAs="},"indexInfo":{"baseKey":"BfZyiQvAzUkrwROgKijpUywQgSGBvMS70RTF4v/4SkNb","baseKeyType":1,"closed":-1,"used":1688113170920,"created":1688113170920,"remoteIdentityKey":"BWaOVqlmmdbhuuKQRjUdE/+6psdv3a1Sd/869vZ9znUd"},"_chains":{"BeUB5V95+/f2udhQ8NIKhOrVz1yB3t/F6RAOXTY7Tjsn":{"chainKey":{"counter":0,"key":"jIJe4qKShdNv+wcjeIO4rzcRH/ZHl//pRDBNHXzqokg="},"chainType":1,"messageKeys":{}}},"pendingPreKey":{"signedKeyId":3,"baseKey":"BfZyiQvAzUkrwROgKijpUywQgSGBvMS70RTF4v/4SkNb","preKeyId":16252313}}},"version":"v1"}