{"_sessions":{"BQIHJw8ractVlTUsZnOUCvJbAFc6xO6PjXO8dZ2PFGRh":{"registrationId":1261484543,"currentRatchet":{"ephemeralKeyPair":{"pubKey":"BVGQtTXsZD40cPPXp9TVdoU24XEAsoEI3CQOHuWGbsRG","privKey":"aLUxkScnCvwOznsY6KnVSSoXU3W/C26GjT4kFzHuDkg="},"lastRemoteEphemeralKey":"BRXLJPC4u6Zj8XbDhocoUKEFuuHlb2li6awvZXqoGZw3","previousCounter":0,"rootKey":"lwoNg/86ZLuGsG1XG0XIjosmp2tvgStgb8zhdD6iVlA="},"indexInfo":{"baseKey":"BQIHJw8ractVlTUsZnOUCvJbAFc6xO6PjXO8dZ2PFGRh","baseKeyType":1,"closed":-1,"used":1688113170161,"created":1688113170161,"remoteIdentityKey":"BZgHBrxhewoHsK3hKlufK/Z4nxJt/sUlp9CCSd34O4UA"},"_chains":{"BVGQtTXsZD40cPPXp9TVdoU24XEAsoEI3CQOHuWGbsRG":{"chainKey":{"counter":0,"key":"gKoI/GdcnikcbowK35FZZz9ISzkpxMlKo0URokOLKj4="},"chainType":1,"messageKeys":{}}},"pendingPreKey":{"signedKeyId":1,"baseKey":"BQIHJw8ractVlTUsZnOUCvJbAFc6xO6PjXO8dZ2PFGRh"}}},"version":"v1"}