{"_sessions":{"BZtxUL/2pJFNqZCQ/zMXUhP8On20EWFOjvNv3tMaCmgT":{"registrationId":778226288,"currentRatchet":{"ephemeralKeyPair":{"pubKey":"BcYthvspKH74kknTUJeFDpNT7SS6MG+EcPdaRkxQfbZL","privKey":"aNTQBzvgBlZZEdAKPDsYRO4Lxzu0Z/Dxlu7Jt54td3Y="},"lastRemoteEphemeralKey":"BZjgnRF3plKbqi1074/JBCUAJyUjEt7Wjd9ImfC5Zc8u","previousCounter":0,"rootKey":"6a38KpiIAhGY3cTfzwL+JepnsACWROSMHeY3sd7gSxw="},"indexInfo":{"baseKey":"BZtxUL/2pJFNqZCQ/zMXUhP8On20EWFOjvNv3tMaCmgT","baseKeyType":1,"closed":-1,"used":1688113169813,"created":1688113169813,"remoteIdentityKey":"BXI3MKHYhIX+0oC8jt7S6ix618iMydBygMk83PorsWMR"},"_chains":{"BcYthvspKH74kknTUJeFDpNT7SS6MG+EcPdaRkxQfbZL":{"chainKey":{"counter":0,"key":"DaONXwMd72PrHKooLLR1M5tlJ8AXw3Nj1a1TcA4ZF9c="},"chainType":1,"messageKeys":{}}},"pendingPreKey":{"signedKeyId":1,"baseKey":"BZtxUL/2pJFNqZCQ/zMXUhP8On20EWFOjvNv3tMaCmgT","preKeyId":2680849}}},"version":"v1"}