{"_sessions":{"BX3xkuYVHhi4tk1PLFennHe2UlV5zUGbRr9jDdpZkrdm":{"registrationId":2033918913,"currentRatchet":{"ephemeralKeyPair":{"pubKey":"BVL1DIrI0yl4F1WMe45hyJxZyz4bTd/Sc6GTK1B60fwV","privKey":"OFR2uq+zz8Cdi4Z+n+F0gjAcDaifXi0uwnLPw0o6G3E="},"lastRemoteEphemeralKey":"BT+PbuDB0LU28CFeqP7ozh5M8JysTrPWqg3Cff/w8Jgh","previousCounter":0,"rootKey":"VToTsgkrYnbjjVetqrSO3CJsPp0tSpG/qe3FiylWbbM="},"indexInfo":{"baseKey":"BX3xkuYVHhi4tk1PLFennHe2UlV5zUGbRr9jDdpZkrdm","baseKeyType":1,"closed":-1,"used":1688113170645,"created":1688113170645,"remoteIdentityKey":"BfpPKLZzMGkjhqLTIDnmDKG96EuPMl/UcmqTPSBGjdEF"},"_chains":{"BVL1DIrI0yl4F1WMe45hyJxZyz4bTd/Sc6GTK1B60fwV":{"chainKey":{"counter":0,"key":"BY8b0EiqsaUsxH1M5rLEcySNzGQWbYUGpW64QJGC118="},"chainType":1,"messageKeys":{}}},"pendingPreKey":{"signedKeyId":11,"baseKey":"BX3xkuYVHhi4tk1PLFennHe2UlV5zUGbRr9jDdpZkrdm","preKeyId":411560}}},"version":"v1"}