{"_sessions":{"Beu3cWrIESxDTii7jAcf8iwIuZ79XjAD9vrQ3oA6jJIu":{"registrationId":1866250448,"currentRatchet":{"ephemeralKeyPair":{"pubKey":"BbGhdorWHsBK7ebFUmXajvCxkGIDVgjc1nt6WlTU+9Aa","privKey":"yBQ3uZSjI7/vuPGv30XXfUpjm/wL4uWFt4Qf3/H+63w="},"lastRemoteEphemeralKey":"BVuQ8BVsl0tbrgQ9EprVwq76B2gYHkZLfXgGhC3OHo8K","previousCounter":0,"rootKey":"20tDmrIIVpCb5SV1/8cy86RsGeq44vj2du2lXVmpxF4="},"indexInfo":{"baseKey":"Beu3cWrIESxDTii7jAcf8iwIuZ79XjAD9vrQ3oA6jJIu","baseKeyType":1,"closed":-1,"used":1688113169825,"created":1688113169825,"remoteIdentityKey":"BQkg2hAIPIs5lhOapnPahy3vtV5/4U+bg3YSCbqrlkR6"},"_chains":{"BbGhdorWHsBK7ebFUmXajvCxkGIDVgjc1nt6WlTU+9Aa":{"chainKey":{"counter":0,"key":"eJltrrJN1cMlWLBI6Uv5U6gXqQDW+SafClSdJek3q8g="},"chainType":1,"messageKeys":{}}},"pendingPreKey":{"signedKeyId":0,"baseKey":"Beu3cWrIESxDTii7jAcf8iwIuZ79XjAD9vrQ3oA6jJIu","preKeyId":15459446}}},"version":"v1"}