{"_sessions":{"BVHIZiuR/q7xeYyUzVvqnZnDkgvB3hDC1o9OUz0AiExa":{"registrationId":823645070,"currentRatchet":{"ephemeralKeyPair":{"pubKey":"Bfh5sDlTe8ZigrcrQE/ByNXDUI5JEWiHlUXVadkzqz4B","privKey":"YHbKUFU3D0ONFE3Y8PYTRqzeyM/MKqtM8Ma4NZ1vyWk="},"lastRemoteEphemeralKey":"BazQWUpC931Cb63Ak+hHnNeTomYTaMm0eYoDpR9agpl8","previousCounter":0,"rootKey":"NCs0OtC2WWWJx59t1cp9TmSRRkuokju8qBzSAkDpWyg="},"indexInfo":{"baseKey":"BVHIZiuR/q7xeYyUzVvqnZnDkgvB3hDC1o9OUz0AiExa","baseKeyType":1,"closed":-1,"used":1688113170086,"created":1688113170086,"remoteIdentityKey":"BfS90Yz/s4Fxl4ss1Mp++vVNGncnHgsHxDNsVLxifLwn"},"_chains":{"Bfh5sDlTe8ZigrcrQE/ByNXDUI5JEWiHlUXVadkzqz4B":{"chainKey":{"counter":0,"key":"X+9GzxzvPtxOfuecuNhE/h5IpvxMIX2fxC8pgh1FlV8="},"chainType":1,"messageKeys":{}}},"pendingPreKey":{"signedKeyId":0,"baseKey":"BVHIZiuR/q7xeYyUzVvqnZnDkgvB3hDC1o9OUz0AiExa"}}},"version":"v1"}