{"_sessions":{"BWMchJN4d3jd0UZzOvLRkCwDftACDXNdqx2n2ANLzTwH":{"registrationId":335119965,"currentRatchet":{"ephemeralKeyPair":{"pubKey":"BRniBtCxRdxlYDAvAQwOSTzVJmN8LTUb/P7S7Bsj71E2","privKey":"cN7Uo4EMFJmPtIIlm1lAYzLgPyjMiiYnj1oI5T+5VH4="},"lastRemoteEphemeralKey":"BeHpNdNcfx8/zoM0BLenY+PaLuIM1vewOtqI/THoMalG","previousCounter":0,"rootKey":"g1ySgaWRSW4J++3ZecE3H8MZhKdCEqIfVMqQJXlchRY="},"indexInfo":{"baseKey":"BWMchJN4d3jd0UZzOvLRkCwDftACDXNdqx2n2ANLzTwH","baseKeyType":1,"closed":-1,"used":1688113170799,"created":1688113170799,"remoteIdentityKey":"BX5lY5LgUVSJ2L60HPX1NCLEwa/NsZDDIvP6Ks8R2g0H"},"_chains":{"BRniBtCxRdxlYDAvAQwOSTzVJmN8LTUb/P7S7Bsj71E2":{"chainKey":{"counter":0,"key":"aylGw3ckiUYK8rOX9j2+xwARgmXoqjitX87ON2OPAHk="},"chainType":1,"messageKeys":{}}},"pendingPreKey":{"signedKeyId":4,"baseKey":"BWMchJN4d3jd0UZzOvLRkCwDftACDXNdqx2n2ANLzTwH","preKeyId":15154340}}},"version":"v1"}