{"_sessions":{"BSopIojlPrimFPrc6vTsawE+7fyZLe6iGiFwycD+Dnox":{"registrationId":196828153,"currentRatchet":{"ephemeralKeyPair":{"pubKey":"BZhTDNbaWuy002WPJ6mZfpVtLOyqgoxSZ5atJQAPB2cP","privKey":"OL+C8p44ynuGmzrGSg9idqQdpHAwmYmOdrMTyieyDVo="},"lastRemoteEphemeralKey":"BetzwHUtlf+jKoIL7+7DaLQyzsSDudbuP3iuBVuHbM1B","previousCounter":0,"rootKey":"rkKW7AFVDEuNmWXA4FT43Lcyd/F0ecY0wobloAKT3IA="},"indexInfo":{"baseKey":"BSopIojlPrimFPrc6vTsawE+7fyZLe6iGiFwycD+Dnox","baseKeyType":1,"closed":-1,"used":1688113169850,"created":1688113169850,"remoteIdentityKey":"BbdrkZY1UpGvUgbzviv7urlFZtjnnjfy9z88Nh8yxkAS"},"_chains":{"BZhTDNbaWuy002WPJ6mZfpVtLOyqgoxSZ5atJQAPB2cP":{"chainKey":{"counter":0,"key":"UuMxRJtfcW+WT1XMM4r7DLS6S2hbGgdgzGrdV0nT4V4="},"chainType":1,"messageKeys":{}}},"pendingPreKey":{"signedKeyId":4,"baseKey":"BSopIojlPrimFPrc6vTsawE+7fyZLe6iGiFwycD+Dnox","preKeyId":13950195}}},"version":"v1"}