{"_sessions":{"BXvqi3lpDzLBnhtkUc/t5pQeIba+gdX40iQAfdxjmqxV":{"registrationId":1710828312,"currentRatchet":{"ephemeralKeyPair":{"pubKey":"BWRhiR0t41B+rHDVK9g5TiAftoXEl/E1ulecJEraVKIR","privKey":"qEOf3n+bNrtnbEQXZCts3yOJMR8nBJO2PCb1HaxN3Ws="},"lastRemoteEphemeralKey":"BaQBTz0W4Je2ojba2c5lNtEYhBicohMT1T+bFyLPsVZy","previousCounter":0,"rootKey":"4DYfJPsoBvZy7OwpIdfXZV6HQRaJ4aJilZwkS0pg9KE="},"indexInfo":{"baseKey":"BXvqi3lpDzLBnhtkUc/t5pQeIba+gdX40iQAfdxjmqxV","baseKeyType":1,"closed":-1,"used":1688113169718,"created":1688113169718,"remoteIdentityKey":"BZl7UXadQEdArScbGDBpLAb3Jo+MTTKntu6aLtN0LJRG"},"_chains":{"BWRhiR0t41B+rHDVK9g5TiAftoXEl/E1ulecJEraVKIR":{"chainKey":{"counter":0,"key":"RihJJU8+5+PjKts9fjhfv9UGaI+4/IP+Jp/OpHvDSBI="},"chainType":1,"messageKeys":{}}},"pendingPreKey":{"signedKeyId":12,"baseKey":"BXvqi3lpDzLBnhtkUc/t5pQeIba+gdX40iQAfdxjmqxV","preKeyId":11243931}}},"version":"v1"}