{"_sessions":{"BYu1Vl8QUW1MBi6+jdYSJEgfzSJ0WUNuRaySXpnMY5Ym":{"registrationId":1925,"currentRatchet":{"ephemeralKeyPair":{"pubKey":"BTnjUBmohpWWWYCZ61QDOrx1bmKSWTkdIAj9IGlo7lIw","privKey":"8N1SLhYomKVg0i7A2Hf9CNUDrRoljhlo3p1plNZYUnE="},"lastRemoteEphemeralKey":"BXQx/PmszkysPP4NyHYQ4oEBrA6oRzdayIMomROR73Z0","previousCounter":0,"rootKey":"9qhEFhOuVAvE9Mw8HdHw+cmaWgkBVhJ3ehx3XkVWPGY="},"indexInfo":{"baseKey":"BYu1Vl8QUW1MBi6+jdYSJEgfzSJ0WUNuRaySXpnMY5Ym","baseKeyType":1,"closed":-1,"used":1688113169439,"created":1688113169439,"remoteIdentityKey":"BU7alk+FX60H75Y3P+8OldCbcenNjKAr1sZ89x0YGmBw"},"_chains":{"BTnjUBmohpWWWYCZ61QDOrx1bmKSWTkdIAj9IGlo7lIw":{"chainKey":{"counter":0,"key":"UFqKi9jGlLncTH2x6O9B6GSf5kDl8nCRhKY0rWAPd8Y="},"chainType":1,"messageKeys":{}}},"pendingPreKey":{"signedKeyId":1,"baseKey":"BYu1Vl8QUW1MBi6+jdYSJEgfzSJ0WUNuRaySXpnMY5Ym"}}},"version":"v1"}