{"_sessions":{"BYXjszwnbkXSeumWVQxB9xjtcZJbrzEUWZxHg4vQQV5F":{"registrationId":513729385,"currentRatchet":{"ephemeralKeyPair":{"pubKey":"BeWgektWF1wRcXsV5GXbD8CpNP/Lo4ghPhgxhOQazVMi","privKey":"CChWo4gxUmIBB9bbFnSYcMsAYVY4pIA3+jPPp72W5ng="},"lastRemoteEphemeralKey":"BTctGZczihFmbw+26LhdbsXcut0HDob/carqNFVzBIh0","previousCounter":0,"rootKey":"A0s+BpRORlf9c+gmG093QqNY0dIBN4tSiDhKsZkBjgo="},"indexInfo":{"baseKey":"BYXjszwnbkXSeumWVQxB9xjtcZJbrzEUWZxHg4vQQV5F","baseKeyType":1,"closed":-1,"used":1688113170006,"created":1688113170006,"remoteIdentityKey":"BcWdbHa5Y16BEIhDepSolSOeGqMIDCm5EFXGqlcO04UM"},"_chains":{"BeWgektWF1wRcXsV5GXbD8CpNP/Lo4ghPhgxhOQazVMi":{"chainKey":{"counter":0,"key":"FNuZhQ70fbWt//8brQCpSC7olEtYD094niPxHOnD/ZE="},"chainType":1,"messageKeys":{}}},"pendingPreKey":{"signedKeyId":41,"baseKey":"BYXjszwnbkXSeumWVQxB9xjtcZJbrzEUWZxHg4vQQV5F"}}},"version":"v1"}