{"_sessions":{"BW3PUNit8b1SGRsNFIoJjwcdhyZ85rkfOwm210Pyw645":{"registrationId":1941903990,"currentRatchet":{"ephemeralKeyPair":{"pubKey":"BUhepB7GbROlNUq+Lii/1yUJFZPN6duroC0a1hJuuHR0","privKey":"AIbB7GEn9Np/PRNjg9ylStgCFGaQZoT4qM7NAbFHi2s="},"lastRemoteEphemeralKey":"BeF8KfE5UcEJ9BKLCkQaXcnUhxllQ7Xq3tzLfbw5bDUY","previousCounter":0,"rootKey":"ACAHaWKcDIyZTSABa7CHhZS9Ovq/Bvpq94XB7tozYrQ="},"indexInfo":{"baseKey":"BW3PUNit8b1SGRsNFIoJjwcdhyZ85rkfOwm210Pyw645","baseKeyType":1,"closed":-1,"used":1688113170147,"created":1688113170147,"remoteIdentityKey":"BR4Pe9jC9f+pmqVgx5JlHHJewxvZfKyzce8DJNSQYCd1"},"_chains":{"BUhepB7GbROlNUq+Lii/1yUJFZPN6duroC0a1hJuuHR0":{"chainKey":{"counter":0,"key":"iQ89ISKWqFe/zJit+DfKyOcnhK5Zo0hSbmpFBvX+QBE="},"chainType":1,"messageKeys":{}}},"pendingPreKey":{"signedKeyId":20,"baseKey":"BW3PUNit8b1SGRsNFIoJjwcdhyZ85rkfOwm210Pyw645","preKeyId":5285250}}},"version":"v1"}