{"_sessions":{"BdMk98IfdYpXng4sNCYymMh5+Y6HUsfcsOLjKuL6NL8c":{"registrationId":1122267789,"currentRatchet":{"ephemeralKeyPair":{"pubKey":"BesJFGCv1e1iFOeTgqGZ5PTKzjv2dns/V7eTRrUp/uxR","privKey":"oH4AQZ6thqVqWiyC5aFNzm7cXhUNhBYboKyl1TgdC2c="},"lastRemoteEphemeralKey":"BT6MO5IJhMnXdN5g0RkJYxvvXzAHuS+yURZ0WqNxflQD","previousCounter":0,"rootKey":"Mkf/xa0CLWjECxEjmIs0JZq22rljgupeuNKOglQx3KU="},"indexInfo":{"baseKey":"BdMk98IfdYpXng4sNCYymMh5+Y6HUsfcsOLjKuL6NL8c","baseKeyType":1,"closed":-1,"used":1688113169696,"created":1688113169696,"remoteIdentityKey":"Beeh1Z9OsmvCKiW/wyd+TpCSEhU6VF/9hH47OFkjDPV8"},"_chains":{"BesJFGCv1e1iFOeTgqGZ5PTKzjv2dns/V7eTRrUp/uxR":{"chainKey":{"counter":0,"key":"mtqAhbUQnsDeQjMs+yFWUbCzQBmKyleWzeurlYGiqWI="},"chainType":1,"messageKeys":{}}},"pendingPreKey":{"signedKeyId":8,"baseKey":"BdMk98IfdYpXng4sNCYymMh5+Y6HUsfcsOLjKuL6NL8c"}}},"version":"v1"}