{"_sessions":{"BREtn9ZbpKcjFcYc4AvQiP+0Oc+MP4hdaFuEBwgsM/tN":{"registrationId":1671441508,"currentRatchet":{"ephemeralKeyPair":{"pubKey":"BfKRFcv2ORaRDJqJ1jKkzHlc0xmIWMqFOBqSCd4AXaBX","privKey":"AP4tK2UUUiSTfmtnyTvqP6ENHsXdFsG2pGXD/skrZ2M="},"lastRemoteEphemeralKey":"BXOq6UavdDEUyHplF1p7vBzrfWywt2h2FOa6xGZE77ko","previousCounter":0,"rootKey":"lcdLuWG930t8XOFpRpv+efNAZujonzuJrLHsw2WJ43A="},"indexInfo":{"baseKey":"BREtn9ZbpKcjFcYc4AvQiP+0Oc+MP4hdaFuEBwgsM/tN","baseKeyType":1,"closed":-1,"used":1688113170385,"created":1688113170385,"remoteIdentityKey":"BW7D37dovC8xehQpqlgeqcvYU1cgoa8UrB9GskpI2Jgo"},"_chains":{"BfKRFcv2ORaRDJqJ1jKkzHlc0xmIWMqFOBqSCd4AXaBX":{"chainKey":{"counter":0,"key":"s7Zod6nNhf+r7M0DwmrdFia8Z9Py6loeYn3Jra6rQn0="},"chainType":1,"messageKeys":{}}},"pendingPreKey":{"signedKeyId":20,"baseKey":"BREtn9ZbpKcjFcYc4AvQiP+0Oc+MP4hdaFuEBwgsM/tN","preKeyId":6314465}}},"version":"v1"}