{"_sessions":{"BaQolaPDzS/vMg/tdDk+ggPNmMAQnsyh4ZV0Gbk/MHpW":{"registrationId":1209395760,"currentRatchet":{"ephemeralKeyPair":{"pubKey":"BVv3XIL12aUi8M47hJ5LVhsbFxJ8TA9SeqnDr80LccUQ","privKey":"cMFJ4Z/gc+h8Q9jRopyJ/SKOBsC8/CpO/l5c2Pd1rXM="},"lastRemoteEphemeralKey":"BWjMvmAcO71DzD0CYpc2Kugfc9D3df4Tk48HIxGo22oG","previousCounter":0,"rootKey":"Gs4VvJphNlOWtDG6I/ZKfJQXwPbKFZUv2/c1gNSZ1wY="},"indexInfo":{"baseKey":"BaQolaPDzS/vMg/tdDk+ggPNmMAQnsyh4ZV0Gbk/MHpW","baseKeyType":1,"closed":-1,"used":1688113170336,"created":1688113170336,"remoteIdentityKey":"BU2k8M3E8Rm90ZCZbFhvB1zszF+24E+SO4B3pv8HpbIP"},"_chains":{"BVv3XIL12aUi8M47hJ5LVhsbFxJ8TA9SeqnDr80LccUQ":{"chainKey":{"counter":0,"key":"0T59CxajNB9YIi2VYddhvY1sTXvnBwAj2f+3SesQj+Y="},"chainType":1,"messageKeys":{}}},"pendingPreKey":{"signedKeyId":5920213,"baseKey":"BaQolaPDzS/vMg/tdDk+ggPNmMAQnsyh4ZV0Gbk/MHpW","preKeyId":4345}}},"version":"v1"}