{"_sessions":{"BcPLEu+DAPxPuKOl598+/wIgBJUaNLOYQxnoiKa7PEAC":{"registrationId":1358092987,"currentRatchet":{"ephemeralKeyPair":{"pubKey":"BagnenPqzPeH8kQhMyNjZHxvY0UFbv7q/wxAbgihTlQo","privKey":"KOxqPXvZpkHAK26haQZbVLYoBhBDKhI/LrsyyUC45FA="},"lastRemoteEphemeralKey":"Bd/sgT4SnBYrK0pwfz7kTYBB1tdou7WkXYkVaftifjpH","previousCounter":0,"rootKey":"XaZ13CPGADFm5u0ydN+nkld1itnLlnDMab2ksGG+Kuo="},"indexInfo":{"baseKey":"BcPLEu+DAPxPuKOl598+/wIgBJUaNLOYQxnoiKa7PEAC","baseKeyType":1,"closed":-1,"used":1688113169653,"created":1688113169653,"remoteIdentityKey":"BSbwGyLrHo68glGr5PfMxke7Re4dhXqR957fbVLF/jMi"},"_chains":{"BagnenPqzPeH8kQhMyNjZHxvY0UFbv7q/wxAbgihTlQo":{"chainKey":{"counter":0,"key":"q4A1BLgG/1o86vLbM0uR7w9j33DoMJMvY6GlWA1xbTA="},"chainType":1,"messageKeys":{}}},"pendingPreKey":{"signedKeyId":4,"baseKey":"BcPLEu+DAPxPuKOl598+/wIgBJUaNLOYQxnoiKa7PEAC","preKeyId":15732098}}},"version":"v1"}