{"_sessions":{"BRXjTgau8G49ewoavvDgnnFssDaNhVEpb1CMZAVabHUJ":{"registrationId":4867,"currentRatchet":{"ephemeralKeyPair":{"pubKey":"Bdxby0uMsYHj+BJ1Q/UN8FS741rmP76J5k6hVCZbVmIY","privKey":"4L8L3D/U2aTkY7WkesBNcbQz/crcTZ8RyI1DIHnDLkI="},"lastRemoteEphemeralKey":"BaCyyIGlR7Tq2PJoRWifCSOCJOZxvZUyHH40KIM0PrQz","previousCounter":0,"rootKey":"OYxaxSalj5nuM6O/havppOtMejc94Pbx2CwI9J0D574="},"indexInfo":{"baseKey":"BRXjTgau8G49ewoavvDgnnFssDaNhVEpb1CMZAVabHUJ","baseKeyType":1,"closed":-1,"used":1688113169266,"created":1688113169266,"remoteIdentityKey":"BX9LtRTgZ4o1Q3uTmU3PSZsXPn7ya2az/AJ68U9ErO06"},"_chains":{"Bdxby0uMsYHj+BJ1Q/UN8FS741rmP76J5k6hVCZbVmIY":{"chainKey":{"counter":0,"key":"N/IE/B1EurMjWpJTJlfYK2WeYY88/CaHgqyie2raPL8="},"chainType":1,"messageKeys":{}}},"pendingPreKey":{"signedKeyId":1,"baseKey":"BRXjTgau8G49ewoavvDgnnFssDaNhVEpb1CMZAVabHUJ","preKeyId":1008}}},"version":"v1"}