{"_sessions":{"Bc46umYTaL2RgxnNugEKrOnpV2UOQyxw7M3F5v7B+Hl3":{"registrationId":931005133,"currentRatchet":{"ephemeralKeyPair":{"pubKey":"BXjbI5nAE0YiEzLya3IBpxWvanh/3ZmBueQRgATLMjJS","privKey":"QJ4+4nfj7DXydtawX/7BfEwSC6R5c+ZPwyHJCnh25mA="},"lastRemoteEphemeralKey":"BQAmHeC0N/xgeFzhC+3t9/vdQZijQvSOSRnWmQHplgE/","previousCounter":0,"rootKey":"VYMGcxYxUJ/C4sY1WbJ5BfbPLoVBNcZP/EGHFxiE1J8="},"indexInfo":{"baseKey":"Bc46umYTaL2RgxnNugEKrOnpV2UOQyxw7M3F5v7B+Hl3","baseKeyType":1,"closed":-1,"used":1688113170321,"created":1688113170321,"remoteIdentityKey":"BTyiEuLTJn7gACvESupSUuUnvrluHwWmU+VTH+NUGdUx"},"_chains":{"BXjbI5nAE0YiEzLya3IBpxWvanh/3ZmBueQRgATLMjJS":{"chainKey":{"counter":0,"key":"nERZbcFm3pjtfY7zvpsemeS0bYFELGiF1jjmZBzyG6s="},"chainType":1,"messageKeys":{}}},"pendingPreKey":{"signedKeyId":0,"baseKey":"Bc46umYTaL2RgxnNugEKrOnpV2UOQyxw7M3F5v7B+Hl3","preKeyId":3126532}}},"version":"v1"}