{"_sessions":{"Bbum0zgl18QB1NlmcB8vTjurPUCa4i9rU9CI38KPVRsu":{"registrationId":650797968,"currentRatchet":{"ephemeralKeyPair":{"pubKey":"BcwgwukJ1xbvFqqGXzEQBUaIgnPwqazRcCQg24YnxXNh","privKey":"eHsC7haVynnUF48b2xhEp3ejNzpT5Sqp1oOEvVMyrEA="},"lastRemoteEphemeralKey":"BYFXoS+tZZrCBgMhBxME3NQ2BIcHtBdhF+i0FCN5jhZZ","previousCounter":0,"rootKey":"JuB1RdXCb2DJuxkiUabKxA+ixWN3EyU9mz25GpMPU+8="},"indexInfo":{"baseKey":"Bbum0zgl18QB1NlmcB8vTjurPUCa4i9rU9CI38KPVRsu","baseKeyType":1,"closed":-1,"used":1688113171007,"created":1688113171007,"remoteIdentityKey":"BQwsVIo1BgRaLyVfT2gy4cZNiZ02ekVtxLmBVbu/HTN7"},"_chains":{"BcwgwukJ1xbvFqqGXzEQBUaIgnPwqazRcCQg24YnxXNh":{"chainKey":{"counter":0,"key":"Fpuq4S2jvktZHf/KXxvbh6xj7S7zAGNxR0cD9nbCqI0="},"chainType":1,"messageKeys":{}}},"pendingPreKey":{"signedKeyId":3,"baseKey":"Bbum0zgl18QB1NlmcB8vTjurPUCa4i9rU9CI38KPVRsu","preKeyId":11185437}}},"version":"v1"}