{"_sessions":{"BZUhjTHPEDwz6M5Aeb32rgudGVoL/CE/Z1Hzv7qNcw1k":{"registrationId":1480342969,"currentRatchet":{"ephemeralKeyPair":{"pubKey":"Bf8Vz8OskkiwPPDlpymIpsz2Jd3ys8IluImpsxIewWgS","privKey":"ICYc7rqbU+dkw/79Zf3nH2wLn7bjeqMJ5NhgJ6XXV3Q="},"lastRemoteEphemeralKey":"Bf4o0OlAXg2F2xKxmmR1/em2of+6gFThDNc7zNNIsNYL","previousCounter":0,"rootKey":"tm+xMDkbgs7N4Bek2d2Zvy660XynYx5Q9yOoT4GnHCU="},"indexInfo":{"baseKey":"BZUhjTHPEDwz6M5Aeb32rgudGVoL/CE/Z1Hzv7qNcw1k","baseKeyType":1,"closed":-1,"used":1688113169970,"created":1688113169970,"remoteIdentityKey":"BaZiTAO0E4O3S0dpZabYZEZez6b87wL1PiAWqgoCyjos"},"_chains":{"Bf8Vz8OskkiwPPDlpymIpsz2Jd3ys8IluImpsxIewWgS":{"chainKey":{"counter":0,"key":"aB/PKXlogcStTcwYKGM7ephVtGN6RraDXcQzYxxzStA="},"chainType":1,"messageKeys":{}}},"pendingPreKey":{"signedKeyId":11,"baseKey":"BZUhjTHPEDwz6M5Aeb32rgudGVoL/CE/Z1Hzv7qNcw1k","preKeyId":10090467}}},"version":"v1"}