{"_sessions":{"BVJQsGNCai9yIAd7gpsR7IZPJLkn+cPN9f/AAIEeBgFN":{"registrationId":205183139,"currentRatchet":{"ephemeralKeyPair":{"pubKey":"BfMPeEy3aeURga52C6Evs20eUTTleapwXFW+V925GbMa","privKey":"+HhfqhN0BftWKh8PETJQ3DY9F7Fn74GlBWrszCziznQ="},"lastRemoteEphemeralKey":"BSxozlLesejSdh39pMZhm0VwKNGHdrwdPFgMmjwaVWFt","previousCounter":0,"rootKey":"+iIfHdUXsC8dudc/Jr+NiO7ADortLc0Z48ySUdURs9I="},"indexInfo":{"baseKey":"BVJQsGNCai9yIAd7gpsR7IZPJLkn+cPN9f/AAIEeBgFN","baseKeyType":1,"closed":-1,"used":1688113169996,"created":1688113169996,"remoteIdentityKey":"BQBkDbbmJU3z1obzMEmsa7Im/HmMDkw1HPIlY7rJREVA"},"_chains":{"BfMPeEy3aeURga52C6Evs20eUTTleapwXFW+V925GbMa":{"chainKey":{"counter":0,"key":"4lcl/knLaBI25QtXzli4aZHe2LZ2bVfHZ3VCP3VLTw8="},"chainType":1,"messageKeys":{}}},"pendingPreKey":{"signedKeyId":3,"baseKey":"BVJQsGNCai9yIAd7gpsR7IZPJLkn+cPN9f/AAIEeBgFN","preKeyId":4896107}}},"version":"v1"}