{"_sessions":{"Bf0048MLInrQXaihK5swRxz9jq/WyOQIPabX50XbBtMJ":{"registrationId":59,"currentRatchet":{"ephemeralKeyPair":{"pubKey":"BddYv4qSEVdjKtLJrIEdUsaMSslpjK7b5420WP4k2hJf","privKey":"gNm4r/hTUj+KBvb2LU0sq2oo+oaRq4kRtuoHFIM/OHw="},"lastRemoteEphemeralKey":"BQlFrNm5r+QvxnYPYr0/0CQHlLAD7ciXBJP5242ey2V7","previousCounter":0,"rootKey":"nU/34LLr7cuk68fHxj/vv/qCSWXRgubuN6DnZh/kyIs="},"indexInfo":{"baseKey":"Bf0048MLInrQXaihK5swRxz9jq/WyOQIPabX50XbBtMJ","baseKeyType":1,"closed":-1,"used":1688113169316,"created":1688113169316,"remoteIdentityKey":"Bf3drPZ9fdkLguoBnZvo8bE+FeaTskcvDY7YYKOVuYwy"},"_chains":{"BddYv4qSEVdjKtLJrIEdUsaMSslpjK7b5420WP4k2hJf":{"chainKey":{"counter":0,"key":"RwAlvS0DHOCdhh894M0HvqQjkP38GzvVzxx/hA98iwQ="},"chainType":1,"messageKeys":{}}},"pendingPreKey":{"signedKeyId":1,"baseKey":"Bf0048MLInrQXaihK5swRxz9jq/WyOQIPabX50XbBtMJ","preKeyId":946}}},"version":"v1"}