{"_sessions":{"Bcf1lKXZao1oHyfvOqCYxxPw0p3coNcDCTIUkq8FxPc5":{"registrationId":1211703878,"currentRatchet":{"ephemeralKeyPair":{"pubKey":"BenHHTv2ilEeTS5Ke6tWMyPscS5gpoYVI4lwp5L/4X4N","privKey":"4D9Ila3Qu/ZnwuUUkRUYhN9NrkTXAzuBRNzOuje+OmA="},"lastRemoteEphemeralKey":"BZrqwqbOm9IxF3lT2vtpcvSHlfVZ5pRM4kGDSH1eOuoY","previousCounter":0,"rootKey":"VvspYd4f+2DgPAteIcCSSRT1zCAfzh8bpRGgSsXey/0="},"indexInfo":{"baseKey":"Bcf1lKXZao1oHyfvOqCYxxPw0p3coNcDCTIUkq8FxPc5","baseKeyType":1,"closed":-1,"used":1688113169710,"created":1688113169710,"remoteIdentityKey":"BeQyg8ps73J7G+Oqv4avFc8LwdEGmiRK3be9kbOGz95J"},"_chains":{"BenHHTv2ilEeTS5Ke6tWMyPscS5gpoYVI4lwp5L/4X4N":{"chainKey":{"counter":0,"key":"wSBOYg7Pf8efkYMiyKdep5iab02440eubCVKer75ghE="},"chainType":1,"messageKeys":{}}},"pendingPreKey":{"signedKeyId":5,"baseKey":"Bcf1lKXZao1oHyfvOqCYxxPw0p3coNcDCTIUkq8FxPc5","preKeyId":14287744}}},"version":"v1"}