{"_sessions":{"BYDSrCgS1eV08tCGU+G+c/aReAbWUjy/zPaOf0k6EewC":{"registrationId":1019563356,"currentRatchet":{"ephemeralKeyPair":{"pubKey":"BddErzKSzFC+dUjlFGOZw8ruhsFzEhENrnA0mGlZRDYY","privKey":"sBUMFO8Fvn6Jrm3ePh6Cjr4c14L0NI49uj2pJWGxiUk="},"lastRemoteEphemeralKey":"BTfdFgkCo8qZ1IAU2ybU2SY4IxdbTy0ZLOQP+29z1GJt","previousCounter":0,"rootKey":"B47OqkjDRY7pz6dGA+rTaBFEbZwXB0FDLh83ElgeHQA="},"indexInfo":{"baseKey":"BYDSrCgS1eV08tCGU+G+c/aReAbWUjy/zPaOf0k6EewC","baseKeyType":1,"closed":-1,"used":1688113169700,"created":1688113169700,"remoteIdentityKey":"BcNcV1FspbLeBbDCZ7/C7eqdxR1GB5fzRJWippNeUtgj"},"_chains":{"BddErzKSzFC+dUjlFGOZw8ruhsFzEhENrnA0mGlZRDYY":{"chainKey":{"counter":0,"key":"4UMRVlpSTokqcSH2AVXdEEG6CWL7XItdNEGiYoUidBk="},"chainType":1,"messageKeys":{}}},"pendingPreKey":{"signedKeyId":1,"baseKey":"BYDSrCgS1eV08tCGU+G+c/aReAbWUjy/zPaOf0k6EewC"}}},"version":"v1"}