{"_sessions":{"BY1JB80TI6Z0Ha2mvvcTw68u/lk73zzdOubF89+RSLYh":{"registrationId":643956211,"currentRatchet":{"ephemeralKeyPair":{"pubKey":"BapfY0EXRcM7F3nyOnjI9H4CpzDcf3VI1kR49z7UfD0V","privKey":"iATzcL4piohj2puGWur+XfDMrr4IIWUQ4cthuBEG/k0="},"lastRemoteEphemeralKey":"BdkfvxYhW52OtrAEpr1lrcWTEXRUWjFQHdQ9972ufyo9","previousCounter":0,"rootKey":"TPXD24Oyr08JvegPaKRn4bJ4F36KA3DC0KjnD5EEMaA="},"indexInfo":{"baseKey":"BY1JB80TI6Z0Ha2mvvcTw68u/lk73zzdOubF89+RSLYh","baseKeyType":1,"closed":-1,"used":1688113169766,"created":1688113169766,"remoteIdentityKey":"BZI4zxjQJhegyl/HaL4/W9knKYVaphklJ7As6JjSR1kd"},"_chains":{"BapfY0EXRcM7F3nyOnjI9H4CpzDcf3VI1kR49z7UfD0V":{"chainKey":{"counter":0,"key":"5PqZJlr5JIfJoWH/fabgJmStVJB+8qdB93yUS1/SsLA="},"chainType":1,"messageKeys":{}}},"pendingPreKey":{"signedKeyId":1,"baseKey":"BY1JB80TI6Z0Ha2mvvcTw68u/lk73zzdOubF89+RSLYh","preKeyId":3080538}}},"version":"v1"}