{"_sessions":{"BWHx32TH+OYtJYMMk6j48jjfgJ4hm6NiV5mGxfE5IsFS":{"registrationId":1072521338,"currentRatchet":{"ephemeralKeyPair":{"pubKey":"BVA00ZOVdva2pHQd4MJOIoYyGTVyrgu+O9WDkHpJzvAW","privKey":"oEptHvkrO/scLCAy81pnjlHuYuHnQru+bUc/iA4SMGg="},"lastRemoteEphemeralKey":"BfRLTIRD2GGxAGV+OoDnR18JmPUbRxiEUWnLupTAv+sj","previousCounter":0,"rootKey":"DFtaJvRXAi3yl6/2zXaTlF7HQEmt0cRB2DSPH0IMWPc="},"indexInfo":{"baseKey":"BWHx32TH+OYtJYMMk6j48jjfgJ4hm6NiV5mGxfE5IsFS","baseKeyType":1,"closed":-1,"used":1688113169761,"created":1688113169761,"remoteIdentityKey":"BStH1EzfgP+Hg1iuO/zBTDkBh5Oiv5h+xP62TKltYY5h"},"_chains":{"BVA00ZOVdva2pHQd4MJOIoYyGTVyrgu+O9WDkHpJzvAW":{"chainKey":{"counter":0,"key":"SUUnDRC8MiYXJNiphjyIHuBA31QsO8AAQdQgqGxTuag="},"chainType":1,"messageKeys":{}}},"pendingPreKey":{"signedKeyId":1,"baseKey":"BWHx32TH+OYtJYMMk6j48jjfgJ4hm6NiV5mGxfE5IsFS","preKeyId":2085593}}},"version":"v1"}