{"_sessions":{"BWoPA87KTaHHT+Q09Jv0MHJwBYGvIy8MmAeBqOflPnZw":{"registrationId":1241588654,"currentRatchet":{"ephemeralKeyPair":{"pubKey":"BW0rwqEiFt5HPppTL+lH1cQqe2/YpMdIowbGKGpRfpQL","privKey":"UPH2orOYvXcA+sxxmSZAa/5HiufglZKDkzlSHwPAvEM="},"lastRemoteEphemeralKey":"BWqPdSMZ2BQFBuWn4Fj/3//miqhSBbY6EiHhw14xL2ZI","previousCounter":0,"rootKey":"QIrF370xGBlUthxcHEIlK6xMLWyG9QTWfwQ1VZqPRIg="},"indexInfo":{"baseKey":"BWoPA87KTaHHT+Q09Jv0MHJwBYGvIy8MmAeBqOflPnZw","baseKeyType":1,"closed":-1,"used":1688113170481,"created":1688113170481,"remoteIdentityKey":"BQ43+b65RAIUXEadA0a/XFS+48Zv0v6vWBtcr8ithOUr"},"_chains":{"BW0rwqEiFt5HPppTL+lH1cQqe2/YpMdIowbGKGpRfpQL":{"chainKey":{"counter":0,"key":"mASYxeprlj6uwZm7pYi2wgLS+2OKWdmc2HHW/pakaM8="},"chainType":1,"messageKeys":{}}},"pendingPreKey":{"signedKeyId":4,"baseKey":"BWoPA87KTaHHT+Q09Jv0MHJwBYGvIy8MmAeBqOflPnZw","preKeyId":3081756}}},"version":"v1"}