{"_sessions":{"BVVOANs2e00cspuI6+ZUDlt/BLncQi2kuVl61gOTeQ1Y":{"registrationId":934864047,"currentRatchet":{"ephemeralKeyPair":{"pubKey":"BShwbEM7bp/Pqy1N2/nE/svwrQyGGxj64qaOJ93YVN4B","privKey":"+NEYcv8nLmOjEuML741mYngcitguTT93pD2/Fp+BPEc="},"lastRemoteEphemeralKey":"BepD6Z6Uq4WwSlJ6YCdd9cnM1huWIVT/SYoCF/qnERJx","previousCounter":0,"rootKey":"iuK7xwqYPRZsVTePzW4+uDuOIDLf3E3MZgxsNeWNXqo="},"indexInfo":{"baseKey":"BVVOANs2e00cspuI6+ZUDlt/BLncQi2kuVl61gOTeQ1Y","baseKeyType":1,"closed":-1,"used":1688113170125,"created":1688113170125,"remoteIdentityKey":"BVv7zvPPkcwZwF57lEuGqSXk/4RRW7ojw1c7AGusk4Jh"},"_chains":{"BShwbEM7bp/Pqy1N2/nE/svwrQyGGxj64qaOJ93YVN4B":{"chainKey":{"counter":0,"key":"1KQfUwOoEnENhRyYwPClfIJ40jOCjhPI+9GTIE7pzwk="},"chainType":1,"messageKeys":{}}},"pendingPreKey":{"signedKeyId":9,"baseKey":"BVVOANs2e00cspuI6+ZUDlt/BLncQi2kuVl61gOTeQ1Y","preKeyId":4384224}}},"version":"v1"}