{"_sessions":{"BUHKj+wBw1UqclJt76cwzHNGkBrZUWxoJVQT2DD6AAw9":{"registrationId":1744942994,"currentRatchet":{"ephemeralKeyPair":{"pubKey":"BYl2QesZLdyL5oJ4Y/8BrkZBe8wx3SfiC0Q0loezpAdC","privKey":"oAJE+AT/mlVLkjhVYZSry0JimDckkkI6j924IlXhy0E="},"lastRemoteEphemeralKey":"BY7fMRA3ff2ksrSNjIgtUv2ySRW+uTZZqjXXFb5pJYpq","previousCounter":0,"rootKey":"GtR/tMfK9uHukVvRZfrFtnjAZHVxlXUwSNQya7mqZg8="},"indexInfo":{"baseKey":"BUHKj+wBw1UqclJt76cwzHNGkBrZUWxoJVQT2DD6AAw9","baseKeyType":1,"closed":-1,"used":1688113169552,"created":1688113169552,"remoteIdentityKey":"BV3fpri6+IfttgJrU9xbahX/qV4hkwNUyQIN7dTU28df"},"_chains":{"BYl2QesZLdyL5oJ4Y/8BrkZBe8wx3SfiC0Q0loezpAdC":{"chainKey":{"counter":0,"key":"FH3MZjwfWffgWdRns8D99v+3e4bdxRoPhyQG4G1QlNA="},"chainType":1,"messageKeys":{}}},"pendingPreKey":{"signedKeyId":1,"baseKey":"BUHKj+wBw1UqclJt76cwzHNGkBrZUWxoJVQT2DD6AAw9","preKeyId":7517034}}},"version":"v1"}