{"_sessions":{"BdUDLJeWzhhPv2jlOH51s4ykQHCrjRodrueT8RDa7BhO":{"registrationId":1823541205,"currentRatchet":{"ephemeralKeyPair":{"pubKey":"BaC6dflpRkhHsrpvWotjqAjGWdQaJDP2RWFZ1RLWgg9s","privKey":"sLD66a+faoRkWuUY1VkxqGe+XRZf+7ghSVo3zlHjO1g="},"lastRemoteEphemeralKey":"BV5Z59qhlX1rZGYEcJ+S6BgV/zzaJxHBemcpMjgXm7dC","previousCounter":0,"rootKey":"GkV2Qu6ne1eZe6HLL5fRntGngCdVG6WfUzPpsd8+J2o="},"indexInfo":{"baseKey":"BdUDLJeWzhhPv2jlOH51s4ykQHCrjRodrueT8RDa7BhO","baseKeyType":1,"closed":-1,"used":1688113171030,"created":1688113171030,"remoteIdentityKey":"BRgQZR04ykWXVGE7V9GbzPtBUMh9puU7nRzeV4BZJUJO"},"_chains":{"BaC6dflpRkhHsrpvWotjqAjGWdQaJDP2RWFZ1RLWgg9s":{"chainKey":{"counter":0,"key":"bnWdgK1HZiU+VB6G1A3SdI6WGI3TsUNaNcyGKiAjoX0="},"chainType":1,"messageKeys":{}}},"pendingPreKey":{"signedKeyId":1,"baseKey":"BdUDLJeWzhhPv2jlOH51s4ykQHCrjRodrueT8RDa7BhO"}}},"version":"v1"}