{"_sessions":{"BbQ53nhhU2h1RjbKd5W2q+WrmD+IZZ8ssDbzDHsj6fUI":{"registrationId":1540439874,"currentRatchet":{"ephemeralKeyPair":{"pubKey":"BXqgK/RD4yc+7Bcbg8uKBHNviV87Sxo0gp4KJTkd2Hos","privKey":"2N6GpZ9Vb+44b1rF4f0v1FZkU43UDz8X73N2LpUVt1g="},"lastRemoteEphemeralKey":"BddUz0p07rCt9RiQucRlttsy1ViwexK7uFZObpXFQuUn","previousCounter":0,"rootKey":"5oAu6e78IOiQ8RTUcXKSntXy9keErLhzs3V6QPED/Rs="},"indexInfo":{"baseKey":"BbQ53nhhU2h1RjbKd5W2q+WrmD+IZZ8ssDbzDHsj6fUI","baseKeyType":1,"closed":-1,"used":1688113170832,"created":1688113170832,"remoteIdentityKey":"BbLZpZ7eP7P7PHo/xn6yYFOqc4+Fzcd/UVLBcR0feQhG"},"_chains":{"BXqgK/RD4yc+7Bcbg8uKBHNviV87Sxo0gp4KJTkd2Hos":{"chainKey":{"counter":0,"key":"tFe9yLiK9iT/IEi5PGbFLLIgyjHCt6qem3DfY4xmaMA="},"chainType":1,"messageKeys":{}}},"pendingPreKey":{"signedKeyId":4,"baseKey":"BbQ53nhhU2h1RjbKd5W2q+WrmD+IZZ8ssDbzDHsj6fUI","preKeyId":4402286}}},"version":"v1"}