{"_sessions":{"BXKRNxzCFL1becXc8CEXJdPF/J552jBJhl4VC06PgWot":{"registrationId":203,"currentRatchet":{"ephemeralKeyPair":{"pubKey":"BfPbTWJCGp3qMgzEN7pOnf4KAW8vfXK0Y/cNShcJ4p0d","privKey":"YNIjI881W/AZD8g3crYA4cQECCKHb3c6OizgvvuyDXM="},"lastRemoteEphemeralKey":"BaUP0ATzUdUgEgNfINy5PTrFDg0UV13aIVB5MTBPob4c","previousCounter":0,"rootKey":"S1MrsYqy/6ff4+bwA3odRYaDQlMszdASz5iaZdklY9E="},"indexInfo":{"baseKey":"BXKRNxzCFL1becXc8CEXJdPF/J552jBJhl4VC06PgWot","baseKeyType":1,"closed":-1,"used":1688113169386,"created":1688113169386,"remoteIdentityKey":"BWSNFun9npOkN7jGqJuRS64Zl25yzRdfN3xi9C6AFMcY"},"_chains":{"BfPbTWJCGp3qMgzEN7pOnf4KAW8vfXK0Y/cNShcJ4p0d":{"chainKey":{"counter":0,"key":"myYp/0sQMSDkoFzT66oCKJi/M0qOb9XIt6iSIsc3YHg="},"chainType":1,"messageKeys":{}}},"pendingPreKey":{"signedKeyId":1,"baseKey":"BXKRNxzCFL1becXc8CEXJdPF/J552jBJhl4VC06PgWot","preKeyId":1}}},"version":"v1"}