{"_sessions":{"BZnPxEO9QJrzVy0BxAhSF1lS4V7dMjWqFACN7y2YyYtv":{"registrationId":1845682718,"currentRatchet":{"ephemeralKeyPair":{"pubKey":"BahUsrSHAP4Dkog6W2Jep1p6RTMoxMSOC+MKE0y3sZ96","privKey":"sP9Se1iWPBDDfkcksQj2djerN/0wseqC7EjLuefcNXQ="},"lastRemoteEphemeralKey":"BWXSC00AndtAe/SywNMFsVxEOFS++fRCC2/FhNyZTgI3","previousCounter":0,"rootKey":"ntDUH3YnvWCZbH4mVjBcJCVNiWkOpgiDQLYAxUf+SB4="},"indexInfo":{"baseKey":"BZnPxEO9QJrzVy0BxAhSF1lS4V7dMjWqFACN7y2YyYtv","baseKeyType":1,"closed":-1,"used":1688113170016,"created":1688113170016,"remoteIdentityKey":"BfFqnVUjAYg8l3dE3BTlV+R9xqdduoFhezOFNfbUlcQh"},"_chains":{"BahUsrSHAP4Dkog6W2Jep1p6RTMoxMSOC+MKE0y3sZ96":{"chainKey":{"counter":0,"key":"nX+84QHg7/s5NGFtXebq32mRAESAtuD8gEZGKl6y690="},"chainType":1,"messageKeys":{}}},"pendingPreKey":{"signedKeyId":0,"baseKey":"BZnPxEO9QJrzVy0BxAhSF1lS4V7dMjWqFACN7y2YyYtv","preKeyId":747933}}},"version":"v1"}