{"_sessions":{"BeXhbL8Vq8XCRGy3hKkuGzW4MrHZeroplmIqRnNm4I4h":{"registrationId":1964810446,"currentRatchet":{"ephemeralKeyPair":{"pubKey":"BaaITYt1wZLvD86VPSR6awm8qmoUbhV+kHUNCOS9lHtO","privKey":"6KTPD1S2d5ClWTB8UacdBGewNwsGr/XMuRVy91m6h3g="},"lastRemoteEphemeralKey":"BaTbsMWgIXUeyx95eJ6RqDhj6/Lx4cDP0o2CSapogP8H","previousCounter":0,"rootKey":"ciRrDiTyyMy+2CWbL+KihGvTr6l/FWtoj13mbfQjUTo="},"indexInfo":{"baseKey":"BeXhbL8Vq8XCRGy3hKkuGzW4MrHZeroplmIqRnNm4I4h","baseKeyType":1,"closed":-1,"used":1688113170827,"created":1688113170827,"remoteIdentityKey":"BftlPCVJN7vi46X9dJNzxMLr7P12zwJ8062lWZMKTmJ4"},"_chains":{"BaaITYt1wZLvD86VPSR6awm8qmoUbhV+kHUNCOS9lHtO":{"chainKey":{"counter":0,"key":"CI7CJ6pOPSWhK3gwxMy+JhcVi0KG3uNjOvthVH+hyOw="},"chainType":1,"messageKeys":{}}},"pendingPreKey":{"signedKeyId":2,"baseKey":"BeXhbL8Vq8XCRGy3hKkuGzW4MrHZeroplmIqRnNm4I4h","preKeyId":13542191}}},"version":"v1"}