{"_sessions":{"BWhqESPREqZ5kBonHudQgNms8gT4ZBaT4jnX0Kv/fxYb":{"registrationId":406470410,"currentRatchet":{"ephemeralKeyPair":{"pubKey":"BeGavE6Zf+zlBiNsvsuW6s3p9A+0nOm99b7a5iHMj9YT","privKey":"mPzl6cZTKbMHdYh2WllXVjZB82a0gYVDaWwhIO9rTlk="},"lastRemoteEphemeralKey":"BVMdEmTAj/Lp1X25E2rNxLyv3MwZUGJ+4bwWaqq8+iFO","previousCounter":0,"rootKey":"kXFh5yJZSnrmaU0zejcJphAokQh0C2xroT0QwknOFnU="},"indexInfo":{"baseKey":"BWhqESPREqZ5kBonHudQgNms8gT4ZBaT4jnX0Kv/fxYb","baseKeyType":1,"closed":-1,"used":1688113170346,"created":1688113170346,"remoteIdentityKey":"BewuBP5s3dpkw//1FbHnBo2wPjZ3zXl+KdS7DTyanyJL"},"_chains":{"BeGavE6Zf+zlBiNsvsuW6s3p9A+0nOm99b7a5iHMj9YT":{"chainKey":{"counter":0,"key":"5EiA17po7BflpfMEBFFalFeUaVxMVOkvcgSlwCUmdfA="},"chainType":1,"messageKeys":{}}},"pendingPreKey":{"signedKeyId":15,"baseKey":"BWhqESPREqZ5kBonHudQgNms8gT4ZBaT4jnX0Kv/fxYb","preKeyId":5187575}}},"version":"v1"}