{"_sessions":{"BcTEVH5SsLbLkUqADDrtXPFisqeDtbZXBBwseRT/9M9V":{"registrationId":1998862542,"currentRatchet":{"ephemeralKeyPair":{"pubKey":"BVLgBEWXDKA2+Hy20/qT7paB3irKcYHB9CZZmKw5BK1d","privKey":"KIly211zDVDMw6HNBAYVB+/dxbpeqJ41IgF6ZaDnbng="},"lastRemoteEphemeralKey":"BYjSE0GEUKSzkXmZwWRhdbbO7iMKs2ulpCQlcU8LOGYn","previousCounter":0,"rootKey":"kAdP/bZOGiqbSNdYQiUl+XsGRsSaG0qWFXHLLR9+QTg="},"indexInfo":{"baseKey":"BcTEVH5SsLbLkUqADDrtXPFisqeDtbZXBBwseRT/9M9V","baseKeyType":1,"closed":-1,"used":1688113170929,"created":1688113170929,"remoteIdentityKey":"BYRaPT/0mBiwKGTxV9IO3dcx/z4YXrSLNyK7HVpc6mpo"},"_chains":{"BVLgBEWXDKA2+Hy20/qT7paB3irKcYHB9CZZmKw5BK1d":{"chainKey":{"counter":0,"key":"qiY19G+6O/i6ZLtOrwbuqdf16ZeLFrB51K8DB5dxoU8="},"chainType":1,"messageKeys":{}}},"pendingPreKey":{"signedKeyId":7,"baseKey":"BcTEVH5SsLbLkUqADDrtXPFisqeDtbZXBBwseRT/9M9V","preKeyId":10896258}}},"version":"v1"}