{"_sessions":{"BZTt9DFoSq3lYE72tTC+Pmzp+6IzY1VYznuv9g6UUUZ9":{"registrationId":299638227,"currentRatchet":{"ephemeralKeyPair":{"pubKey":"BS0eRDkSlcLUzL5ug4Mke888UZfZVNJRuyS9/Pmnk45d","privKey":"2FNKH1IQGjZKDSI3uF1sFVJ3MH53enmzJ5RM90CS1n8="},"lastRemoteEphemeralKey":"BRlr35C2qbMF8eWWCI3AG1vmMG/Solr6hNPZKXiZHzou","previousCounter":0,"rootKey":"u8se64M+0R37M21MoO3j5CokXMXESjta65EquWFjUKI="},"indexInfo":{"baseKey":"BZTt9DFoSq3lYE72tTC+Pmzp+6IzY1VYznuv9g6UUUZ9","baseKeyType":1,"closed":-1,"used":1688113169588,"created":1688113169588,"remoteIdentityKey":"BYTI3aaP6MW3mx07SDXby2Cx2ZqPW/z+N9nr6+NWHyxb"},"_chains":{"BS0eRDkSlcLUzL5ug4Mke888UZfZVNJRuyS9/Pmnk45d":{"chainKey":{"counter":0,"key":"uto1Xf0rR2oPoJUeB5cAOtpfozRHyV5s9LCUL3mWfcA="},"chainType":1,"messageKeys":{}}},"pendingPreKey":{"signedKeyId":18,"baseKey":"BZTt9DFoSq3lYE72tTC+Pmzp+6IzY1VYznuv9g6UUUZ9","preKeyId":2355458}}},"version":"v1"}