{"_sessions":{"BWgRjPtUAQX7sUeZ2WW/2KaKTEFXruWmSOwCy5Ad1iAk":{"registrationId":849,"currentRatchet":{"ephemeralKeyPair":{"pubKey":"BVgca80qY2u9LEXP50OP4WxktowFAz13fm2IJ/TIq0Q2","privKey":"cGhkyz86xq1GBGPK9wDrhllvQSd35jPCLzFezxaDFlI="},"lastRemoteEphemeralKey":"BcndVSzz/gbheW/tJ+TnH8YMRgVu2DwlBo+qKXlD/uJp","previousCounter":0,"rootKey":"oaRecwr6CDudsoKU3Q/QUxMwbQhfFuDDli88kfyXCUo="},"indexInfo":{"baseKey":"BWgRjPtUAQX7sUeZ2WW/2KaKTEFXruWmSOwCy5Ad1iAk","baseKeyType":1,"closed":-1,"used":1688113169306,"created":1688113169306,"remoteIdentityKey":"Bd3sC3ClQqb0ScyElRbL7evGt3f7jBaUPpI6VYM5xk9Q"},"_chains":{"BVgca80qY2u9LEXP50OP4WxktowFAz13fm2IJ/TIq0Q2":{"chainKey":{"counter":0,"key":"JNFKOifByI62IciBQQqnK975OV8MLATXyEva7tCF2Jo="},"chainType":1,"messageKeys":{}}},"pendingPreKey":{"signedKeyId":1,"baseKey":"BWgRjPtUAQX7sUeZ2WW/2KaKTEFXruWmSOwCy5Ad1iAk"}}},"version":"v1"}