{"_sessions":{"Be5p2/YqcBoJtOep2QIN3TjnhQUBSn1Uu82Hiuv57AZ5":{"registrationId":2052899417,"currentRatchet":{"ephemeralKeyPair":{"pubKey":"BbP+nPUhlLcuIzi15mWiq/oguJ0F7IRpzdSHiUoiFJB3","privKey":"gLNvykQv5UNeTZgE5lZ15enNYYaSdHtKW4Bp28+eJ28="},"lastRemoteEphemeralKey":"BTwPjYw/Bb44roNXXtaOYimoVdKR+/FmdU6m6v/XYLhA","previousCounter":0,"rootKey":"kwyCSEnNBKVoHgVSt3ri1ciPZKJojpYQ0Wp7gkhijfw="},"indexInfo":{"baseKey":"Be5p2/YqcBoJtOep2QIN3TjnhQUBSn1Uu82Hiuv57AZ5","baseKeyType":1,"closed":-1,"used":1688113170837,"created":1688113170837,"remoteIdentityKey":"BepZ2GKkyF+KiVWJRUWFGgSsJY2fk1AC3R8g1GLddusi"},"_chains":{"BbP+nPUhlLcuIzi15mWiq/oguJ0F7IRpzdSHiUoiFJB3":{"chainKey":{"counter":0,"key":"3cIbiH5VMU53BFhGS15DTRvli9+z/cdsCRC5jXRH+Yo="},"chainType":1,"messageKeys":{}}},"pendingPreKey":{"signedKeyId":4,"baseKey":"Be5p2/YqcBoJtOep2QIN3TjnhQUBSn1Uu82Hiuv57AZ5","preKeyId":5070275}}},"version":"v1"}