{"_sessions":{"BRYB0UR/uCXDqUmhQlBmLYca0gxs+qWutFjHYOdEQNhg":{"registrationId":583810808,"currentRatchet":{"ephemeralKeyPair":{"pubKey":"BehF3cAi8A+8g2B7AO5FgoLUiuVzLRcfzhXCgexxFvIz","privKey":"COPPq+0BPDkzLmnz0EwQQS4pzDOv9UPNXDmPrxt4MUw="},"lastRemoteEphemeralKey":"BX6c8WU6rchubWjj6uji2SugKXJCn2notB4XV6MFZyol","previousCounter":0,"rootKey":"BY7CDdgPwH1dlT4HMH311lX6Vmp3sG2d3K0WA9F8qyM="},"indexInfo":{"baseKey":"BRYB0UR/uCXDqUmhQlBmLYca0gxs+qWutFjHYOdEQNhg","baseKeyType":2,"closed":-1,"used":1688113161129,"created":1688113161129,"remoteIdentityKey":"BdNfb9T0Del7Qgn4bTUGLDvnqLa7gxYo5FNSeXl4ud4l"},"_chains":{"BX6c8WU6rchubWjj6uji2SugKXJCn2notB4XV6MFZyol":{"chainKey":{"counter":0,"key":"WbcKzMazo+4VOHLS6iKAaYJvrCrO0PPPkdcGUe08h0s="},"chainType":2,"messageKeys":{}},"BehF3cAi8A+8g2B7AO5FgoLUiuVzLRcfzhXCgexxFvIz":{"chainKey":{"counter":0,"key":"DPHvMQBTQI3O+CG8Mg1rAZdJoLvkGs09loz3VhaAyzU="},"chainType":1,"messageKeys":{}}}}},"version":"v1"}