{"_sessions":{"BfWVbcUN/fjns/D2U1T3/px9DPA5Xwwd9E2x8XmAh9dE":{"registrationId":2014314855,"currentRatchet":{"ephemeralKeyPair":{"pubKey":"BUSY6W91d6IWbk1voub6naSUXc8cjq+mSd/cEN9YfmwH","privKey":"4AXYHF2hCcVKQItsOnqc6uwExP1yQFAItCrGHahTO2I="},"lastRemoteEphemeralKey":"BZ0qmK2NrCPvdhTDClti3O0VmgLsIup5/sYq0MV/i4Aj","previousCounter":0,"rootKey":"x3QI0VJue/lWICBrdxfp367xR2TjujN/HMffXqvyfbU="},"indexInfo":{"baseKey":"BfWVbcUN/fjns/D2U1T3/px9DPA5Xwwd9E2x8XmAh9dE","baseKeyType":1,"closed":-1,"used":1688113170224,"created":1688113170224,"remoteIdentityKey":"Ba2MCoIW9P5NGjNIWI3n/cq3xSxgFTmmAGBzAj/445BI"},"_chains":{"BUSY6W91d6IWbk1voub6naSUXc8cjq+mSd/cEN9YfmwH":{"chainKey":{"counter":0,"key":"CuaqWE1sxuDA1mqJGc8IcS2kNfkscFqJ+fyyQUJGJjU="},"chainType":1,"messageKeys":{}}},"pendingPreKey":{"signedKeyId":1,"baseKey":"BfWVbcUN/fjns/D2U1T3/px9DPA5Xwwd9E2x8XmAh9dE","preKeyId":15115182}}},"version":"v1"}