{"_sessions":{"BVpJj43H08TpsKJ8vSzfTRbYiJxUm/vjwH0b7AQ9BL0k":{"registrationId":1443275981,"currentRatchet":{"ephemeralKeyPair":{"pubKey":"BYNNJfVY7tltcv5mJi6+tHbf/RBr6nJnu2vMaBCrsfNL","privKey":"EOxreLVAotL1C2nqNkkAl3RNUcpBf77h7VNjsx2sX00="},"lastRemoteEphemeralKey":"BSNi1F8+k+zcGzks+EhVUczSuo5u/A6RU6nh+hpRM8gM","previousCounter":0,"rootKey":"+1kJSa/G1IcoBQ0EE+dEOhy6+qDn+vazf6pey7m/Swk="},"indexInfo":{"baseKey":"BVpJj43H08TpsKJ8vSzfTRbYiJxUm/vjwH0b7AQ9BL0k","baseKeyType":1,"closed":-1,"used":1688113170082,"created":1688113170082,"remoteIdentityKey":"BZg9kLhdCVNOuWFdMBppysWCtKWfwDv5mnJhOiLErZlT"},"_chains":{"BYNNJfVY7tltcv5mJi6+tHbf/RBr6nJnu2vMaBCrsfNL":{"chainKey":{"counter":0,"key":"wuizPCpqOWi9zTfT1FHHbdId/9EdiimlPu5Hwqtqtcs="},"chainType":1,"messageKeys":{}}},"pendingPreKey":{"signedKeyId":0,"baseKey":"BVpJj43H08TpsKJ8vSzfTRbYiJxUm/vjwH0b7AQ9BL0k","preKeyId":13175523}}},"version":"v1"}