{"_sessions":{"BVHPA8iwQghIU1DO6CQiz1JBL1qeMG9kt+I15TZaP8sz":{"registrationId":73435758,"currentRatchet":{"ephemeralKeyPair":{"pubKey":"Bav74DJQpfI0JVFym7thy8T++J7PgiSUqWqHhVKEaXlx","privKey":"cKbY65pqgm7CnTMuJZ+6FtLJ4q+raJhRYHWeQDWIOFc="},"lastRemoteEphemeralKey":"Bd0CL3L1FwibUGHI92NZOKnJCd6/ibPeLDZAGm+L7/Rp","previousCounter":0,"rootKey":"uGL2SdJHcWC1U5qPp6sbq5lPqiw6+DT7yPe1zvmICug="},"indexInfo":{"baseKey":"BVHPA8iwQghIU1DO6CQiz1JBL1qeMG9kt+I15TZaP8sz","baseKeyType":1,"closed":-1,"used":1688113169961,"created":1688113169961,"remoteIdentityKey":"BRL5JNbG/Rs7pmI2lpQDm12JsYFPX2xQU3yzlqmZmi9k"},"_chains":{"Bav74DJQpfI0JVFym7thy8T++J7PgiSUqWqHhVKEaXlx":{"chainKey":{"counter":0,"key":"wNxrXCiIW1UyTbUIozFXg7G/O9asYKbvg5hd1a7IbeE="},"chainType":1,"messageKeys":{}}},"pendingPreKey":{"signedKeyId":14,"baseKey":"BVHPA8iwQghIU1DO6CQiz1JBL1qeMG9kt+I15TZaP8sz","preKeyId":6437998}}},"version":"v1"}