{"_sessions":{"BUkJViaei+g2A/SOcdySZSUSpcvQ7a2RlMnXNcaaJd12":{"registrationId":226099492,"currentRatchet":{"ephemeralKeyPair":{"pubKey":"Ba32UllBi+fH+EobVB+2mo0ICRRdQy2gAMTRkSB61Yd0","privKey":"kDttVAu1ih3UmtCFEKoKiZh1Lxn2p/FawBhyve7nH1M="},"lastRemoteEphemeralKey":"Ba0Htz8cKb1lHo+sHFk/PcdZkPUSNZ/z/NK8GF2kIUp3","previousCounter":0,"rootKey":"DhAYDhw92WDqLBySTuvdv4omuZL6P/RhUz4N6d01lzg="},"indexInfo":{"baseKey":"BUkJViaei+g2A/SOcdySZSUSpcvQ7a2RlMnXNcaaJd12","baseKeyType":1,"closed":-1,"used":1688113170406,"created":1688113170406,"remoteIdentityKey":"Bd3z3UC2HUI1SzTA5Hqq/BpBdHbkOMsP8jVUkRSrYega"},"_chains":{"Ba32UllBi+fH+EobVB+2mo0ICRRdQy2gAMTRkSB61Yd0":{"chainKey":{"counter":0,"key":"tPMsNu70lbdUQjGNNearMA5h4oe5yuO9mHyoIYJPVvg="},"chainType":1,"messageKeys":{}}},"pendingPreKey":{"signedKeyId":15,"baseKey":"BUkJViaei+g2A/SOcdySZSUSpcvQ7a2RlMnXNcaaJd12","preKeyId":1449431}}},"version":"v1"}