{"_sessions":{"BfL2yYnG6QtQyyzBajw0jrkYcOk63znoc24Rtrw37DUj":{"registrationId":1392626450,"currentRatchet":{"ephemeralKeyPair":{"pubKey":"BW6PBKReyI1EYGNY+zJ6cT7xchNxIiLpShjOuNVQDSgT","privKey":"iJLYeHVyd9BMuY9CzZxkZ1oRgL/taQyaB4K9y/ymglg="},"lastRemoteEphemeralKey":"BXSCnZputnotOozT5umM10R4K1MKWZUqoNwkmikoF6VM","previousCounter":0,"rootKey":"q8EEOdXJSbSVSr2efW34atCA+bwIDoftFZWLXUJEXrI="},"indexInfo":{"baseKey":"BfL2yYnG6QtQyyzBajw0jrkYcOk63znoc24Rtrw37DUj","baseKeyType":1,"closed":-1,"used":1688113169658,"created":1688113169658,"remoteIdentityKey":"BeG9Ul+0F3hDb8oQnuFwSEiDhbbzV5B346qDpkVEShBs"},"_chains":{"BW6PBKReyI1EYGNY+zJ6cT7xchNxIiLpShjOuNVQDSgT":{"chainKey":{"counter":0,"key":"Wj5T89LXm24RgTjZ/SCI7qKFZDUQDuTi+d5chAcpENo="},"chainType":1,"messageKeys":{}}},"pendingPreKey":{"signedKeyId":2,"baseKey":"BfL2yYnG6QtQyyzBajw0jrkYcOk63znoc24Rtrw37DUj","preKeyId":5559333}}},"version":"v1"}