{"_sessions":{"BZ/yHaDBOcEVclga0gW011k5/oNFxSCNlcFpJSHWxusc":{"registrationId":207963874,"currentRatchet":{"ephemeralKeyPair":{"pubKey":"BRrr0Dviqgluy9SEfgll8gAlX6WKlYut/93SItczLsY6","privKey":"OBV4JEX91PNWiHxH8chhlIOItHT73pGYhaQI4TemLl8="},"lastRemoteEphemeralKey":"BaB5bl+r7/ZQ8razEAzpoeiSUrdbCW+ojX6fssF2Im8S","previousCounter":0,"rootKey":"Go3sc2ixxvqQ+zP1IYvtJlImpT55+exeYDs23s40Lzo="},"indexInfo":{"baseKey":"BZ/yHaDBOcEVclga0gW011k5/oNFxSCNlcFpJSHWxusc","baseKeyType":1,"closed":-1,"used":1688113169966,"created":1688113169966,"remoteIdentityKey":"BYxFi19SRIYgMZVNsMV7bKiT/jHAwqWoNRXKeJwE3+gp"},"_chains":{"BRrr0Dviqgluy9SEfgll8gAlX6WKlYut/93SItczLsY6":{"chainKey":{"counter":0,"key":"55qhZ8ymjKz5T8Y6iFB7a+a7rmBVFrq044REX6OVvAg="},"chainType":1,"messageKeys":{}}},"pendingPreKey":{"signedKeyId":2,"baseKey":"BZ/yHaDBOcEVclga0gW011k5/oNFxSCNlcFpJSHWxusc","preKeyId":4329750}}},"version":"v1"}