{"_sessions":{"BaxUp2KEwn/3nOILh6AhV3Ec5/4vZvEZ326mw2dCUAk0":{"registrationId":846863123,"currentRatchet":{"ephemeralKeyPair":{"pubKey":"BRLiekk66ECEa2/ehkfMqbzVpVJ27dsh4FIQqCjfpRYD","privKey":"aBFigdyZV4nmisKhdXlnzWkAfmWAVqkHRJgQDy93NHY="},"lastRemoteEphemeralKey":"BbDqlnioOGnaULNbD/ACjBr+InqopR00BdnGWFd+HnZp","previousCounter":0,"rootKey":"B60XwHnhgS8Aad4oBwOf9KLEjl77eI8gmhmizR0MVwc="},"indexInfo":{"baseKey":"BaxUp2KEwn/3nOILh6AhV3Ec5/4vZvEZ326mw2dCUAk0","baseKeyType":1,"closed":-1,"used":1688113170135,"created":1688113170135,"remoteIdentityKey":"BX5rNx/btzQtr3kczno18ipPFISHOggcrRTtR3sxF8lF"},"_chains":{"BRLiekk66ECEa2/ehkfMqbzVpVJ27dsh4FIQqCjfpRYD":{"chainKey":{"counter":0,"key":"GkYaLgqLf+Th4gLUzlIR5djs5WFdV1LCupuAeeokylo="},"chainType":1,"messageKeys":{}}},"pendingPreKey":{"signedKeyId":0,"baseKey":"BaxUp2KEwn/3nOILh6AhV3Ec5/4vZvEZ326mw2dCUAk0","preKeyId":15816525}}},"version":"v1"}