{"_sessions":{"BVts3FAng3B4hx6pXwMDWj65jYd2/Z1xwCLDvOYA/7oK":{"registrationId":234920303,"currentRatchet":{"ephemeralKeyPair":{"pubKey":"Bb/bdw4wO2WoxZjZbke91QxsIAMil5+PRSnUC8eTHC1c","privKey":"aCPG4XBGYttasVEamWLalaNJrjniICg5Yv30J7mXc0Y="},"lastRemoteEphemeralKey":"BZS5KqUrtIRms4BcQ9qEX95AdYD75cWU3t5BOpkRDedo","previousCounter":0,"rootKey":"DaJfsRQG2XSVU4QmNVy6Fq5rTzhwY879mkAOpx4HN1s="},"indexInfo":{"baseKey":"BVts3FAng3B4hx6pXwMDWj65jYd2/Z1xwCLDvOYA/7oK","baseKeyType":1,"closed":-1,"used":1688113170597,"created":1688113170597,"remoteIdentityKey":"Bes+RT6WqI9oSSvhykIEXJQutcHDoeQlFeJn+t6Txe1K"},"_chains":{"Bb/bdw4wO2WoxZjZbke91QxsIAMil5+PRSnUC8eTHC1c":{"chainKey":{"counter":0,"key":"CR107KBpS9EmF2KhyU1xW4ZLA+kg6VCFAY+LA2EcajU="},"chainType":1,"messageKeys":{}}},"pendingPreKey":{"signedKeyId":0,"baseKey":"BVts3FAng3B4hx6pXwMDWj65jYd2/Z1xwCLDvOYA/7oK","preKeyId":426608}}},"version":"v1"}