{"_sessions":{"BWsGeMWrvakItCdSBen05VBZiJOI8+N4XzoWJKSxIyJ1":{"registrationId":550670382,"currentRatchet":{"ephemeralKeyPair":{"pubKey":"BYjrtZey5ZDO5wwdwqHDmRaRwWCBpcPjA4zcCIbtnix/","privKey":"AESigsttoy3o0pezb5D9Hicw4jF9CFYhwXqUblPm3kc="},"lastRemoteEphemeralKey":"BTXdybluNgYzXPkACrMq16BT8+YRcFgedJE96zIrROwR","previousCounter":0,"rootKey":"pxEwfgZnBuy8mRKoJ59HAEOmECZBXfUexyAjtAn91Uw="},"indexInfo":{"baseKey":"BWsGeMWrvakItCdSBen05VBZiJOI8+N4XzoWJKSxIyJ1","baseKeyType":1,"closed":-1,"used":1688113170864,"created":1688113170864,"remoteIdentityKey":"BS1GR9DiQTTWpN21W3R3tZ1EzI4j5NU17J3i9EWZIqpi"},"_chains":{"BYjrtZey5ZDO5wwdwqHDmRaRwWCBpcPjA4zcCIbtnix/":{"chainKey":{"counter":0,"key":"k0nczCIEsDBBffYjp/KuXPFRaJ2EUpEWhBp6yfmrkIU="},"chainType":1,"messageKeys":{}}},"pendingPreKey":{"signedKeyId":5,"baseKey":"BWsGeMWrvakItCdSBen05VBZiJOI8+N4XzoWJKSxIyJ1","preKeyId":13607820}}},"version":"v1"}