{"_sessions":{"Bd34G8/eFYGwYr1X2lANfw89258XYG996C2kjdw94hNK":{"registrationId":4316,"currentRatchet":{"ephemeralKeyPair":{"pubKey":"BW/M+y0EtxlktwlmD+ReA2PwHpPB+QI0+LXod7mA24sW","privKey":"MLsSVNNq04u29eitwQVJj3di5ac8At02ZeRF1IvOD34="},"lastRemoteEphemeralKey":"BeBt51YGeCsflO5h92y28wEWg5+WZ7/nU0r06S+hqXYM","previousCounter":0,"rootKey":"UhKOyVpzvP9Xhh8WttctHszRpfaVDgVFQG29aNl5UT4="},"indexInfo":{"baseKey":"Bd34G8/eFYGwYr1X2lANfw89258XYG996C2kjdw94hNK","baseKeyType":1,"closed":-1,"used":1688113169289,"created":1688113169289,"remoteIdentityKey":"BWeJtel1n6oyLjE1A3SP86p1JEb0kCrgr9jvU9IuJT5z"},"_chains":{"BW/M+y0EtxlktwlmD+ReA2PwHpPB+QI0+LXod7mA24sW":{"chainKey":{"counter":0,"key":"xlfeobVCtsYY3SiKjzxZo7pK879YhVrGzBzwj8n6Oig="},"chainType":1,"messageKeys":{}}},"pendingPreKey":{"signedKeyId":1,"baseKey":"Bd34G8/eFYGwYr1X2lANfw89258XYG996C2kjdw94hNK","preKeyId":284}}},"version":"v1"}