{"_sessions":{"BcwgoD4IDs2UIWPx3suP8y1E1/1S0zO+Zc9Cd9P/J68Q":{"registrationId":2002936469,"currentRatchet":{"ephemeralKeyPair":{"pubKey":"BfKSWbvQk9j9cRMlO2wcfC8AOqd1rofI6tLRA2Hshyll","privKey":"oMIXY6TML4a3hwqLGVjJqFW6cQ3KMuM4CPfCBXlOCW8="},"lastRemoteEphemeralKey":"BSYwsnxjZ1DxXX9PUkRkr73fkO5/YkIYXbSVuNd0ITgO","previousCounter":0,"rootKey":"OYE54Y4TNmhHcbWhv9gaNGdFe73T6mEAVxb15g1pfcc="},"indexInfo":{"baseKey":"BcwgoD4IDs2UIWPx3suP8y1E1/1S0zO+Zc9Cd9P/J68Q","baseKeyType":1,"closed":-1,"used":1688113170023,"created":1688113170023,"remoteIdentityKey":"BQUzLUQnMwVELvBH1Kd4la1LJNLhJnf6uRQuVDAXCeIA"},"_chains":{"BfKSWbvQk9j9cRMlO2wcfC8AOqd1rofI6tLRA2Hshyll":{"chainKey":{"counter":0,"key":"7k0OPTl0oudrCG18fowt0dzBwNkLs34c1wm4HOKc8DQ="},"chainType":1,"messageKeys":{}}},"pendingPreKey":{"signedKeyId":17,"baseKey":"BcwgoD4IDs2UIWPx3suP8y1E1/1S0zO+Zc9Cd9P/J68Q","preKeyId":14861828}}},"version":"v1"}