{"_sessions":{"BenK6DMhe+B0sDP2yKT6tYrNEC0idkPpRjtEEe7IgN47":{"registrationId":1578658978,"currentRatchet":{"ephemeralKeyPair":{"pubKey":"BUoXUC/R877gxFqj+SH5NyzCaNjQ+Lqz+cMQkez1/3VR","privKey":"GAnMp0aUUJGCZiNomxmbYXsmduhOvPynHe92adrBTX8="},"lastRemoteEphemeralKey":"BUS6OlGKolYG0jNw7SrVF1sixY1vaVal3eSfjYIzTOJ/","previousCounter":0,"rootKey":"CTPbRj26amyeF5XsvoM4d2ull16uO2PvWoyD8976uhU="},"indexInfo":{"baseKey":"BenK6DMhe+B0sDP2yKT6tYrNEC0idkPpRjtEEe7IgN47","baseKeyType":1,"closed":-1,"used":1688113170805,"created":1688113170805,"remoteIdentityKey":"BdbgweQ7nPd3o3zphyg8bGnFZPqXQKnd07uQjyZI+FB4"},"_chains":{"BUoXUC/R877gxFqj+SH5NyzCaNjQ+Lqz+cMQkez1/3VR":{"chainKey":{"counter":0,"key":"EYs0KtpvdylQYlIfYzTUeY8u8Lc3K+BkbO+jjYpOs4k="},"chainType":1,"messageKeys":{}}},"pendingPreKey":{"signedKeyId":2,"baseKey":"BenK6DMhe+B0sDP2yKT6tYrNEC0idkPpRjtEEe7IgN47","preKeyId":16613936}}},"version":"v1"}