{"_sessions":{"BYBwPmu85W4td072vUbr6HcplOkdPvxCyBUmT0GlbmcF":{"registrationId":508757611,"currentRatchet":{"ephemeralKeyPair":{"pubKey":"BfD4u3F5fjYGeptGP1jiExrCrch065weSAsPwLJQ9fcl","privKey":"OK63wOeq8jb95dxWrtwNXsRzZqEN260SYYQLqChN3HM="},"lastRemoteEphemeralKey":"BeNGreJOL8GyHGZnsiGpf3BXZVDB7eeNBKYdFu1p33Ii","previousCounter":0,"rootKey":"CmSDaWGm3PWv5B4zG8QejK8UM0U+0bvEi4nU4IN/I5k="},"indexInfo":{"baseKey":"BYBwPmu85W4td072vUbr6HcplOkdPvxCyBUmT0GlbmcF","baseKeyType":1,"closed":-1,"used":1688113170056,"created":1688113170056,"remoteIdentityKey":"BSAD7+0SX9bbyR6oBg2qZgAqeeOc3YMiGTlcPpziHIpi"},"_chains":{"BfD4u3F5fjYGeptGP1jiExrCrch065weSAsPwLJQ9fcl":{"chainKey":{"counter":0,"key":"cSPNspPAtpOw54cHT+UvNX/VdUlfReLC+GpnQnWZZkU="},"chainType":1,"messageKeys":{}}},"pendingPreKey":{"signedKeyId":4,"baseKey":"BYBwPmu85W4td072vUbr6HcplOkdPvxCyBUmT0GlbmcF","preKeyId":2181262}}},"version":"v1"}