{"_sessions":{"BY4DOmcYaoeDPmtdAafo7SE1CZXh16EJ56b/Wpl6gs5V":{"registrationId":1961593959,"currentRatchet":{"ephemeralKeyPair":{"pubKey":"BX61vPJa2mtppFND3u0N197Xd/I8cgEIIQbA1RWcJMcf","privKey":"kGw9vj3YRsEScRU2IPlvmYD1pJqiiaItXagKrKoZVEE="},"lastRemoteEphemeralKey":"BRDN6wr/CrXwY9bHw3Bt9s8nwuQqQADyco705Al0eDBS","previousCounter":0,"rootKey":"fohPUqmN0oJWzF0yua/Ocvs7RQqf8QoWSgy6iBki8MM="},"indexInfo":{"baseKey":"BY4DOmcYaoeDPmtdAafo7SE1CZXh16EJ56b/Wpl6gs5V","baseKeyType":1,"closed":-1,"used":1688113169903,"created":1688113169903,"remoteIdentityKey":"BdbXY4XhDCiL6wz+Flt6T5/D+Fwj1YqrfTBPIWYsxIhO"},"_chains":{"BX61vPJa2mtppFND3u0N197Xd/I8cgEIIQbA1RWcJMcf":{"chainKey":{"counter":0,"key":"zxAXJmQAMvH11pBCjqk/j0KpcikX1nssBiYWewy6Uow="},"chainType":1,"messageKeys":{}}},"pendingPreKey":{"signedKeyId":10,"baseKey":"BY4DOmcYaoeDPmtdAafo7SE1CZXh16EJ56b/Wpl6gs5V","preKeyId":10730630}}},"version":"v1"}