{"_sessions":{"BUWQ4qJ76cfJ0qZEm9VQSAwYMrHLdK/hOSlf90z1FnI+":{"registrationId":15409,"currentRatchet":{"ephemeralKeyPair":{"pubKey":"BZCRTkl1jWnQ2zOJADibKGKXLfZzVAF2CStFwqBoSYl4","privKey":"QI6nmSfZLYIzWvWGB7Mbb+OiSyXYWrR2XejjyKzjylA="},"lastRemoteEphemeralKey":"BUOSsQYG3LBYd67363JQWcvwKVrGsKzSHsDEJDLQ5cIc","previousCounter":0,"rootKey":"Hv+PASlpNu7FhLw/haQDCvHbxBpnzoj/YdcQ6JlMdLQ="},"indexInfo":{"baseKey":"BUWQ4qJ76cfJ0qZEm9VQSAwYMrHLdK/hOSlf90z1FnI+","baseKeyType":1,"closed":-1,"used":1688110901653,"created":1688110901653,"remoteIdentityKey":"BeF+NoQu+iQCB+nUvD15RvZLq4CZAO4Te/KQZ1jmKNU6"},"_chains":{"BZCRTkl1jWnQ2zOJADibKGKXLfZzVAF2CStFwqBoSYl4":{"chainKey":{"counter":26,"key":"+kHudLT5Gsg3rN6Ptt76vyNqQkGKQp6iqWECe5UvLeY="},"chainType":1,"messageKeys":{}}},"pendingPreKey":{"signedKeyId":1,"baseKey":"BUWQ4qJ76cfJ0qZEm9VQSAwYMrHLdK/hOSlf90z1FnI+","preKeyId":808}}},"version":"v1"}