{"_sessions":{"BQs4bhm4nrFCgP2iqjf6FYDtGWfzftLlwrVEVD+pGTAV":{"registrationId":759161917,"currentRatchet":{"ephemeralKeyPair":{"pubKey":"BXUMbOH1X2WlMX2C65X/iWMHrnCnPvFOZuHAbQEZSHQe","privKey":"UCSLCMIxHrnAGGOg7xUs+EROC8IHL3xkwqMkvyOnU2w="},"lastRemoteEphemeralKey":"BZCtWoIIISkptEHeMPCk1JNAPkOnkSH0Mzg0+U10zL9i","previousCounter":0,"rootKey":"AzvUbhrMoPQiXkOzjKE1BMuBiuDUvx3uMBas0EE1paI="},"indexInfo":{"baseKey":"BQs4bhm4nrFCgP2iqjf6FYDtGWfzftLlwrVEVD+pGTAV","baseKeyType":1,"closed":-1,"used":1688113170171,"created":1688113170171,"remoteIdentityKey":"BcuiLdVnEgWuLh0U1CptjZNMtq0LBx/g24bvHnbZewU8"},"_chains":{"BXUMbOH1X2WlMX2C65X/iWMHrnCnPvFOZuHAbQEZSHQe":{"chainKey":{"counter":0,"key":"mKBeWeF+oCCvtMt7c4gJPLXR91n9o/acvI+BU6eCrgM="},"chainType":1,"messageKeys":{}}},"pendingPreKey":{"signedKeyId":33,"baseKey":"BQs4bhm4nrFCgP2iqjf6FYDtGWfzftLlwrVEVD+pGTAV","preKeyId":1831175}}},"version":"v1"}