{"_sessions":{"BZu9v/SOHGyJwbeMcBKUIldudlfozNJ1lZ8SRQ3w7cND":{"registrationId":538206041,"currentRatchet":{"ephemeralKeyPair":{"pubKey":"Bdoo3nT7S9TsFHDnJw1+nsvZ+maAmOnZ9eEgNd2A3CBT","privKey":"gBVYxHumxq7ubm5kuishq7xViACSNiUSVFSg8pw7sHU="},"lastRemoteEphemeralKey":"BQVRu26si/bmVNMqdb8GjPE4RSL5q+XHrrcao1QwfrtJ","previousCounter":0,"rootKey":"bAJJKal/1r49lHAD/Xs+SWVs78c3IKlNdUsxjpNwFU4="},"indexInfo":{"baseKey":"BZu9v/SOHGyJwbeMcBKUIldudlfozNJ1lZ8SRQ3w7cND","baseKeyType":1,"closed":-1,"used":1688113169670,"created":1688113169670,"remoteIdentityKey":"BUZsXDhoQIK1UpBY4eHGzYx9//LAs3MbpdWbbK2BOEZD"},"_chains":{"Bdoo3nT7S9TsFHDnJw1+nsvZ+maAmOnZ9eEgNd2A3CBT":{"chainKey":{"counter":0,"key":"eVZm8WEo3bM1YsEsvvpJXYJw1zhVkf73BXcfwKNvzWw="},"chainType":1,"messageKeys":{}}},"pendingPreKey":{"signedKeyId":8,"baseKey":"BZu9v/SOHGyJwbeMcBKUIldudlfozNJ1lZ8SRQ3w7cND","preKeyId":364392}}},"version":"v1"}