{"_sessions":{"BZ57vBFhp/xM4Ej6sXBNgsyCSlGjY2Tu1N5Cwq6KJRMy":{"registrationId":1479850842,"currentRatchet":{"ephemeralKeyPair":{"pubKey":"BSZ2sEYiiYztefuKZyBJTa9YezuxXfsQ1OIp9O7qM0ck","privKey":"ADF80umKpBnhHmO+5TO3WWe5rid31yPoV5PyAa+ykF8="},"lastRemoteEphemeralKey":"BWCNxkr6moZP8JGX9cjcwc+YKebBuRWiDax2qTZ4VfU0","previousCounter":0,"rootKey":"UlhiVaeO1zWnAR7VSyLyQPKL3OWMK/oF05qpCzQwREE="},"indexInfo":{"baseKey":"BZ57vBFhp/xM4Ej6sXBNgsyCSlGjY2Tu1N5Cwq6KJRMy","baseKeyType":1,"closed":-1,"used":1688113169781,"created":1688113169781,"remoteIdentityKey":"BRZ89qp8Ft4QcjX1jAX9DlKH8A1KPdWDMffGrkcVU3s9"},"_chains":{"BSZ2sEYiiYztefuKZyBJTa9YezuxXfsQ1OIp9O7qM0ck":{"chainKey":{"counter":0,"key":"NlYJTmpfz6oVvSE3w6irun2aX1gcrS9qwXB8ZjcBEUw="},"chainType":1,"messageKeys":{}}},"pendingPreKey":{"signedKeyId":1,"baseKey":"BZ57vBFhp/xM4Ej6sXBNgsyCSlGjY2Tu1N5Cwq6KJRMy","preKeyId":12714821}}},"version":"v1"}