{"_sessions":{"BfkWALsdWKuyGgQl+oFLeYhxoz/vsBUh/fihmhHkeuNU":{"registrationId":5524,"currentRatchet":{"ephemeralKeyPair":{"pubKey":"Bb1fPiKJ/DAbaZUE29RSVYOS8Q6vG4RKLX8lo40jFwd/","privKey":"oC1GbBVMq0bM5jBZmZtGYVzwre27pMtNICAYqEfComY="},"lastRemoteEphemeralKey":"BSwu2EF5e90lzWQZrWktxXw6O0jwJdYsBc2kGHgGdaY+","previousCounter":0,"rootKey":"cVqxRllfwfQimUBX+VZ7fhRU+/iBzIc84XMz248k3Dk="},"indexInfo":{"baseKey":"BfkWALsdWKuyGgQl+oFLeYhxoz/vsBUh/fihmhHkeuNU","baseKeyType":1,"closed":-1,"used":1688113169498,"created":1688113169498,"remoteIdentityKey":"BXX8qauV05zLxWxxzffdUlgxwAqT3vZe9SUZ/m06LwYP"},"_chains":{"Bb1fPiKJ/DAbaZUE29RSVYOS8Q6vG4RKLX8lo40jFwd/":{"chainKey":{"counter":0,"key":"AsjLma4jN9Xfu++FQJLCf+pdJrhQ+Xw6+YltctsWk5c="},"chainType":1,"messageKeys":{}}},"pendingPreKey":{"signedKeyId":1,"baseKey":"BfkWALsdWKuyGgQl+oFLeYhxoz/vsBUh/fihmhHkeuNU"}}},"version":"v1"}