{"_sessions":{"BV/OWdr5Lq1pHroIJi4PnbMxmycLuPGxS7oNmeL2jOJS":{"registrationId":337988720,"currentRatchet":{"ephemeralKeyPair":{"pubKey":"BXpCKhzp5aQhQnNcmxL6Pms4aqPQuTaA3eRwoDtHBE15","privKey":"sNpztyJHiu5lvEa3NCI8JT3ztCjKAA0P7JuRGeRbHFM="},"lastRemoteEphemeralKey":"BQSd5CYLB+9JVL6mK9t1N7MLNJSWDVZn1UKGEB+nHo0K","previousCounter":0,"rootKey":"kf8bKfUxhiMT1x9GQjYNjCnTBMmwFM9xyJGLYfbDiBg="},"indexInfo":{"baseKey":"BV/OWdr5Lq1pHroIJi4PnbMxmycLuPGxS7oNmeL2jOJS","baseKeyType":1,"closed":-1,"used":1688113170822,"created":1688113170822,"remoteIdentityKey":"Bdq3G7rvaRSStL28AV1fv0q2dky0XawyvTZb8s+2JBkw"},"_chains":{"BXpCKhzp5aQhQnNcmxL6Pms4aqPQuTaA3eRwoDtHBE15":{"chainKey":{"counter":0,"key":"zaMhNd5RcMRzM9dbm2NsXcrohdDc5vXuskFQ/f4c2e0="},"chainType":1,"messageKeys":{}}},"pendingPreKey":{"signedKeyId":17,"baseKey":"BV/OWdr5Lq1pHroIJi4PnbMxmycLuPGxS7oNmeL2jOJS","preKeyId":7619674}}},"version":"v1"}