{"_sessions":{"BYoegqB8nY9jkApUNZz1oqQiODQ9a/+AXCyC7+yELDov":{"registrationId":1937922143,"currentRatchet":{"ephemeralKeyPair":{"pubKey":"BVywnO8bQ6LFe3uh7xM1pTHutt3r8g3wNq/r70fWPvZl","privKey":"yBV9bne+chAOUyORwsKAoRS6PR/tpjVysuEBW9us8Fo="},"lastRemoteEphemeralKey":"BX1sqr8U2++cHzNS90pbkNiu/Bcw2y1mNU7bkd+wwdtx","previousCounter":0,"rootKey":"1TkoaEbg7Mkij8PPc0Ho+tjsD51VXvYY7GYDr/IqqF4="},"indexInfo":{"baseKey":"BYoegqB8nY9jkApUNZz1oqQiODQ9a/+AXCyC7+yELDov","baseKeyType":1,"closed":-1,"used":1688113170011,"created":1688113170011,"remoteIdentityKey":"BQ8W/ZYoqOKrzldTdqbtHEYkNr9NGNPo6sXyzuwuCktk"},"_chains":{"BVywnO8bQ6LFe3uh7xM1pTHutt3r8g3wNq/r70fWPvZl":{"chainKey":{"counter":0,"key":"1VoXgEWIjSwwJmqObRz6fRVQQEpmMal44p+0n0up08U="},"chainType":1,"messageKeys":{}}},"pendingPreKey":{"signedKeyId":1,"baseKey":"BYoegqB8nY9jkApUNZz1oqQiODQ9a/+AXCyC7+yELDov","preKeyId":14656311}}},"version":"v1"}