{"_sessions":{"BTg1I//SwpPsL832p2933S1ZEfMuMN2JiTbEchKnIzoE":{"registrationId":928741112,"currentRatchet":{"ephemeralKeyPair":{"pubKey":"BVG1mqkQ6feoTPgdksaemYSGwsNEcXMonTeKS6srqRlE","privKey":"+KippRulePNpMlZXxTxdaZaegNWPsVQa0A2irU2ODXw="},"lastRemoteEphemeralKey":"BWm7ADSN+RXQnmSjrYKCodwgo8HblWf9xroGcy8xIlc6","previousCounter":0,"rootKey":"rb59weblVy8L8ByoZ33hGADM8LOYSIEnJLfHGmx8MxY="},"indexInfo":{"baseKey":"BTg1I//SwpPsL832p2933S1ZEfMuMN2JiTbEchKnIzoE","baseKeyType":1,"closed":-1,"used":1688113169830,"created":1688113169830,"remoteIdentityKey":"BZrQPXc6RTGigSP2snyhnzRx8gPsiAKa2P87VysdzZYD"},"_chains":{"BVG1mqkQ6feoTPgdksaemYSGwsNEcXMonTeKS6srqRlE":{"chainKey":{"counter":0,"key":"9ghFSb4GgyPXM4JeYXZZez7Zen9x4IpB5Kz7/I/aSHg="},"chainType":1,"messageKeys":{}}},"pendingPreKey":{"signedKeyId":2,"baseKey":"BTg1I//SwpPsL832p2933S1ZEfMuMN2JiTbEchKnIzoE","preKeyId":13960593}}},"version":"v1"}