{"_sessions":{"BU/9aKvJP0zJvF9u7SVXPKDxSqI5Pq3Q4r3LPdSjFDIH":{"registrationId":291547992,"currentRatchet":{"ephemeralKeyPair":{"pubKey":"BRe67N8cVqz2/xECjPEdSYxIU3z8+KzfE/sXu/rl4P81","privKey":"MAsX0Tcp9+UZICr+z7dH6qNIjamSeCGVT76WxLojqFg="},"lastRemoteEphemeralKey":"Bd2t71yFALn5EKKEQzMvauoL7c6/6koxK1PcFwBh85dU","previousCounter":0,"rootKey":"g2zdcR9UsS/2dU3RA5MifMfMH5fHitGUiHhXPRZUpl4="},"indexInfo":{"baseKey":"BU/9aKvJP0zJvF9u7SVXPKDxSqI5Pq3Q4r3LPdSjFDIH","baseKeyType":2,"closed":-1,"used":1688110826650,"created":1688110826649,"remoteIdentityKey":"BUc7jpqkvz3MLgMtA6YcKIAYk45UshahFmrXMVu5MAxx"},"_chains":{"Bd2t71yFALn5EKKEQzMvauoL7c6/6koxK1PcFwBh85dU":{"chainKey":{"counter":6,"key":"mQb0IsO8FXAXRLhGTR41Maxz8DWxowPs5Kcx/7OoNzo="},"chainType":2,"messageKeys":{}},"BRe67N8cVqz2/xECjPEdSYxIU3z8+KzfE/sXu/rl4P81":{"chainKey":{"counter":36,"key":"Pji2E5X21cG+yVo+bO7rEe/XNBAyfgY2RAtNiJXuhIU="},"chainType":1,"messageKeys":{}}}}},"version":"v1"}