{"_sessions":{"BSGXUDdV+HGuxndQtjR8GjHXc1hHfMDODnwmThS3mYFf":{"registrationId":761948389,"currentRatchet":{"ephemeralKeyPair":{"pubKey":"BV0l3jFcunDObML9Xr+uyTaYY/5jJNCQbApo3bS+tnUs","privKey":"QKTFOSZsN6H7mLcpWp2tXGacbtEt2IoK7086UC8Fp3s="},"lastRemoteEphemeralKey":"BXUpjC7jQ2b0YQ2zyuslierEk9PUXKdmhhqsBXEuSbAj","previousCounter":0,"rootKey":"AGqsyOJpzZyu2h6FmCuD+rPKZiXnxQzrEfa/1KEQpN0="},"indexInfo":{"baseKey":"BSGXUDdV+HGuxndQtjR8GjHXc1hHfMDODnwmThS3mYFf","baseKeyType":1,"closed":-1,"used":1688113169416,"created":1688113169416,"remoteIdentityKey":"Bf9nkLhVzMXJPLajKOxLFNQ9ZMtt65qCd7pG5vNw+Yhn"},"_chains":{"BV0l3jFcunDObML9Xr+uyTaYY/5jJNCQbApo3bS+tnUs":{"chainKey":{"counter":0,"key":"mWs+ihGh6lqvl8dEGPKodsJUiGC1fPoLzf59EGSN/kU="},"chainType":1,"messageKeys":{}}},"pendingPreKey":{"signedKeyId":2,"baseKey":"BSGXUDdV+HGuxndQtjR8GjHXc1hHfMDODnwmThS3mYFf","preKeyId":7951906}}},"version":"v1"}