{"_sessions":{"Bd4TISAt3HFJNy0H9ob9W+Jky3j5TAeXGDrePkqKL9Ue":{"registrationId":5106,"currentRatchet":{"ephemeralKeyPair":{"pubKey":"BcvUSRBpUY3mmQYijip/ITC+fSFvRdeIWy6hkKZBpIxy","privKey":"WFaGD7QX6HtjOC+Up84JZnEVeEtIonngx4EEhomUJXg="},"lastRemoteEphemeralKey":"Bfj/zH3QdsRXl4iTplD9pXh/vXtqtmUcKFnz2hoEwxtF","previousCounter":0,"rootKey":"8jqrlI99GMmCMtWACA3pGWaJEJ7uLJWkDIi7tsIiOn0="},"indexInfo":{"baseKey":"Bd4TISAt3HFJNy0H9ob9W+Jky3j5TAeXGDrePkqKL9Ue","baseKeyType":1,"closed":-1,"used":1688113169279,"created":1688113169279,"remoteIdentityKey":"BcbCND4ZO6PePpRSqfhvGVyEPqlZhSNNRLBSWRzpEHoT"},"_chains":{"BcvUSRBpUY3mmQYijip/ITC+fSFvRdeIWy6hkKZBpIxy":{"chainKey":{"counter":0,"key":"dg2n3+Bv5uzzYR+EZjrOECLUOEdcE89UpTNuv/PnSKQ="},"chainType":1,"messageKeys":{}}},"pendingPreKey":{"signedKeyId":1,"baseKey":"Bd4TISAt3HFJNy0H9ob9W+Jky3j5TAeXGDrePkqKL9Ue","preKeyId":255}}},"version":"v1"}