{"_sessions":{"BfBtOkOqVddl/5UIzATtC07e1RR+IGuCiIe4vBiOl8F1":{"registrationId":4531,"currentRatchet":{"ephemeralKeyPair":{"pubKey":"Bb2MPRn9Dd8BXMi+OYv6RY7XCkJRpyZCfmmeXD77Ma4v","privKey":"aBQG50hMEPqlTxDLxFWhpnCgzO79Kx2InL2Qz2oRdlo="},"lastRemoteEphemeralKey":"BUic3V0irNtMtwq46TsQ0vdOn5L8yaGZ0kLb0QhIxBt3","previousCounter":0,"rootKey":"ObtyZ/U9Slrqu/O/AeNmJLn0poAAnCY441qKQnbOc1U="},"indexInfo":{"baseKey":"BfBtOkOqVddl/5UIzATtC07e1RR+IGuCiIe4vBiOl8F1","baseKeyType":1,"closed":-1,"used":1688113169518,"created":1688113169518,"remoteIdentityKey":"BRCBCCQTNNiRXlg+oa/rT3GBzUOuFExmOPhoBEVVsx8F"},"_chains":{"Bb2MPRn9Dd8BXMi+OYv6RY7XCkJRpyZCfmmeXD77Ma4v":{"chainKey":{"counter":0,"key":"AnEYD6iIyo+SlR4DEgx/6RSzEEVlVgukHHHsPR3WAOw="},"chainType":1,"messageKeys":{}}},"pendingPreKey":{"signedKeyId":1,"baseKey":"BfBtOkOqVddl/5UIzATtC07e1RR+IGuCiIe4vBiOl8F1","preKeyId":1290}}},"version":"v1"}