{"_sessions":{"BYLlwHa18s8IdV9il4MV1+Xho6GSD8s0DNEGEr9elPM/":{"registrationId":1162117679,"currentRatchet":{"ephemeralKeyPair":{"pubKey":"Bf/N2C4mzfRCzG617B+QK3E/VCpI/ZTz/7bAUVLSgjR9","privKey":"SFXvkw2Q1psmslbXmEgjzzogStqr7Ii2t9idYhCywHo="},"lastRemoteEphemeralKey":"BfcloH0TT+0Z+TVtycuUbsUoC/mwhpBZ8OmEbsf2FyFB","previousCounter":0,"rootKey":"YS29oflQQdTrdNyYNiECNqSu0VXWCjvd7NQS+iKO9oY="},"indexInfo":{"baseKey":"BYLlwHa18s8IdV9il4MV1+Xho6GSD8s0DNEGEr9elPM/","baseKeyType":1,"closed":-1,"used":1688113169991,"created":1688113169991,"remoteIdentityKey":"BSjpXZk35G/2huCFWnGFW7WU81q5r6bg9vG+At4OgP9/"},"_chains":{"Bf/N2C4mzfRCzG617B+QK3E/VCpI/ZTz/7bAUVLSgjR9":{"chainKey":{"counter":0,"key":"lAtBheSXIdn7xbY6xF/8uR+PfFg+W+JHfnZqY6gGLTE="},"chainType":1,"messageKeys":{}}},"pendingPreKey":{"signedKeyId":17,"baseKey":"BYLlwHa18s8IdV9il4MV1+Xho6GSD8s0DNEGEr9elPM/","preKeyId":5013507}}},"version":"v1"}