{"_sessions":{"BY3eaK9UEWuDcwiZ07TDWY1V8HsetozrdZq12HgYw6In":{"registrationId":666227865,"currentRatchet":{"ephemeralKeyPair":{"pubKey":"BdSYCTGWYrx/+S7zI/so4bTXqFfFNt+Z/GQMIupPuzkR","privKey":"sGAI1MLDH8iSzx40/WG3zzemSIb05aatQaApSWBdR2M="},"lastRemoteEphemeralKey":"Baw9mugwz/T7aLsi5SmGIsNSRi1uuozfZbSolrXhOR9R","previousCounter":0,"rootKey":"ESTm2rLFGp/DhQ8arC4LjxCmEQnYTGSdUUg/pgBJjFg="},"indexInfo":{"baseKey":"BY3eaK9UEWuDcwiZ07TDWY1V8HsetozrdZq12HgYw6In","baseKeyType":1,"closed":-1,"used":1688113170262,"created":1688113170262,"remoteIdentityKey":"BVj8aEJ1NvyiC4Bg2yGm85p5zauDjQ2PvcO9bQysneZc"},"_chains":{"BdSYCTGWYrx/+S7zI/so4bTXqFfFNt+Z/GQMIupPuzkR":{"chainKey":{"counter":0,"key":"s8DI+VaaQawuwzUfOdTDqSQGw+wJeMD1nCspdQVoS8k="},"chainType":1,"messageKeys":{}}},"pendingPreKey":{"signedKeyId":0,"baseKey":"BY3eaK9UEWuDcwiZ07TDWY1V8HsetozrdZq12HgYw6In","preKeyId":16319373}}},"version":"v1"}