{"_sessions":{"BXNbsNKlaaD3Dcln2rainybAPF6rCq6XmVYJQqAnZz9c":{"registrationId":155674161,"currentRatchet":{"ephemeralKeyPair":{"pubKey":"BdK6wgruOqxHNFkr14VB5pILeDYF7YEKfX/BZYr2G3xp","privKey":"+JL8U5HqkKvvwZAgli+dfvkEYDS3TgsMjge+EHgN5kA="},"lastRemoteEphemeralKey":"BfQCY8BR4fHsZkVkaHpnPfGNlF3aWABBxHL6cQMOegcK","previousCounter":0,"rootKey":"A1eVcLvtegH67XlcSsay2kXhpnzvNhEX+ChSmnGjJic="},"indexInfo":{"baseKey":"BXNbsNKlaaD3Dcln2rainybAPF6rCq6XmVYJQqAnZz9c","baseKeyType":1,"closed":-1,"used":1688113170883,"created":1688113170883,"remoteIdentityKey":"BSkQ4Eq5leWo7OwTQE4Z9cJ3tWZ0zeLpMNPVKQeYQvos"},"_chains":{"BdK6wgruOqxHNFkr14VB5pILeDYF7YEKfX/BZYr2G3xp":{"chainKey":{"counter":0,"key":"ezA6fr9IM/RQuX7nrsbAPivQdnoUW3bFCryTTc1MCVc="},"chainType":1,"messageKeys":{}}},"pendingPreKey":{"signedKeyId":1,"baseKey":"BXNbsNKlaaD3Dcln2rainybAPF6rCq6XmVYJQqAnZz9c","preKeyId":6525052}}},"version":"v1"}