{"_sessions":{"BdoziKdojdqICzfPmk8YogpfDlLAzKMV1wD8sMW+3Jxz":{"registrationId":313394557,"currentRatchet":{"ephemeralKeyPair":{"pubKey":"BT5dAB6OLm9yMXt6mVGDas9xW1eE8/mncB3DjCj78l92","privKey":"mEQkWrJnjlBBT2EneTth1tLVxSM4E6S2DF2UNTn4O2Q="},"lastRemoteEphemeralKey":"Bf8z+5JxieGqspxZ+pTtBKCwJNHPHGJQk+yZi4DQnakE","previousCounter":0,"rootKey":"BTRooVdSW+yQjFUYUlgL6bqxQdJCmbDfawahwZZfr9U="},"indexInfo":{"baseKey":"BdoziKdojdqICzfPmk8YogpfDlLAzKMV1wD8sMW+3Jxz","baseKeyType":1,"closed":-1,"used":1688113170612,"created":1688113170612,"remoteIdentityKey":"BQFO+BFWcAcYl3Q3YVpikXtOkRzQzTBNF7YQquDe4HB4"},"_chains":{"BT5dAB6OLm9yMXt6mVGDas9xW1eE8/mncB3DjCj78l92":{"chainKey":{"counter":0,"key":"sTl9kWNE7MHaouU/1iaeIiEGRK38fetQxcFU3PZvH4Q="},"chainType":1,"messageKeys":{}}},"pendingPreKey":{"signedKeyId":18,"baseKey":"BdoziKdojdqICzfPmk8YogpfDlLAzKMV1wD8sMW+3Jxz","preKeyId":644046}}},"version":"v1"}