{"_sessions":{"BV4SX3EooctBzWU/ROwQIJY1cC7UgyeNA4JHCpw+6vtq":{"registrationId":499646,"currentRatchet":{"ephemeralKeyPair":{"pubKey":"BVTqVsreJiWWDEH1kIysrcPBlzraOmd4ZqYhYRrZe7kq","privKey":"YCfTcsCEVDdhrSQw/tl5nXRIUkioDdxr9P/WLJuXDFs="},"lastRemoteEphemeralKey":"BSPNFr/VcTk0AIckZlckaQkwNbs6AyEJgHnwVGVks3JK","previousCounter":0,"rootKey":"AuECwNM9bpaaPfBgfMzKA7+R1YiEajz7n8XtGucEWLQ="},"indexInfo":{"baseKey":"BV4SX3EooctBzWU/ROwQIJY1cC7UgyeNA4JHCpw+6vtq","baseKeyType":1,"closed":-1,"used":1688113170411,"created":1688113170411,"remoteIdentityKey":"BddxR8ylRSiq//EzwXqfydMyHz+MHrhU+K5XNbMw4/dk"},"_chains":{"BVTqVsreJiWWDEH1kIysrcPBlzraOmd4ZqYhYRrZe7kq":{"chainKey":{"counter":0,"key":"LAhrSljuGlF0SfTj20F2lCNdZhZi2kW5ZAehkhkLe90="},"chainType":1,"messageKeys":{}}},"pendingPreKey":{"signedKeyId":5,"baseKey":"BV4SX3EooctBzWU/ROwQIJY1cC7UgyeNA4JHCpw+6vtq","preKeyId":614274}}},"version":"v1"}