{"_sessions":{"BQcX7IDwG2+gv/WkxHJ3XAIeO+WRORe6p7+1nowLcks4":{"registrationId":1153025688,"currentRatchet":{"ephemeralKeyPair":{"pubKey":"BRp2dx4x7MLNcIxL2hAVGn+fF/iogrvckzNE09ExAO8e","privKey":"sHAKM6kxf/Ch6eArf9Wmw/6qM0C7X198mpHB8hJMTE8="},"lastRemoteEphemeralKey":"BcUw1zFuvfoasmHAfiqP2wnOmvO+Ic0s70lbwGczEMJH","previousCounter":0,"rootKey":"27hmD1xmoMsiF5FPdXlMAe/eztNUh1KE0mSkxBC9whk="},"indexInfo":{"baseKey":"BQcX7IDwG2+gv/WkxHJ3XAIeO+WRORe6p7+1nowLcks4","baseKeyType":1,"closed":-1,"used":1688113170767,"created":1688113170767,"remoteIdentityKey":"BZEPKEWXhwl34MJ/s5ggn3JinbP+RyiCIDhhGHGPucAk"},"_chains":{"BRp2dx4x7MLNcIxL2hAVGn+fF/iogrvckzNE09ExAO8e":{"chainKey":{"counter":0,"key":"irmnkMYtJ4uUnzVKTO4niiHYQ2Vt4txl5T6XD2rZNgw="},"chainType":1,"messageKeys":{}}},"pendingPreKey":{"signedKeyId":5,"baseKey":"BQcX7IDwG2+gv/WkxHJ3XAIeO+WRORe6p7+1nowLcks4","preKeyId":11930392}}},"version":"v1"}