{"_sessions":{"BUuR4xkaeim4m/BCozm3a0MTTcTSnuV3DhlVIVnwyZgr":{"registrationId":1960606508,"currentRatchet":{"ephemeralKeyPair":{"pubKey":"BYaZIIjgoTWVzNNEQquAPpjtkNNHLDTPn7F6S3Lqie8Q","privKey":"QAHaeUHjWMBJGyZE/bSXr9uow7/DywxyP3Iz99kwv2Q="},"lastRemoteEphemeralKey":"BSMl4a97xGOp4FG0hnXUkruc1Sroev9gBxgw/ps5SC8X","previousCounter":0,"rootKey":"qVGX+qUx6uc+kE4Yn3U+PpeAw8OV3/fWco5rKOkbzLM="},"indexInfo":{"baseKey":"BUuR4xkaeim4m/BCozm3a0MTTcTSnuV3DhlVIVnwyZgr","baseKeyType":1,"closed":-1,"used":1688113170107,"created":1688113170107,"remoteIdentityKey":"Bb6ea9/h2si5I1VZghf0NnkOLcTJ76b7l6z1YWLli5Mu"},"_chains":{"BYaZIIjgoTWVzNNEQquAPpjtkNNHLDTPn7F6S3Lqie8Q":{"chainKey":{"counter":0,"key":"ThoIxBix0KYeL4twGcllvRb7nKImxBVgi3djhoca/q8="},"chainType":1,"messageKeys":{}}},"pendingPreKey":{"signedKeyId":13,"baseKey":"BUuR4xkaeim4m/BCozm3a0MTTcTSnuV3DhlVIVnwyZgr","preKeyId":5110518}}},"version":"v1"}