{"_sessions":{"Bcd0Djgg1nvH8rJ6OHEypLOW/VyrLOxOGCTRfXg9rdhf":{"registrationId":1976072407,"currentRatchet":{"ephemeralKeyPair":{"pubKey":"BeadU00B3Bdv5nArrXawIzAdlV7y2bn7XfS/Z68mu6U6","privKey":"uI4gHF2ZFhqVmUB9ekoAUVvrJRNKnBAN1ipQxXsvNn0="},"lastRemoteEphemeralKey":"BXuQbjadyUFTNI/RMsjOVlPmwzEtn4JDZmnT/5gy+LlG","previousCounter":0,"rootKey":"i0kfiYg7SBpdpYcVzEav5AwadSf2cV++/uQcIa/tFeU="},"indexInfo":{"baseKey":"Bcd0Djgg1nvH8rJ6OHEypLOW/VyrLOxOGCTRfXg9rdhf","baseKeyType":1,"closed":-1,"used":1688113170640,"created":1688113170640,"remoteIdentityKey":"Bdz66VlbVh9Zxbo8U5Adn0p8XftHTxTACXkLuA7lFZxj"},"_chains":{"BeadU00B3Bdv5nArrXawIzAdlV7y2bn7XfS/Z68mu6U6":{"chainKey":{"counter":0,"key":"dRupSAJzJjl7BonwL2re+lNztREoSuvPnhPYAG7i4hE="},"chainType":1,"messageKeys":{}}},"pendingPreKey":{"signedKeyId":33,"baseKey":"Bcd0Djgg1nvH8rJ6OHEypLOW/VyrLOxOGCTRfXg9rdhf","preKeyId":14455842}}},"version":"v1"}