{"_sessions":{"BYEbyXHrLj2rrY5xc3r8Ly9eJ+z0mxKOVSbb8lZyrZxX":{"registrationId":342925139,"currentRatchet":{"ephemeralKeyPair":{"pubKey":"BbnPvgJ65rBfppEtVSSDvMiww7EO+IgZ0Bi+DhBKcg4f","privKey":"4AH2mxzhgd1O4+b9/gDTriAO+pfvDQSiK3VM1bu/SH0="},"lastRemoteEphemeralKey":"BSFNBOL3V7xTd60aBmeARXSuPWSz9hwsfQSFoPgtD3EV","previousCounter":0,"rootKey":"JInZgE2GqKw5pLnOP2HhLNvPhVgOEFoGcCnI1QSOxtM="},"indexInfo":{"baseKey":"BYEbyXHrLj2rrY5xc3r8Ly9eJ+z0mxKOVSbb8lZyrZxX","baseKeyType":1,"closed":-1,"used":1688113170101,"created":1688113170101,"remoteIdentityKey":"BY3HEhn+HBXlJTWtkfBLg1DnwQIDfN2QzqtaVh3y3M8h"},"_chains":{"BbnPvgJ65rBfppEtVSSDvMiww7EO+IgZ0Bi+DhBKcg4f":{"chainKey":{"counter":0,"key":"NIQgSxn8vRIArDe3M8AaqrLDYsJEDS6bcCJKfdRUQNk="},"chainType":1,"messageKeys":{}}},"pendingPreKey":{"signedKeyId":1,"baseKey":"BYEbyXHrLj2rrY5xc3r8Ly9eJ+z0mxKOVSbb8lZyrZxX","preKeyId":16695619}}},"version":"v1"}