{"_sessions":{"BehDkABUaSJVX2c8m8lHyuBq+doQAKuJxdpfGiOfhmQQ":{"registrationId":1306785806,"currentRatchet":{"ephemeralKeyPair":{"pubKey":"BUcB48mGT6qMXe/CsRaQJJfeX1jlvfaBKAYzG7VKSjI2","privKey":"AM2yIjG3c+WQ4Wpm4LXI3M1w0GNH+s/A/IPNncYYwkI="},"lastRemoteEphemeralKey":"BZXxp9bmeCpZTLl8AXD+Z6UfWOzDTEVTxmMsltFWdbBN","previousCounter":0,"rootKey":"kfMsNmEEC43CG6IuJw+YZIcVUBYWLvKi3qdpG7u2ZNQ="},"indexInfo":{"baseKey":"BehDkABUaSJVX2c8m8lHyuBq+doQAKuJxdpfGiOfhmQQ","baseKeyType":1,"closed":-1,"used":1688113169593,"created":1688113169593,"remoteIdentityKey":"BaFkyyNRzXFmPlPaZyGzqWf0liWZOvYor3lLoVjsQRRp"},"_chains":{"BUcB48mGT6qMXe/CsRaQJJfeX1jlvfaBKAYzG7VKSjI2":{"chainKey":{"counter":0,"key":"09PeBfatjgIMBa52SBlkAnQ6YRFwttLfjsIR9aYqWa4="},"chainType":1,"messageKeys":{}}},"pendingPreKey":{"signedKeyId":0,"baseKey":"BehDkABUaSJVX2c8m8lHyuBq+doQAKuJxdpfGiOfhmQQ","preKeyId":7807439}}},"version":"v1"}