{"_sessions":{"BaV5H3pzk/HmKHHj8B4MJyKoInIo5baWk/t6yPtgTJhE":{"registrationId":7109,"currentRatchet":{"ephemeralKeyPair":{"pubKey":"BcOYLdIxAIljfaJFSFP80Kiu38q3pi0IBv8wp3k0l/Q4","privKey":"MG2WKwZV8Jzl1Qf8NCRnqjWSSLqxuc/bCVcCoPbq02Y="},"lastRemoteEphemeralKey":"BRHs4UVBrcFbcA4CqAZoael8Kn4usD0wK/gqLQyNtztJ","previousCounter":0,"rootKey":"BYzl5KbeXvHrzzYuqManVWVLLQLMNQqBEYnEBGgHGps="},"indexInfo":{"baseKey":"BaV5H3pzk/HmKHHj8B4MJyKoInIo5baWk/t6yPtgTJhE","baseKeyType":1,"closed":-1,"used":1688113169494,"created":1688113169494,"remoteIdentityKey":"BY39ZenxngWbhYK3S3xrgY0Y4MYsHVwwOgcpMjbrEbYD"},"_chains":{"BcOYLdIxAIljfaJFSFP80Kiu38q3pi0IBv8wp3k0l/Q4":{"chainKey":{"counter":0,"key":"f6g4eAkeAr+/QeSZ76NWeRZtcFrHTMXIfkjI3zx4BhI="},"chainType":1,"messageKeys":{}}},"pendingPreKey":{"signedKeyId":3,"baseKey":"BaV5H3pzk/HmKHHj8B4MJyKoInIo5baWk/t6yPtgTJhE","preKeyId":1059}}},"version":"v1"}