{"_sessions":{"BTRpk95oorEsHAE1BzoR5T9zmw+nhpO/3PqV+BC31QBS":{"registrationId":14491,"currentRatchet":{"ephemeralKeyPair":{"pubKey":"BQvvbunMr1MRkvKwKSgxcw7VrtaYZfsWeXWtXpdyD9p5","privKey":"aORTCynBdknuNWx/UbfArv+cFB6yQ1pOgdvqkelRpnM="},"lastRemoteEphemeralKey":"Ba03byG1b434tJiNA0RqGS1Capa8lKdWFHfkXL1UpCQn","previousCounter":0,"rootKey":"Ki02APp1wOjUCLLg9FrXaxQLU/ZrfRjF1637m1QlCXg="},"indexInfo":{"baseKey":"BTRpk95oorEsHAE1BzoR5T9zmw+nhpO/3PqV+BC31QBS","baseKeyType":1,"closed":-1,"used":1688113169547,"created":1688113169547,"remoteIdentityKey":"Bdm2FPg48Fvqrsw9cyrLb5OqcjyX/O54eCrHXRfoFXNc"},"_chains":{"BQvvbunMr1MRkvKwKSgxcw7VrtaYZfsWeXWtXpdyD9p5":{"chainKey":{"counter":0,"key":"tleH8aWnftvaPyuUN613bsCvHDBGzbl0+Sx3R0XGUDk="},"chainType":1,"messageKeys":{}}},"pendingPreKey":{"signedKeyId":1,"baseKey":"BTRpk95oorEsHAE1BzoR5T9zmw+nhpO/3PqV+BC31QBS","preKeyId":51}}},"version":"v1"}