{"_sessions":{"BVeaUfo1ixJ+yO1Y5k4mOBFxQpMyVdQi7weM93TN6HF0":{"registrationId":2041743720,"currentRatchet":{"ephemeralKeyPair":{"pubKey":"BXflejYXgIhFkNE8woFSeS5m0m9Nny5h7L/jBen90QYv","privKey":"6HZ6AhEANLZb/oPrdIriOT/o9HCGEU8aBVynjG1763E="},"lastRemoteEphemeralKey":"Bab2toYUlA1trkEuVTvbRMl53Tu3JcZv+DzQF22Y4D5r","previousCounter":0,"rootKey":"hcbWufzAJgFWPyw+JBjFCR/Uw5aOhFbXn1E/+kbYl04="},"indexInfo":{"baseKey":"BVeaUfo1ixJ+yO1Y5k4mOBFxQpMyVdQi7weM93TN6HF0","baseKeyType":1,"closed":-1,"used":1688113170660,"created":1688113170660,"remoteIdentityKey":"BVGy8wL4AeoMVWxzb02519raqKqX6wimThBP/Q9L6Ekn"},"_chains":{"BXflejYXgIhFkNE8woFSeS5m0m9Nny5h7L/jBen90QYv":{"chainKey":{"counter":0,"key":"oAjVn0FPSJHeHBiD+U/FR+5SVobcq78Ayu8QUsK+mCE="},"chainType":1,"messageKeys":{}}},"pendingPreKey":{"signedKeyId":11,"baseKey":"BVeaUfo1ixJ+yO1Y5k4mOBFxQpMyVdQi7weM93TN6HF0","preKeyId":14343792}}},"version":"v1"}