{"_sessions":{"BWg6cdreOY4T0aBQcf/m+uGbd871/aa1HSuNd5jSz8Jd":{"registrationId":1179139379,"currentRatchet":{"ephemeralKeyPair":{"pubKey":"BZ7TRMBlrCTTZYdDO3y4r51PJJKd90nLik6KKUMOEJdt","privKey":"iO86Emhg/Ftn3zBtq39VW6tFkugsYNwbrLLBZRlxN3o="},"lastRemoteEphemeralKey":"BXemNPkYwDF+U0LvjgmXqZCENX57oohjpb/8BYc2BK5Q","previousCounter":0,"rootKey":"F5+4whx9zzjCgfodIZxKFE7C7NcovE/NdNjN/PdXNn4="},"indexInfo":{"baseKey":"BWg6cdreOY4T0aBQcf/m+uGbd871/aa1HSuNd5jSz8Jd","baseKeyType":1,"closed":-1,"used":1688113169776,"created":1688113169776,"remoteIdentityKey":"BaAP+9LDsCNsp0sE4kYor52ClxvJoBrh/iNRbKRP/S1s"},"_chains":{"BZ7TRMBlrCTTZYdDO3y4r51PJJKd90nLik6KKUMOEJdt":{"chainKey":{"counter":0,"key":"EIdCf7f/Wggv+ayMO73LSP12PPS73noynjZM+FI+Azg="},"chainType":1,"messageKeys":{}}},"pendingPreKey":{"signedKeyId":2,"baseKey":"BWg6cdreOY4T0aBQcf/m+uGbd871/aa1HSuNd5jSz8Jd","preKeyId":2952777}}},"version":"v1"}