{"_sessions":{"BaE+a7Tb0OYiCdDEriusLEHDSIwXUd7/bfzVYjhod4FJ":{"registrationId":1745941508,"currentRatchet":{"ephemeralKeyPair":{"pubKey":"BUsuEYviL5HfmcqVUVnl3k5NmfbRFwRmWgggU1DcOOMA","privKey":"MMhqaA99iWsioaKI5XV1O2fYil9izgcN9yucy1UPGnU="},"lastRemoteEphemeralKey":"BROVqYzY2arvmUSJY2KYpwaLoduZITR2LPzeAcrf9WUX","previousCounter":0,"rootKey":"CCx7xZEAsuW1CLpucaWYaE3uORcIvZQuSjGO7kwgiV0="},"indexInfo":{"baseKey":"BaE+a7Tb0OYiCdDEriusLEHDSIwXUd7/bfzVYjhod4FJ","baseKeyType":1,"closed":-1,"used":1688113170869,"created":1688113170869,"remoteIdentityKey":"BYApLv1v8LBOm9RDBmUfHjpsI8KTDsOn056CHuYAZW05"},"_chains":{"BUsuEYviL5HfmcqVUVnl3k5NmfbRFwRmWgggU1DcOOMA":{"chainKey":{"counter":0,"key":"oxN9PXJF1Z+q4CyqaWx3UZutpVYws4+tX0VDR3T6Zzg="},"chainType":1,"messageKeys":{}}},"pendingPreKey":{"signedKeyId":4,"baseKey":"BaE+a7Tb0OYiCdDEriusLEHDSIwXUd7/bfzVYjhod4FJ","preKeyId":3266600}}},"version":"v1"}