{"_sessions":{"BVZlf38UfUhZSjLZt4/d3S92Z79ryeD82Eav8Xb2WyxU":{"registrationId":2078407737,"currentRatchet":{"ephemeralKeyPair":{"pubKey":"BUsoyul+mp95LpBW4e4cF9DAYvefxlxQKYwSV29ogxde","privKey":"COj9F0AQmGQDNiLvA7QtGB9JyBIVw1r46Y9vQiDHoHc="},"lastRemoteEphemeralKey":"BTT4f0MXC9FPujywXDGSxY3EXULh+3SX1w2TErSlDSdx","previousCounter":0,"rootKey":"2/65lmgasfrb64m2MxMnb0LWovZ2RBRDGC840NbaBFM="},"indexInfo":{"baseKey":"BVZlf38UfUhZSjLZt4/d3S92Z79ryeD82Eav8Xb2WyxU","baseKeyType":1,"closed":-1,"used":1688113170448,"created":1688113170448,"remoteIdentityKey":"BcqvAo+7CA6G0UjIjCsi2wSK1nH5GCI7Tc0GwhmEv0YC"},"_chains":{"BUsoyul+mp95LpBW4e4cF9DAYvefxlxQKYwSV29ogxde":{"chainKey":{"counter":0,"key":"0A1blLM47PrkX3KcVwKpV2ibBR8MP8mOz4woDGuzSdA="},"chainType":1,"messageKeys":{}}},"pendingPreKey":{"signedKeyId":9,"baseKey":"BVZlf38UfUhZSjLZt4/d3S92Z79ryeD82Eav8Xb2WyxU","preKeyId":2512564}}},"version":"v1"}