{"_sessions":{"BZdOYiYgvLg3bt3eEbG3VVVKA+AO0h+bv8l5nzMV/YMV":{"registrationId":1326904312,"currentRatchet":{"ephemeralKeyPair":{"pubKey":"BaOEQN/WrYxUNVBZ45s3atdmByHJzmhGfNwcTb+x5AA+","privKey":"CKnwp59KnbOFk3ahFU068NApjiOoLPW8boE/VE8DhGA="},"lastRemoteEphemeralKey":"BSYOfSAKEho8ggUjMG4dd/HHOiv9wF06GDaO9Q9OV0Iz","previousCounter":0,"rootKey":"Z8V3E7GqW8uaKX3SySUXcn6ldSEpcD6mWnzQomEejFU="},"indexInfo":{"baseKey":"BZdOYiYgvLg3bt3eEbG3VVVKA+AO0h+bv8l5nzMV/YMV","baseKeyType":1,"closed":-1,"used":1688113170235,"created":1688113170235,"remoteIdentityKey":"BVKnQFpPe6CluPRJap8IEJOR1Nfy6mK8drwW4NZwYnZx"},"_chains":{"BaOEQN/WrYxUNVBZ45s3atdmByHJzmhGfNwcTb+x5AA+":{"chainKey":{"counter":0,"key":"WNejvnRA8kkpiPgjeUB2z17pxILwM54FpsyuD5znHTY="},"chainType":1,"messageKeys":{}}},"pendingPreKey":{"signedKeyId":20,"baseKey":"BZdOYiYgvLg3bt3eEbG3VVVKA+AO0h+bv8l5nzMV/YMV","preKeyId":5980385}}},"version":"v1"}