{"_sessions":{"BUDV/qUXyPAINFfn9a9Mji7qf+ff9GKZI02UoaAGERwK":{"registrationId":902951025,"currentRatchet":{"ephemeralKeyPair":{"pubKey":"BXg03ZedYV2PMGUozZhegM3xgZqvvRS9BjgpzAdZvjhE","privKey":"wNAfQ0xtQ1cjmdV/mcPjVLAJAkCF0+ffxCVF9OBV1mw="},"lastRemoteEphemeralKey":"BccemhYorR+kmLy7NHGwXLZstCX8k5B54SzQslLF/5xL","previousCounter":0,"rootKey":"ZLAqsdGAQ3mUrMVAHNixj5wk0LI1zwnBeKQVyjzGhJ4="},"indexInfo":{"baseKey":"BUDV/qUXyPAINFfn9a9Mji7qf+ff9GKZI02UoaAGERwK","baseKeyType":1,"closed":-1,"used":1688113169638,"created":1688113169638,"remoteIdentityKey":"BdX4f92fh+oDIfuwX/PQsNa25BWxh7J5cMWldEnD3W4p"},"_chains":{"BXg03ZedYV2PMGUozZhegM3xgZqvvRS9BjgpzAdZvjhE":{"chainKey":{"counter":0,"key":"E5WZJ8gfnXcheEcm8f44tIjwFg6Kci9mMngb2SgAAHk="},"chainType":1,"messageKeys":{}}},"pendingPreKey":{"signedKeyId":7,"baseKey":"BUDV/qUXyPAINFfn9a9Mji7qf+ff9GKZI02UoaAGERwK","preKeyId":11016548}}},"version":"v1"}