{"_sessions":{"BWLs7ViaJJ1Y/8FkrObOCHt/0V5P07AnTbFuMws9rpsb":{"registrationId":717807135,"currentRatchet":{"ephemeralKeyPair":{"pubKey":"Bbxza5++SpFezBuHbdRVNnvBJAs2HIKagpoL6kRBgDVY","privKey":"8Mpyf3eyiCliQhzfXxzaLnmgylI+uwsAqVC8p8htkEk="},"lastRemoteEphemeralKey":"BQWBgDjsm0YxA7EHKMNOl8W3AkCraV5SdwmY4GgSHYd3","previousCounter":0,"rootKey":"WIpiLPnVzwC83jHy5LRtNwa0j56KyxThd1bnc90dWLw="},"indexInfo":{"baseKey":"BWLs7ViaJJ1Y/8FkrObOCHt/0V5P07AnTbFuMws9rpsb","baseKeyType":1,"closed":-1,"used":1688113169293,"created":1688113169293,"remoteIdentityKey":"BQhK+HGFlci9dsNjxzdkWkNn0t15QbC2ALXht61WaGU3"},"_chains":{"Bbxza5++SpFezBuHbdRVNnvBJAs2HIKagpoL6kRBgDVY":{"chainKey":{"counter":0,"key":"AyHTDtSBknbOxYB9dftgAfE25rqWz+9bzGItllujzeI="},"chainType":1,"messageKeys":{}}},"pendingPreKey":{"signedKeyId":1,"baseKey":"BWLs7ViaJJ1Y/8FkrObOCHt/0V5P07AnTbFuMws9rpsb"}}},"version":"v1"}