{"_sessions":{"BYbZniIufzM1kYCmiZxdzJxj5g0X/phX1fA2535R1Stx":{"registrationId":3205,"currentRatchet":{"ephemeralKeyPair":{"pubKey":"BUCpib18oAXIokjpnl4RgreHzGQhyG7QLgEcFyVsZLpP","privKey":"OKBE7YzVhPKzs+vLRTHZQh3WW1thcvHgy0050HyOrVc="},"lastRemoteEphemeralKey":"BXWKtUSlQzitGTWD8sUXVe2pUJr5vpOF/yegTCEzLiA/","previousCounter":0,"rootKey":"XV7atmU138aKG6ze4XYXhq8Q1Ek/DtF9OSP9f/+HsYI="},"indexInfo":{"baseKey":"BYbZniIufzM1kYCmiZxdzJxj5g0X/phX1fA2535R1Stx","baseKeyType":1,"closed":-1,"used":1688113169320,"created":1688113169320,"remoteIdentityKey":"Bb89Co1lhKANm7bfwNFV3AJaiEbu+u/XiPnMBLUAnNR9"},"_chains":{"BUCpib18oAXIokjpnl4RgreHzGQhyG7QLgEcFyVsZLpP":{"chainKey":{"counter":0,"key":"mY8sk36u0+gux2dNCDkdn5LHizepnmu+s3vF1syw9Y4="},"chainType":1,"messageKeys":{}}},"pendingPreKey":{"signedKeyId":1,"baseKey":"BYbZniIufzM1kYCmiZxdzJxj5g0X/phX1fA2535R1Stx"}}},"version":"v1"}