{"_sessions":{"BaOo8gkQF/ITXijwMAb6HyUZcUkKG/r/yIADtvF+5Rx5":{"registrationId":1113248601,"currentRatchet":{"ephemeralKeyPair":{"pubKey":"BTRtg4ESSdhfdVeLmUs4G5gvjShsOhc8gonEoxbSWCUT","privKey":"0PfJmhVfnyIV8cXmWMvP+tBxgb7G2xQ37BSAKqwtlF0="},"lastRemoteEphemeralKey":"BQiQzY7fgq3/XWsBfrtLe3Q6gHPT37Bt2y58g9SpKkoH","previousCounter":0,"rootKey":"wP3ySXGNgaV8rYZ9dWMGsGaJInsaOZH5GZjghgjxK3g="},"indexInfo":{"baseKey":"BaOo8gkQF/ITXijwMAb6HyUZcUkKG/r/yIADtvF+5Rx5","baseKeyType":1,"closed":-1,"used":1688113170296,"created":1688113170296,"remoteIdentityKey":"BZWtH9xy5tyh711BUXSbSxH+5ib4INi+UnGbkSQLcHZY"},"_chains":{"BTRtg4ESSdhfdVeLmUs4G5gvjShsOhc8gonEoxbSWCUT":{"chainKey":{"counter":0,"key":"2f+sLma8epoYpy/+7Kw4vHmR/byhsOyggMGqofOMHSw="},"chainType":1,"messageKeys":{}}},"pendingPreKey":{"signedKeyId":4,"baseKey":"BaOo8gkQF/ITXijwMAb6HyUZcUkKG/r/yIADtvF+5Rx5","preKeyId":3083942}}},"version":"v1"}