{"_sessions":{"BU1rGGArnRPGcQMlvHTD1ilYZ0jZsTFM6IjA6xxOFXBp":{"registrationId":10634,"currentRatchet":{"ephemeralKeyPair":{"pubKey":"BdH13ILwk3DUUs/jhVFDafWNbBSrkav1Y6wjW5vby5EX","privKey":"WG+xoGfqx8vMYCgAFiulTbFlRs/Z11Kx+0iaR08kf18="},"lastRemoteEphemeralKey":"BSyzTyfW7a/fphBZzFjrOECHlU6KqlwTE36evEISSqt5","previousCounter":0,"rootKey":"znTrt9Hnfs0St+z4yRDLtMFJJs+/sCT7FIkpwXZ0Dig="},"indexInfo":{"baseKey":"BU1rGGArnRPGcQMlvHTD1ilYZ0jZsTFM6IjA6xxOFXBp","baseKeyType":1,"closed":-1,"used":1688113169507,"created":1688113169507,"remoteIdentityKey":"BQnj4fKLMjrmoXV7+H9ajfZgeOkzcF82HX2r9XAbBPRr"},"_chains":{"BdH13ILwk3DUUs/jhVFDafWNbBSrkav1Y6wjW5vby5EX":{"chainKey":{"counter":0,"key":"uhVIx5ulDXmmolu+LUdPrWEOIFm/z1g2tnI2q1sTr9E="},"chainType":1,"messageKeys":{}}},"pendingPreKey":{"signedKeyId":1,"baseKey":"BU1rGGArnRPGcQMlvHTD1ilYZ0jZsTFM6IjA6xxOFXBp","preKeyId":1071}}},"version":"v1"}