{"_sessions":{"BRDpnH5vf2+7CJ5iSkdhxXrnZY42wHg8zRiAqpPypNUv":{"registrationId":741810472,"currentRatchet":{"ephemeralKeyPair":{"pubKey":"BWaimetXiDuClhY5B30QIjur43MDonHt2h4jKiPjYvI1","privKey":"QKusZtAx7+Mex2IiZ/7FpYqsI8HCz7K7sSzbfcY0J1U="},"lastRemoteEphemeralKey":"BSpsKQKnX2FQOvJh6T4HrYHW8nI3OVMCHFxaV4/SMyUB","previousCounter":0,"rootKey":"WOvpoiSnJQf5toyP7lBAx75YAqs0ULB43h+0tCFjj5Q="},"indexInfo":{"baseKey":"BRDpnH5vf2+7CJ5iSkdhxXrnZY42wHg8zRiAqpPypNUv","baseKeyType":1,"closed":-1,"used":1688113169956,"created":1688113169956,"remoteIdentityKey":"BScFJXv3fCRWWuwb9inrwQ0e4laVU0RsOg7d1vcKy9AY"},"_chains":{"BWaimetXiDuClhY5B30QIjur43MDonHt2h4jKiPjYvI1":{"chainKey":{"counter":0,"key":"g8FHs9G/PbcwGItoAtlndHZpN0XwL7cdmwfPgsgTGe0="},"chainType":1,"messageKeys":{}}},"pendingPreKey":{"signedKeyId":5,"baseKey":"BRDpnH5vf2+7CJ5iSkdhxXrnZY42wHg8zRiAqpPypNUv","preKeyId":12958747}}},"version":"v1"}