{"_sessions":{"BXgrj2Pz3b3YZRfuWbm0vv210IexFzy57Yr1xZPDG/MI":{"registrationId":1034337705,"currentRatchet":{"ephemeralKeyPair":{"pubKey":"BfE0DX4ZxLyYR4b2EDNST16mkGlzwQWymnA46YLgUShl","privKey":"SJWCXEZnWbt5nxzG1GXmQqfw9wdhAM2risBprcAxwkM="},"lastRemoteEphemeralKey":"BcWq5+OFU1vdFq84u2gqsW1o9Rhk4uNw6C0Pe8qM6G8a","previousCounter":0,"rootKey":"48MJfF98AinJ3RVRSAKd7mFPFyhsruqjRqIUrBV8s4k="},"indexInfo":{"baseKey":"BXgrj2Pz3b3YZRfuWbm0vv210IexFzy57Yr1xZPDG/MI","baseKeyType":1,"closed":-1,"used":1688113170176,"created":1688113170176,"remoteIdentityKey":"BRaAwh6wMuC5S4HUtLjYz4631hRfLlYQMoc3X3CSge0z"},"_chains":{"BfE0DX4ZxLyYR4b2EDNST16mkGlzwQWymnA46YLgUShl":{"chainKey":{"counter":0,"key":"ia3ATlXtKL0XAt2BYJH3TRSV3+SeZ1+p5TeP1YDfTSw="},"chainType":1,"messageKeys":{}}},"pendingPreKey":{"signedKeyId":3,"baseKey":"BXgrj2Pz3b3YZRfuWbm0vv210IexFzy57Yr1xZPDG/MI","preKeyId":16063402}}},"version":"v1"}