{"_sessions":{"BdUOcXH2XVoz/iX95KVhRTqlZbFV7H2VXMO5IvoJ0YV9":{"registrationId":1835125029,"currentRatchet":{"ephemeralKeyPair":{"pubKey":"BSBhHs/IvOzyfVWp4inork3a/1DUxfDFouPn/mhhdvJh","privKey":"EBx/GMHYvvbrIDJ4e+kt09gXCZg3p7w6SQPEQvVx5UI="},"lastRemoteEphemeralKey":"BbcQyLTKGS8YGvF00m+iiGfESCFzEJi7Spd/mwcdujxp","previousCounter":0,"rootKey":"a9DGMdAUT+BNGcBM6ppImV7mOE42zGJA+AMZFA1bhdM="},"indexInfo":{"baseKey":"BdUOcXH2XVoz/iX95KVhRTqlZbFV7H2VXMO5IvoJ0YV9","baseKeyType":1,"closed":-1,"used":1688113170130,"created":1688113170130,"remoteIdentityKey":"BfolXZS7GgeLSfRALPO87leQv5L1ZReoynG8S5CcSLNm"},"_chains":{"BSBhHs/IvOzyfVWp4inork3a/1DUxfDFouPn/mhhdvJh":{"chainKey":{"counter":0,"key":"Au2kCImQhFnb8EWe+drgCH2dF6XhLi2pkw+nTiEHySs="},"chainType":1,"messageKeys":{}}},"pendingPreKey":{"signedKeyId":3,"baseKey":"BdUOcXH2XVoz/iX95KVhRTqlZbFV7H2VXMO5IvoJ0YV9","preKeyId":100411}}},"version":"v1"}