{"_sessions":{"BRygV27nx3P87Encn0ZHhfOxX4IKfhOsRO46lMPQ1kgP":{"registrationId":1084581376,"currentRatchet":{"ephemeralKeyPair":{"pubKey":"BWLvvmUFC1bvRuaMDgZGOBlXtPcm3O6O/rtlcccKuqk3","privKey":"2G8FXu4da8O03l8K+YMJj1ROFBSiv122Pt/OyR++6Wc="},"lastRemoteEphemeralKey":"BRYkmawTwbHTek714w8AJzA8mH6IyXCIQ4eB+T50JwB6","previousCounter":0,"rootKey":"5OM5RTDOjGsRGb/5V+HAQTgf5O4AetH4ODmeNyusj3U="},"indexInfo":{"baseKey":"BRygV27nx3P87Encn0ZHhfOxX4IKfhOsRO46lMPQ1kgP","baseKeyType":1,"closed":-1,"used":1688113170617,"created":1688113170617,"remoteIdentityKey":"BXe1p1PexbStKSwuXnEwtxA3E0BSrp/tFLz9MzY0yjYo"},"_chains":{"BWLvvmUFC1bvRuaMDgZGOBlXtPcm3O6O/rtlcccKuqk3":{"chainKey":{"counter":0,"key":"gWoiIK/GQzborIbG3dALo1ckXsTDeYzWMeeAuCwxvwo="},"chainType":1,"messageKeys":{}}},"pendingPreKey":{"signedKeyId":0,"baseKey":"BRygV27nx3P87Encn0ZHhfOxX4IKfhOsRO46lMPQ1kgP","preKeyId":12747267}}},"version":"v1"}