{"_sessions":{"BRk/oD9SmSMWmNgR3SJ8ebI1alQwTDzw01Xi9OyN67Rp":{"registrationId":1001822204,"currentRatchet":{"ephemeralKeyPair":{"pubKey":"BQ4kcZx3QeDXFdAmgQ/c6OzkHq0YREqR28aMjPByecBH","privKey":"CN+jeL3Ij9Baytzhii+4etw+9rEfu10BS4GY/ccv/28="},"lastRemoteEphemeralKey":"BVSO9YIdAMDMnbicMoXFH5ugAL6tDNk6PynTsXDcC9I6","previousCounter":0,"rootKey":"ks4+gS9aawyArvqqRWgovSKAab2miJHI9BIQmwVg664="},"indexInfo":{"baseKey":"BRk/oD9SmSMWmNgR3SJ8ebI1alQwTDzw01Xi9OyN67Rp","baseKeyType":1,"closed":-1,"used":1688113169633,"created":1688113169633,"remoteIdentityKey":"BWRgmB7mohaF5RQjBuuDs2YCsQaHoqEnsvgVCUKbrd0c"},"_chains":{"BQ4kcZx3QeDXFdAmgQ/c6OzkHq0YREqR28aMjPByecBH":{"chainKey":{"counter":0,"key":"KoEJIZGWh7/9iHwwPK63MmgeE5Bylbg33pJZDxPLysw="},"chainType":1,"messageKeys":{}}},"pendingPreKey":{"signedKeyId":7,"baseKey":"BRk/oD9SmSMWmNgR3SJ8ebI1alQwTDzw01Xi9OyN67Rp","preKeyId":7178426}}},"version":"v1"}