{"_sessions":{"BaYqcxjTfDlZwyI9jr7McjFXK4YzOWY2T3Sa3KiVurd7":{"registrationId":2041462133,"currentRatchet":{"ephemeralKeyPair":{"pubKey":"BQJFzIWLDQwY0XmjkVosw+JBxme6oD6nkg1oRscKTjE7","privKey":"SE70hjFy6crA+B2PbNWpjJYfgN33lhWmAt9/fkGmaH4="},"lastRemoteEphemeralKey":"BfTw6rDw43Y4nzUwiVJKdbza6GtipK4rg4gocxZNtPhQ","previousCounter":0,"rootKey":"WpYDFWMURrV85w38HRxPYvQAXLzcPbU+lXJPiWtclBQ="},"indexInfo":{"baseKey":"BaYqcxjTfDlZwyI9jr7McjFXK4YzOWY2T3Sa3KiVurd7","baseKeyType":1,"closed":-1,"used":1688113169381,"created":1688113169381,"remoteIdentityKey":"BRECmxKVkrQFGXGHE7e2MhtGW3r2O8QtusiUpQ3lk8Ip"},"_chains":{"BQJFzIWLDQwY0XmjkVosw+JBxme6oD6nkg1oRscKTjE7":{"chainKey":{"counter":0,"key":"nIhjDKwsen2GOtV2UvLIRUbAfphG0ckim3P7UuL++Hg="},"chainType":1,"messageKeys":{}}},"pendingPreKey":{"signedKeyId":0,"baseKey":"BaYqcxjTfDlZwyI9jr7McjFXK4YzOWY2T3Sa3KiVurd7","preKeyId":16663904}}},"version":"v1"}