{"_sessions":{"BahQbQFp/AU/sFgojFIdP9wnJKjaDdfy9OSmcYQY5x92":{"registrationId":124354587,"currentRatchet":{"ephemeralKeyPair":{"pubKey":"BSSIHsmhpEA11NlZ8rDCX3NQAyP+CH/9xTzDH7Y3p1QT","privKey":"KHADbkooC+7XNGdBA5dRiC85gRHcdEvepYsBhS92Sns="},"lastRemoteEphemeralKey":"BSiwGCFWsiFEiGnuEmVyalhD7Trpof1DPQnNA9TEWdta","previousCounter":0,"rootKey":"mNG61NWnvZ+0zBOnsiPQUh9C5xELcsXFsf9j3fiVG+A="},"indexInfo":{"baseKey":"BahQbQFp/AU/sFgojFIdP9wnJKjaDdfy9OSmcYQY5x92","baseKeyType":1,"closed":-1,"used":1688113170366,"created":1688113170366,"remoteIdentityKey":"BbeBAk9wuPW8P+Z6NOvBKDd081/XpX9pX/evux9wZkUQ"},"_chains":{"BSSIHsmhpEA11NlZ8rDCX3NQAyP+CH/9xTzDH7Y3p1QT":{"chainKey":{"counter":0,"key":"8FnFdjLUmcLiL3SCyoUfiW9aHGT3PfTgJT+cNKVztes="},"chainType":1,"messageKeys":{}}},"pendingPreKey":{"signedKeyId":0,"baseKey":"BahQbQFp/AU/sFgojFIdP9wnJKjaDdfy9OSmcYQY5x92","preKeyId":10346534}}},"version":"v1"}