{"_sessions":{"BbKSb9zdkJmnWlghNrg35dxWpIzJxTqB/R91+Zb+RaBU":{"registrationId":1688,"currentRatchet":{"ephemeralKeyPair":{"pubKey":"BQ6wVuXqADtExlVLbZZvLGX4dWekfSk/U5+7HqHG7TEJ","privKey":"0LkZEquk5qeiTLJtjNj9nY7C1J6o9y0wUkEwrDUz/3Y="},"lastRemoteEphemeralKey":"BWHc/P2gX4DzCLO8KCAXz1K6jo7y2GK4dDqeMrkqTqVo","previousCounter":0,"rootKey":"5MYhD0P+VJr6icN7XjHotpXz4/P09F5Nte6YRO0xmZo="},"indexInfo":{"baseKey":"BbKSb9zdkJmnWlghNrg35dxWpIzJxTqB/R91+Zb+RaBU","baseKeyType":1,"closed":-1,"used":1688113169302,"created":1688113169302,"remoteIdentityKey":"BSaydyj1bvaMv2owQ2Doqm80AIdVA9aK8BTHI/qNGb0R"},"_chains":{"BQ6wVuXqADtExlVLbZZvLGX4dWekfSk/U5+7HqHG7TEJ":{"chainKey":{"counter":0,"key":"oilAhee/ZLwuAxRC17RwTubyTO4WOB5g9spcHcY+4Sw="},"chainType":1,"messageKeys":{}}},"pendingPreKey":{"signedKeyId":1,"baseKey":"BbKSb9zdkJmnWlghNrg35dxWpIzJxTqB/R91+Zb+RaBU","preKeyId":120}}},"version":"v1"}