{"_sessions":{"BTR2et3jjfO+hp4dF+YMD6Fqw6h4lnc+Fptw2XRRkghf":{"registrationId":540238640,"currentRatchet":{"ephemeralKeyPair":{"pubKey":"BUEiuCm+zQBvjDEivpEJV3zoFAlChmY8W4T9BgwYlyZx","privKey":"gJOP39XPL9j3HjjZVYatCuAhhesnCMXv3txlV0FxplQ="},"lastRemoteEphemeralKey":"BaSm3C8hvQwcnc0qtykyZqsT3FHnIgl0WGhO8sumPcc+","previousCounter":0,"rootKey":"uObUMD1vngYueeDItlDkLMilj+gaU+fgGWu8dYwKC3c="},"indexInfo":{"baseKey":"BTR2et3jjfO+hp4dF+YMD6Fqw6h4lnc+Fptw2XRRkghf","baseKeyType":1,"closed":-1,"used":1688113170493,"created":1688113170493,"remoteIdentityKey":"BV+5Dpk1kEVoBen2TCY08mlW1cgiFnG8EAZCy4IpznMT"},"_chains":{"BUEiuCm+zQBvjDEivpEJV3zoFAlChmY8W4T9BgwYlyZx":{"chainKey":{"counter":0,"key":"RvXqaQrZBYGL40J4APjkaZFg3Z6ll6RGonPIHx0V5FE="},"chainType":1,"messageKeys":{}}},"pendingPreKey":{"signedKeyId":4,"baseKey":"BTR2et3jjfO+hp4dF+YMD6Fqw6h4lnc+Fptw2XRRkghf","preKeyId":10037533}}},"version":"v1"}