{"_sessions":{"BdlfKSbdNmMAZjTNFi3BE5HYi+8FbBffv4DEoPrR3bd9":{"registrationId":1042029447,"currentRatchet":{"ephemeralKeyPair":{"pubKey":"Bb4clvrL3ioc6p5Z5USlc16L/ZnqBfZT0De5oSMo5XAL","privKey":"WHY5m+dArRBMb8Ik16+/3qJtck4hKrrIOuV75G3HY2g="},"lastRemoteEphemeralKey":"BWr7zVJzVC8cRJUrY+IYeLWOxbCuxb08AAegaBkkX3Aw","previousCounter":0,"rootKey":"2Izwg8DmiFZWrDdAOglSzA6okHZmDaIsT+V5pxOg3Fs="},"indexInfo":{"baseKey":"BdlfKSbdNmMAZjTNFi3BE5HYi+8FbBffv4DEoPrR3bd9","baseKeyType":1,"closed":-1,"used":1688113170960,"created":1688113170960,"remoteIdentityKey":"BaAB9yh3qOGt82mqOc45t14XdJDQ9vdtMFTaitspUwZD"},"_chains":{"Bb4clvrL3ioc6p5Z5USlc16L/ZnqBfZT0De5oSMo5XAL":{"chainKey":{"counter":0,"key":"1OfXI2XVCOq49wHw/tuCgI3conenb8h7WR2V59MleV4="},"chainType":1,"messageKeys":{}}},"pendingPreKey":{"signedKeyId":21,"baseKey":"BdlfKSbdNmMAZjTNFi3BE5HYi+8FbBffv4DEoPrR3bd9","preKeyId":308058}}},"version":"v1"}