{"_sessions":{"BReH5TF82L3xhJeddcrmldP1Sw/R44ETatE7uD3OIuIq":{"registrationId":3773,"currentRatchet":{"ephemeralKeyPair":{"pubKey":"BQWpsNlVRrZ8T2HiVJjTtFdLOrAWJIyeuk/OnXjq+lkB","privKey":"SAW7F3/CnvFY33W5A4CH5pkUicLukOMBm3litpVG2mY="},"lastRemoteEphemeralKey":"BewKlBU8BivURhYaRv9pNmpazqZtJXyOV0xZP9rQHKgC","previousCounter":0,"rootKey":"yh5zNXsCCPdFcAO6c8jsfYsFND6oFxl3pRvlyd93I9s="},"indexInfo":{"baseKey":"BReH5TF82L3xhJeddcrmldP1Sw/R44ETatE7uD3OIuIq","baseKeyType":1,"closed":-1,"used":1688113169274,"created":1688113169274,"remoteIdentityKey":"BQr2GlyleQUPHcglm0wXf0H1poz/e8GboYB3GutHyzAS"},"_chains":{"BQWpsNlVRrZ8T2HiVJjTtFdLOrAWJIyeuk/OnXjq+lkB":{"chainKey":{"counter":0,"key":"P/CitamBb1DLO8LWyHjyU+SXbM7CSLuy8C0KGerAgNw="},"chainType":1,"messageKeys":{}}},"pendingPreKey":{"signedKeyId":1,"baseKey":"BReH5TF82L3xhJeddcrmldP1Sw/R44ETatE7uD3OIuIq"}}},"version":"v1"}