{"_sessions":{"Bew5SkwNji1QbXXZnKbOzZiQv6nLnvx6LmeRJ669TQZd":{"registrationId":203681872,"currentRatchet":{"ephemeralKeyPair":{"pubKey":"BRk1gcZzty1W1dmJTzQVBEyfKYfm3wQWwF9iXZVR2SQ2","privKey":"IACWFAAstuhPl+RIBJBr3ag9J8637lsaXEdyjccjfVI="},"lastRemoteEphemeralKey":"BZnk8PRsdx9L/eyyTI4DLYDQJJc1lp06egNcUgx/0IJH","previousCounter":0,"rootKey":"QJFLwbi2HAV8kZlzcSY+G0na74ranXN5ClRdKgJPWVg="},"indexInfo":{"baseKey":"Bew5SkwNji1QbXXZnKbOzZiQv6nLnvx6LmeRJ669TQZd","baseKeyType":1,"closed":-1,"used":1688113170357,"created":1688113170357,"remoteIdentityKey":"BTW7IEmFOl0mvV/bCD0M9F1YJ6WMljNIjepTfNoj/wMq"},"_chains":{"BRk1gcZzty1W1dmJTzQVBEyfKYfm3wQWwF9iXZVR2SQ2":{"chainKey":{"counter":0,"key":"KTeN5MAnjxqtyRMZlL+VWmy1rnM/D5In/RvnFpb3nAI="},"chainType":1,"messageKeys":{}}},"pendingPreKey":{"signedKeyId":4,"baseKey":"Bew5SkwNji1QbXXZnKbOzZiQv6nLnvx6LmeRJ669TQZd"}}},"version":"v1"}