{"_sessions":{"BeJr7Cnimjn0blce7yy7sppoVAjTw0CCYabQohQOe41o":{"registrationId":1590202218,"currentRatchet":{"ephemeralKeyPair":{"pubKey":"BYDUdkR59kZRwo4tuOZg3ZTlvnAIeon0HL5oFEUfRNUu","privKey":"0Ac0WXU3w4G4L8wby1aSgpRzqFmHWgUlsc3beWM+vlI="},"lastRemoteEphemeralKey":"BbT9gR0/ZOXzs6bQt60MKhrOlV5ctxpj2sPv3M0pfsgC","previousCounter":0,"rootKey":"61hSsAiRMsD/0oB9xz4Bjg0FF1LRApzvwB/G6SFrj3c="},"indexInfo":{"baseKey":"BeJr7Cnimjn0blce7yy7sppoVAjTw0CCYabQohQOe41o","baseKeyType":1,"closed":-1,"used":1688113170568,"created":1688113170568,"remoteIdentityKey":"BWmhGUKi6E8jhXil2vu7mE6+C08VWOILj1vGsbZGyotz"},"_chains":{"BYDUdkR59kZRwo4tuOZg3ZTlvnAIeon0HL5oFEUfRNUu":{"chainKey":{"counter":0,"key":"up9fuYdEoDhVVxVFtD9zVwT9uIv3j2QfThyjJtlNJF4="},"chainType":1,"messageKeys":{}}},"pendingPreKey":{"signedKeyId":2,"baseKey":"BeJr7Cnimjn0blce7yy7sppoVAjTw0CCYabQohQOe41o","preKeyId":9601521}}},"version":"v1"}