{"_sessions":{"BRzo7pIhNI3mAIzXoTZedcvIeoIqqbPxakZRQwoJ0c9+":{"registrationId":679408764,"currentRatchet":{"ephemeralKeyPair":{"pubKey":"BYact2xCrrUqxlS7JJm75VECAmI4YPJdHprN+WusLRoV","privKey":"yFbl1/Nor7UXkVufTZWC3D5h+CR9D4NvGJdnhSadc0Y="},"lastRemoteEphemeralKey":"BZ9eyYIE/yfA4CQlnemydNEPilg7B3TVazzgrtyD014d","previousCounter":0,"rootKey":"SAhAzn7tzJq3YFG5LY9/L7csMNl6Npz5jCwfnNeosbg="},"indexInfo":{"baseKey":"BRzo7pIhNI3mAIzXoTZedcvIeoIqqbPxakZRQwoJ0c9+","baseKeyType":1,"closed":-1,"used":1688113170470,"created":1688113170470,"remoteIdentityKey":"BQk6xi+w7jbAX0h6luf/3CShNzLjJiCWSu/EQQIa6zUN"},"_chains":{"BYact2xCrrUqxlS7JJm75VECAmI4YPJdHprN+WusLRoV":{"chainKey":{"counter":0,"key":"/ciCkReeMHNLYZKP1wKybfZkZlfqLK3lJX9xlOT5JtE="},"chainType":1,"messageKeys":{}}},"pendingPreKey":{"signedKeyId":5,"baseKey":"BRzo7pIhNI3mAIzXoTZedcvIeoIqqbPxakZRQwoJ0c9+","preKeyId":15945244}}},"version":"v1"}