{"_sessions":{"Befkow5jc32O353qnOxLonvSDfhUnaEpdrI/4YDDHEV9":{"registrationId":274965910,"currentRatchet":{"ephemeralKeyPair":{"pubKey":"BfKFnL11tItNmvGH0wlM1s2I0lvQ8gIGN5f8wzzgZfpK","privKey":"YEpTY2fNxsI6DFjmN9bfSSOlMqBSic6mDeryCtM/WmI="},"lastRemoteEphemeralKey":"BagWwUfjk94dZlrrh/QTfU4LqYHS1BectgrXvh4Bc/wN","previousCounter":0,"rootKey":"i+Myqf/QXfelNhHAw+Di7Zaf3wLV0q0wB3/K9UBFU+M="},"indexInfo":{"baseKey":"Befkow5jc32O353qnOxLonvSDfhUnaEpdrI/4YDDHEV9","baseKeyType":1,"closed":-1,"used":1688113169643,"created":1688113169643,"remoteIdentityKey":"BVSWrLvm+uyIopfCKpQskERLxDs44q2wIpu6NZNZcQJZ"},"_chains":{"BfKFnL11tItNmvGH0wlM1s2I0lvQ8gIGN5f8wzzgZfpK":{"chainKey":{"counter":0,"key":"sgSB3d6FEU6TZdDr9NalbzRHOGJQyVw8eI29tJ5UfqY="},"chainType":1,"messageKeys":{}}},"pendingPreKey":{"signedKeyId":15,"baseKey":"Befkow5jc32O353qnOxLonvSDfhUnaEpdrI/4YDDHEV9","preKeyId":1842444}}},"version":"v1"}