{"_sessions":{"BUKpC17xaf4cD5/B0DLtnXLk62o4vM0lEAIHRXLm5S4G":{"registrationId":847578269,"currentRatchet":{"ephemeralKeyPair":{"pubKey":"BVo0FHSn1Jqc4To9jB24J07d96ONAeONbXS8d7XLYCwy","privKey":"ADIWMSAyLoiQaab6r7o1x8ZYmQPGrnDJm6DAUqn//Uw="},"lastRemoteEphemeralKey":"Bbc2aSPwi81fa1f1E3rVm4M+3ojvs/FCS8fmPxXs5uIq","previousCounter":0,"rootKey":"eyKyahWdeavJkDGd/IbFSkZLCTgC7X1lXfG5ykI6nVQ="},"indexInfo":{"baseKey":"BUKpC17xaf4cD5/B0DLtnXLk62o4vM0lEAIHRXLm5S4G","baseKeyType":1,"closed":-1,"used":1688113169786,"created":1688113169786,"remoteIdentityKey":"BXCYSbQJy6WXeJGhXbRCky42B2Lbg9ZRa0dzPXJ4YB9U"},"_chains":{"BVo0FHSn1Jqc4To9jB24J07d96ONAeONbXS8d7XLYCwy":{"chainKey":{"counter":0,"key":"5mSEWBwjbR9k4BrPDSiWQnrkup1OeX7jv9AOGoBCv/o="},"chainType":1,"messageKeys":{}}},"pendingPreKey":{"signedKeyId":8,"baseKey":"BUKpC17xaf4cD5/B0DLtnXLk62o4vM0lEAIHRXLm5S4G","preKeyId":1974303}}},"version":"v1"}