{"_sessions":{"BWC0yQjHqul3+WqE0uOgIwE7GEHw1nJgBByrDqtqzWIm":{"registrationId":439224558,"currentRatchet":{"ephemeralKeyPair":{"pubKey":"BcY/VNagTxZ3O1R2XoBAlhcNlPi0pvY/un4u1rSirgou","privKey":"KHRfLLcN7RrYLl7XQySl/gGxaO9SR6IVkfznU2VcP1E="},"lastRemoteEphemeralKey":"Bf4EiuBoqFoeKWpGH3tKtCrB2zpIP3lgk9gUXGiYmfY6","previousCounter":0,"rootKey":"MtFiKkCNTjztvuv8MtFttuF+ZG9kURHsQQBnyPFQX1E="},"indexInfo":{"baseKey":"BWC0yQjHqul3+WqE0uOgIwE7GEHw1nJgBByrDqtqzWIm","baseKeyType":1,"closed":-1,"used":1688113170945,"created":1688113170945,"remoteIdentityKey":"BdA/Cb0dhWDpX2AtGEYPqQ8t6RF2wh0O1oMzu9Ty2Itt"},"_chains":{"BcY/VNagTxZ3O1R2XoBAlhcNlPi0pvY/un4u1rSirgou":{"chainKey":{"counter":0,"key":"9MMaK4XSOIRyYW+Sk+hLth9HfCZEJeIPRAS3yHZcUa0="},"chainType":1,"messageKeys":{}}},"pendingPreKey":{"signedKeyId":0,"baseKey":"BWC0yQjHqul3+WqE0uOgIwE7GEHw1nJgBByrDqtqzWIm","preKeyId":16566366}}},"version":"v1"}