{"_sessions":{"BQ1bVPjPc7jlKVvD49WNtgaD0SUj0prZJTbQJBhawk8C":{"registrationId":1038858428,"currentRatchet":{"ephemeralKeyPair":{"pubKey":"BWapQJc9j+KqiiUFyLpvT9uyifw52GMLRIm3u2z90YI8","privKey":"GEjMezGcEfL+tUGfCA8hvoP0PZPV5rX6Fq2t/LQwrFY="},"lastRemoteEphemeralKey":"BfFiySHu7mYtarbWepBRsF99G+WT2AfuMBq+7hnqxj1Q","previousCounter":0,"rootKey":"MGz15n8N38Fu/ceplt49atvLRwY8rHxKIdpV14UmrK8="},"indexInfo":{"baseKey":"BQ1bVPjPc7jlKVvD49WNtgaD0SUj0prZJTbQJBhawk8C","baseKeyType":1,"closed":-1,"used":1688113170941,"created":1688113170941,"remoteIdentityKey":"BfvO3Y7cksNV6BmKo1xh5blm7zvgQS7qp5KDLZl1KdFK"},"_chains":{"BWapQJc9j+KqiiUFyLpvT9uyifw52GMLRIm3u2z90YI8":{"chainKey":{"counter":0,"key":"9x3DdDhBY8NR6eDlAue4QiHTdwkTYjsLiec+i9ve9A0="},"chainType":1,"messageKeys":{}}},"pendingPreKey":{"signedKeyId":1,"baseKey":"BQ1bVPjPc7jlKVvD49WNtgaD0SUj0prZJTbQJBhawk8C","preKeyId":3068890}}},"version":"v1"}