{"_sessions":{"BZqZ04v71gf/Ra/VhGuIBBT7wS7YrdRu0h//M1fSkrcv":{"registrationId":382099443,"currentRatchet":{"ephemeralKeyPair":{"pubKey":"BZfSPcqOKyO+3/Xd5hU4iNlF+qpJ7Y3JBt7hyTh0ryFW","privKey":"SD+Riwos+ufjmqWUhGTxLdlXgU9HItghX9n0yicEXVg="},"lastRemoteEphemeralKey":"BaNwEvix22bxV7qj7iSRBSYst3cVZpAt3SLy4RhWvRlX","previousCounter":0,"rootKey":"CTXmksLfPSh+xmWPHtoM4fSJ2CslUSmAWJcKlCrzAL0="},"indexInfo":{"baseKey":"BZqZ04v71gf/Ra/VhGuIBBT7wS7YrdRu0h//M1fSkrcv","baseKeyType":1,"closed":-1,"used":1688113170762,"created":1688113170762,"remoteIdentityKey":"BQU4/ZQ/vdiRiNdPErvzP+q8m4lnHiqaAheBJ7jp2NRh"},"_chains":{"BZfSPcqOKyO+3/Xd5hU4iNlF+qpJ7Y3JBt7hyTh0ryFW":{"chainKey":{"counter":0,"key":"V8F02TFFoxZWf6lsDpjf0cPn/y7FVaDCTRLzIrGnlEQ="},"chainType":1,"messageKeys":{}}},"pendingPreKey":{"signedKeyId":0,"baseKey":"BZqZ04v71gf/Ra/VhGuIBBT7wS7YrdRu0h//M1fSkrcv","preKeyId":3216848}}},"version":"v1"}