{"_sessions":{"Ba2SX99YtYvjT7iXwFMEPrQeHrgi2flnxyFPW/AmQM9t":{"registrationId":358966842,"currentRatchet":{"ephemeralKeyPair":{"pubKey":"BarlCVzea5aHB3ID3eN4cLn/2VCU1Iu9c6tYYuQyeT1F","privKey":"2BRR9CINnOWprD+cVv1t3DpA/50DOPtbP0MYNphh+Wo="},"lastRemoteEphemeralKey":"BWQfM9rHAGxEVTm/JlhE/OJLeTZqFmz1xPOrnCf2TIZ1","previousCounter":0,"rootKey":"imu8PtvwgzT7k44e0N4XQlgdfBl8Qaeg0SZQL+919fo="},"indexInfo":{"baseKey":"Ba2SX99YtYvjT7iXwFMEPrQeHrgi2flnxyFPW/AmQM9t","baseKeyType":1,"closed":-1,"used":1688113169885,"created":1688113169885,"remoteIdentityKey":"BWGdf2DXZQ/nWzN9NXPizDK4u42p39F5TtvDVYyWUUpy"},"_chains":{"BarlCVzea5aHB3ID3eN4cLn/2VCU1Iu9c6tYYuQyeT1F":{"chainKey":{"counter":0,"key":"9GBjN/roSO57SPB2Vyj2aVEuXWdDfQa3KaxeV/32l7c="},"chainType":1,"messageKeys":{}}},"pendingPreKey":{"signedKeyId":2,"baseKey":"Ba2SX99YtYvjT7iXwFMEPrQeHrgi2flnxyFPW/AmQM9t","preKeyId":6088067}}},"version":"v1"}