{"_sessions":{"BWm/rhNPSct1YjyvD7eZKAwnvc40TVoPxD02oYMNvnpb":{"registrationId":2074837837,"currentRatchet":{"ephemeralKeyPair":{"pubKey":"Bcq/t895n4KzIlhyeDGS28ESxyaXPe8UDOhYOE/z7/I/","privKey":"SM+bj9nW+VRjkErumUFCH3SUX8Bu37IQEn6/Dmw8blM="},"lastRemoteEphemeralKey":"BemaZaKJnWX3/vTcZq+KnI+EHO6RyZyjyflGYR5tBsFK","previousCounter":0,"rootKey":"DPnKN+tLw56uwTI4Ug42zPlAOJhQpGon/jbv+yk22UA="},"indexInfo":{"baseKey":"BWm/rhNPSct1YjyvD7eZKAwnvc40TVoPxD02oYMNvnpb","baseKeyType":1,"closed":-1,"used":1688113169692,"created":1688113169692,"remoteIdentityKey":"BVJVIzrrCbwHOCwCmcxWl0FOite0ccbq2zDGrokLfVoj"},"_chains":{"Bcq/t895n4KzIlhyeDGS28ESxyaXPe8UDOhYOE/z7/I/":{"chainKey":{"counter":0,"key":"bs81BRwEjhxhMkMe/el6EDd/tzRc8LHABDIxBpX9Ypk="},"chainType":1,"messageKeys":{}}},"pendingPreKey":{"signedKeyId":10,"baseKey":"BWm/rhNPSct1YjyvD7eZKAwnvc40TVoPxD02oYMNvnpb","preKeyId":559820}}},"version":"v1"}