{"_sessions":{"BcDEjFCk5DqJqx10PaWM/u840alRhqoijEgZ/tQBKXRV":{"registrationId":1561013037,"currentRatchet":{"ephemeralKeyPair":{"pubKey":"Bbnt3Ntg91CtQHP4h709AOUM10RHHZt9TtJ5RpvRT71p","privKey":"ECSNg1IQKIvsSytTn5grw4g8m+7JjX7f4apUmx8Oam4="},"lastRemoteEphemeralKey":"BVUWkDJCZi1rqdGS/aP+1gFrzNUffIgzq5Pmfeu9O/0B","previousCounter":0,"rootKey":"yhWn2hvvqL9ZxH135k8mCLdwZqE5iQq6mTqFPJO/LpM="},"indexInfo":{"baseKey":"BcDEjFCk5DqJqx10PaWM/u840alRhqoijEgZ/tQBKXRV","baseKeyType":1,"closed":-1,"used":1688113170970,"created":1688113170970,"remoteIdentityKey":"BXG5o5u3CYzZU0z7mFsET1m0zqgp9qlBWJXfFWlvKDx/"},"_chains":{"Bbnt3Ntg91CtQHP4h709AOUM10RHHZt9TtJ5RpvRT71p":{"chainKey":{"counter":0,"key":"CbDWemgNtKt7+2ckVLgBWp8oE/nNv3E8BiMSD4WYaII="},"chainType":1,"messageKeys":{}}},"pendingPreKey":{"signedKeyId":1,"baseKey":"BcDEjFCk5DqJqx10PaWM/u840alRhqoijEgZ/tQBKXRV","preKeyId":5833074}}},"version":"v1"}