{"_sessions":{"BcjbLVKIT9JUT/orrVnZRsISinxFFfaQAI9dWruZboRM":{"registrationId":989458928,"currentRatchet":{"ephemeralKeyPair":{"pubKey":"BfO/LMd55D/weyZ2b1wMagAdtCyy8tVGRO2km24eCgdu","privKey":"2BrKEilUikwSFCjO3YJC9JgSOfvqJU9f9pbNADEG3Eg="},"lastRemoteEphemeralKey":"Bav40xaVGuFjfuqkBcsiwvfiMLcv97R49nqatJABORhf","previousCounter":0,"rootKey":"xmwCRkPgppRzPEppPXB/Bk8N140z96HtkBzI07V4Q1k="},"indexInfo":{"baseKey":"BcjbLVKIT9JUT/orrVnZRsISinxFFfaQAI9dWruZboRM","baseKeyType":1,"closed":-1,"used":1688113170374,"created":1688113170374,"remoteIdentityKey":"BY6Ze8RezKgubDWAAxpr3gbi2wsE3qNGOkWLZo/axnoW"},"_chains":{"BfO/LMd55D/weyZ2b1wMagAdtCyy8tVGRO2km24eCgdu":{"chainKey":{"counter":0,"key":"WPpo0j578OqPr19a6+4KmnpFAvG9AARAZ/GEUeou5XY="},"chainType":1,"messageKeys":{}}},"pendingPreKey":{"signedKeyId":1,"baseKey":"BcjbLVKIT9JUT/orrVnZRsISinxFFfaQAI9dWruZboRM","preKeyId":9703355}}},"version":"v1"}