{"_sessions":{"BcHKLRDLjOtJaq1qNNbRABBWhJblu7mZRfNs1e40Ft9h":{"registrationId":1777230102,"currentRatchet":{"ephemeralKeyPair":{"pubKey":"Bc/kFotOf1VZhDCvpNsMoivz+21jVJg8hBiOuN5xBTwb","privKey":"KJHM1ewD5wf9xjsBe+v+ciJqCmDYuHZYPP6zgpeUw1E="},"lastRemoteEphemeralKey":"BVZLPXTAM9I8XVDA/tM7UGsguhfYNbtrZME2u2yKimwI","previousCounter":0,"rootKey":"EkTOpFMc6C4CBGI3m2+KTFcFw830KB6A4AL1opaQ7Pk="},"indexInfo":{"baseKey":"BcHKLRDLjOtJaq1qNNbRABBWhJblu7mZRfNs1e40Ft9h","baseKeyType":1,"closed":-1,"used":1688113170291,"created":1688113170291,"remoteIdentityKey":"BaDsOmH28czlIvkmgxjoh+NVemc1LDHYn9I41oO4TV57"},"_chains":{"Bc/kFotOf1VZhDCvpNsMoivz+21jVJg8hBiOuN5xBTwb":{"chainKey":{"counter":0,"key":"a/MUaysGzw8RdSv1JGXSJIiJxoFpdFCxddl9dsoTUJQ="},"chainType":1,"messageKeys":{}}},"pendingPreKey":{"signedKeyId":12,"baseKey":"BcHKLRDLjOtJaq1qNNbRABBWhJblu7mZRfNs1e40Ft9h","preKeyId":11936500}}},"version":"v1"}