{"_sessions":{"BdtzoQXmJwc7fo9S8K3vRRSLFkWXXcz8tPMa/BVvE4gp":{"registrationId":160,"currentRatchet":{"ephemeralKeyPair":{"pubKey":"Ba5ZQDguQEnTOHYShbpOWr/u3E8ZIU5VQbPI0E2qb0ER","privKey":"oKz6vT4xLG9Fj0lOnsa4/kSx2QmamDXv5Q6JU9E+ems="},"lastRemoteEphemeralKey":"BVuAIJWa7Cz5noHvJLKFdEF4iA9WpWeLpff+RGfRX1Mi","previousCounter":0,"rootKey":"5qprSsvftf+hzFwPgwoa4IPEQ+ugr6BzFHnhyZBP094="},"indexInfo":{"baseKey":"BdtzoQXmJwc7fo9S8K3vRRSLFkWXXcz8tPMa/BVvE4gp","baseKeyType":1,"closed":-1,"used":1688110901648,"created":1688110901648,"remoteIdentityKey":"BcPpqufDlOMo8x7YoDX8vTIw69YNFdRiIk8+K96DXkIv"},"_chains":{"Ba5ZQDguQEnTOHYShbpOWr/u3E8ZIU5VQbPI0E2qb0ER":{"chainKey":{"counter":26,"key":"hXcxyrVhzpMe7a94WOj2tnHk10962Zb2Mt6gx6f42j0="},"chainType":1,"messageKeys":{}}},"pendingPreKey":{"signedKeyId":1,"baseKey":"BdtzoQXmJwc7fo9S8K3vRRSLFkWXXcz8tPMa/BVvE4gp"}}},"version":"v1"}