{"_sessions":{"BcBXgE6EmlrwtI/A7PJxeVz3hgm1v1vZyaA2/PZDkmEv":{"registrationId":360606439,"currentRatchet":{"ephemeralKeyPair":{"pubKey":"BcejTbXR9yWK+7MGWlCNJl5zIFLERQK74aAzUOARw3pu","privKey":"CHLOjYV2WO3RPiFqLiCahgCnH8iSeSQPtNvzVORMd0c="},"lastRemoteEphemeralKey":"BSjlu46oUq3FgI2phLQL2AO4PJ2QMDyhwWXo+uwMa+wu","previousCounter":0,"rootKey":"bFlYdsKcNHiB1eGsw/wa7z6wbrUyhMR1TJKRUcUHsWk="},"indexInfo":{"baseKey":"BcBXgE6EmlrwtI/A7PJxeVz3hgm1v1vZyaA2/PZDkmEv","baseKeyType":1,"closed":-1,"used":1688113170219,"created":1688113170219,"remoteIdentityKey":"BRnDjELNE9FMfD9vrm/qqPZxWnd/CJKrzgoKK7lGYxov"},"_chains":{"BcejTbXR9yWK+7MGWlCNJl5zIFLERQK74aAzUOARw3pu":{"chainKey":{"counter":0,"key":"ib07ewE6kPpeBE7CjEBIhx1nL7enZR76AzVW2JxAs2I="},"chainType":1,"messageKeys":{}}},"pendingPreKey":{"signedKeyId":0,"baseKey":"BcBXgE6EmlrwtI/A7PJxeVz3hgm1v1vZyaA2/PZDkmEv","preKeyId":725214}}},"version":"v1"}