{"_sessions":{"BfZcO16SpADefjtjwT09baBZP7yJ8o8OmPVVl+Mgi9Jm":{"registrationId":340627776,"currentRatchet":{"ephemeralKeyPair":{"pubKey":"BSZdVEIchcMxQyL8FphwXX476qGuvR12BX9RuwVjZ9se","privKey":"yCOoDukytrqkSpjCampOoIBZP7vmMCkzBYsjtbS2Fk4="},"lastRemoteEphemeralKey":"BQMHmzSTECvDHrqjZA7AAbkrdsmamaV8KqAzT3+LZWlA","previousCounter":0,"rootKey":"3nkVRTDXaW/MQrGL712mdp7/Cqfdn8hxDutPG2M0siI="},"indexInfo":{"baseKey":"BfZcO16SpADefjtjwT09baBZP7yJ8o8OmPVVl+Mgi9Jm","baseKeyType":1,"closed":-1,"used":1688113169542,"created":1688113169542,"remoteIdentityKey":"Bd1BnTpvx7Qe9agMwmmLcSFy5or139cr8V4qsgxuXiE1"},"_chains":{"BSZdVEIchcMxQyL8FphwXX476qGuvR12BX9RuwVjZ9se":{"chainKey":{"counter":0,"key":"vMWjpCp2KYsTmQUMwpxJnOq9f0ZeVk7VKQeOh9fULNU="},"chainType":1,"messageKeys":{}}},"pendingPreKey":{"signedKeyId":0,"baseKey":"BfZcO16SpADefjtjwT09baBZP7yJ8o8OmPVVl+Mgi9Jm"}}},"version":"v1"}