{"_sessions":{"BSEeUwq0xYf3mQCSRE7K7RKChPpsuzKRJhsYMLcUOuwW":{"registrationId":328637271,"currentRatchet":{"ephemeralKeyPair":{"pubKey":"BWdew58dMUt7F8bmOA84iay1pfosK6xzzZw/mhR0ceN8","privKey":"QHlo0gpYQ9+LllSwRecoITOfgAMEP6H7Qf4y3TNqz3s="},"lastRemoteEphemeralKey":"BXqkDx1cecLAJ+oqd8F9b6J/rribLCQQ12eSZiQJkRsk","previousCounter":0,"rootKey":"2+Vw8y+wSkdUkmY5GFTPDo6JeOAdcECM7jhfTRYcoNI="},"indexInfo":{"baseKey":"BSEeUwq0xYf3mQCSRE7K7RKChPpsuzKRJhsYMLcUOuwW","baseKeyType":1,"closed":-1,"used":1688113170675,"created":1688113170675,"remoteIdentityKey":"Bc7owWlgjE5rqPV9ZYfhm741DYHc1cBY2W5ZJ8QIirgk"},"_chains":{"BWdew58dMUt7F8bmOA84iay1pfosK6xzzZw/mhR0ceN8":{"chainKey":{"counter":0,"key":"wg1ydURnPmFoFjsHzzK126CqhP6k2t9/Eg1Rc0C48ak="},"chainType":1,"messageKeys":{}}},"pendingPreKey":{"signedKeyId":0,"baseKey":"BSEeUwq0xYf3mQCSRE7K7RKChPpsuzKRJhsYMLcUOuwW"}}},"version":"v1"}