{"_sessions":{"BTnw0VPxBrvdjfdzvi0vHNZNIrfTbul/ZTiklKy3okpQ":{"registrationId":180432209,"currentRatchet":{"ephemeralKeyPair":{"pubKey":"Bd+tV9ZQTlzg9lP6wdW0XOHMe5GGEPXO7ScJOZd7OJoH","privKey":"wMfIrgJTNBvpjhDliJV7zcrqdo44B7YpXbBp1JZlqEk="},"lastRemoteEphemeralKey":"Bc2tAHGB1PmnGD4BZhF68vJBroIbdXpG3G5UBp1hQEJY","previousCounter":0,"rootKey":"cTynubvYYaHEdXb3Xy7YpLL5HkvhYzvfc86DwWzyBf8="},"indexInfo":{"baseKey":"BTnw0VPxBrvdjfdzvi0vHNZNIrfTbul/ZTiklKy3okpQ","baseKeyType":1,"closed":-1,"used":1688113170915,"created":1688113170915,"remoteIdentityKey":"BUztHuQ4XaT8Ivcu2B8Ph8+WemqY1JTce5lO0jWhXYpA"},"_chains":{"Bd+tV9ZQTlzg9lP6wdW0XOHMe5GGEPXO7ScJOZd7OJoH":{"chainKey":{"counter":0,"key":"vnpfafWiD3Whu5VlkIoyq5KLJLKnnCVofGRPqfNXejw="},"chainType":1,"messageKeys":{}}},"pendingPreKey":{"signedKeyId":14,"baseKey":"BTnw0VPxBrvdjfdzvi0vHNZNIrfTbul/ZTiklKy3okpQ","preKeyId":15716399}}},"version":"v1"}