{"_sessions":{"BUurUwPZsRTpIC51xQwEM3cJbthqL4APoN1jcuS69MJn":{"registrationId":994389100,"currentRatchet":{"ephemeralKeyPair":{"pubKey":"BXb9mZ16vKQreGtLRNHgdLyOxqFwI49DX8vz6TA4Z91m","privKey":"IFjoYjJmoFl1krG/Ov5hKxXWCRw7X5vEkrh8bdZwJlA="},"lastRemoteEphemeralKey":"BW2VH1pVyuQXephhczvw5MyBJ4MUkE0PSbZbI7CnNkJA","previousCounter":0,"rootKey":"7sX14LiRDb8ZkJuCbxiTQQoeuPx3TVeVE1aSJxYpINI="},"indexInfo":{"baseKey":"BUurUwPZsRTpIC51xQwEM3cJbthqL4APoN1jcuS69MJn","baseKeyType":1,"closed":-1,"used":1688113170066,"created":1688113170066,"remoteIdentityKey":"BflsrZnMqgae2rRX8rwz1oYdwXkmDR9MUS7gqNp5YilF"},"_chains":{"BXb9mZ16vKQreGtLRNHgdLyOxqFwI49DX8vz6TA4Z91m":{"chainKey":{"counter":0,"key":"LwyNGolgHjUK3iyvpcwjPoTH4ZM+WZC0bE8ZQj1LnBQ="},"chainType":1,"messageKeys":{}}},"pendingPreKey":{"signedKeyId":1,"baseKey":"BUurUwPZsRTpIC51xQwEM3cJbthqL4APoN1jcuS69MJn"}}},"version":"v1"}