{"_sessions":{"BZ7aNKhOs4SjJcoDYvwncxT9u+YWrKLC7ko2XDapb/oi":{"registrationId":1560196647,"currentRatchet":{"ephemeralKeyPair":{"pubKey":"BUsTrvDI0EH1Tfde/6Wu1VYzUqB3j/BGDW22ybygG/ZG","privKey":"aGFBC4mEWN+ZgvmrWU0Ntn2D8eEh4A8C0vltfJeIQGo="},"lastRemoteEphemeralKey":"BTcSysiWcZFcfE1gbDkz+P2W9RxUUSeaoqucRmA58Y8e","previousCounter":0,"rootKey":"cm3hwjHXOzWRQ1jUGz3xVDtSx1YEv83CKhusR/l1FEA="},"indexInfo":{"baseKey":"BZ7aNKhOs4SjJcoDYvwncxT9u+YWrKLC7ko2XDapb/oi","baseKeyType":1,"closed":-1,"used":1688113169608,"created":1688113169608,"remoteIdentityKey":"BQp7GMtesfyjit7PdvcY82Y0M+tcEr7t6+z21YOnUU8X"},"_chains":{"BUsTrvDI0EH1Tfde/6Wu1VYzUqB3j/BGDW22ybygG/ZG":{"chainKey":{"counter":0,"key":"ehHvGpU61ByG1u/jPLPN43CndA7ViNlAq//FN63kqWQ="},"chainType":1,"messageKeys":{}}},"pendingPreKey":{"signedKeyId":1,"baseKey":"BZ7aNKhOs4SjJcoDYvwncxT9u+YWrKLC7ko2XDapb/oi"}}},"version":"v1"}