{"_sessions":{"BVICo0JRMNvp8Iz9PtqPE7bx1TvvEsG6b+lDVCYZohZD":{"registrationId":188543863,"currentRatchet":{"ephemeralKeyPair":{"pubKey":"BWB7V1FnZNclXO118lp4bvM291vxdNFbaFSrMppaInVA","privKey":"QCzQhxCiL+yPczw2VOP72g6sm2KcQb0BiGiKb7zd/H0="},"lastRemoteEphemeralKey":"BZxhia5vypCxjMXpAogys+ycOLL459FeCDT+Ye36+bkf","previousCounter":0,"rootKey":"aY2t6Fbhtjudgytit+ZuMX07L1LjZ5bCaDARh7fJpzQ="},"indexInfo":{"baseKey":"BVICo0JRMNvp8Iz9PtqPE7bx1TvvEsG6b+lDVCYZohZD","baseKeyType":1,"closed":-1,"used":1688113170462,"created":1688113170462,"remoteIdentityKey":"BStMY82AY86MgUf3LDPhqWa9ogeM7G5pQRn0+vEeFaYW"},"_chains":{"BWB7V1FnZNclXO118lp4bvM291vxdNFbaFSrMppaInVA":{"chainKey":{"counter":0,"key":"elSW/1zhDqFUEghNji7zyzAkAIGblwl6YhzBDWp7PpQ="},"chainType":1,"messageKeys":{}}},"pendingPreKey":{"signedKeyId":1,"baseKey":"BVICo0JRMNvp8Iz9PtqPE7bx1TvvEsG6b+lDVCYZohZD","preKeyId":8021232}}},"version":"v1"}