{"_sessions":{"Becehv0OMLv2FnPrSJ9xIfmWsdeBPBGOblYlej5fB8EN":{"registrationId":6860,"currentRatchet":{"ephemeralKeyPair":{"pubKey":"BYYr58YKnXhbjFjpF/fjvKasgb0muUwZvPL+mUAPldt8","privKey":"sAduZOAdXisATrg8ZjAOLMuUVy+9IdMxG1RQemTBgVs="},"lastRemoteEphemeralKey":"BYSZqb8xWnWVLj++S9iTExi3LUaIIchjt2xQXMO31pRS","previousCounter":0,"rootKey":"1XeJi+tAxMxk4oIRt6GEopSTuGWTaMMx73bOthmnBeE="},"indexInfo":{"baseKey":"Becehv0OMLv2FnPrSJ9xIfmWsdeBPBGOblYlej5fB8EN","baseKeyType":1,"closed":-1,"used":1688113169371,"created":1688113169371,"remoteIdentityKey":"Be9fGOqf2tFEJp8FD+7pqZMxrXisu6UFEAe6FXcSKcY1"},"_chains":{"BYYr58YKnXhbjFjpF/fjvKasgb0muUwZvPL+mUAPldt8":{"chainKey":{"counter":0,"key":"g4Wzmk2EA9i1sOAWU59vHJS8D+DgMXfKkvpu7oVDKo8="},"chainType":1,"messageKeys":{}}},"pendingPreKey":{"signedKeyId":1,"baseKey":"Becehv0OMLv2FnPrSJ9xIfmWsdeBPBGOblYlej5fB8EN"}}},"version":"v1"}