{"_sessions":{"BVfjFbjlH0OcRZZ+UjehDUaBffCNTQqxrWLEUhLcQdNq":{"registrationId":9465,"currentRatchet":{"ephemeralKeyPair":{"pubKey":"BRkn4MEXJiK9qAk9NOtQ8nWywAs6ApusFMMH9Tz6OJN1","privKey":"SBuOI+VtjlwPJcoNA+XIEYFX5y/1anX6NT6cL3lmh2g="},"lastRemoteEphemeralKey":"BS2hYHKZiqrzF6Q4IBy7fgje4SV7+UgT0FGUBgPfLAtd","previousCounter":0,"rootKey":"MSfaPFC9zd4QPOJjrJiiDKpOrQJEfnUjW6MpHBRXiGw="},"indexInfo":{"baseKey":"BVfjFbjlH0OcRZZ+UjehDUaBffCNTQqxrWLEUhLcQdNq","baseKeyType":1,"closed":-1,"used":1688113169337,"created":1688113169337,"remoteIdentityKey":"BUfnxKAN839SiKZIe/0HnHFbmu78h4tH7SOHYetC/W80"},"_chains":{"BRkn4MEXJiK9qAk9NOtQ8nWywAs6ApusFMMH9Tz6OJN1":{"chainKey":{"counter":0,"key":"XW8SgKFf9PXjn+2fUJXhV/j+GTpf6JLOF4ZcpxSmkSI="},"chainType":1,"messageKeys":{}}},"pendingPreKey":{"signedKeyId":1,"baseKey":"BVfjFbjlH0OcRZZ+UjehDUaBffCNTQqxrWLEUhLcQdNq"}}},"version":"v1"}