{"_sessions":{"BUS/POsL93x7sa0t6R6M3MmX4SDiulzDaD1UYl6RGeAo":{"registrationId":241770806,"currentRatchet":{"ephemeralKeyPair":{"pubKey":"BTSO2h9LrKl0+TVvv7PrSckXbXorKR+gBBxcN0xxFhl5","privKey":"mP8YVaq1Vbj2F8gKO/2PLpCHaLb4PdFxhQHDSTApiVA="},"lastRemoteEphemeralKey":"BZx/xymL/biF2XAQM5liMwJBcXu3K6O4JHi6QvOPC257","previousCounter":0,"rootKey":"1GsMiEGkltzcECe1pb/Ra8qEH8eXAKcX11jCXQoiQp0="},"indexInfo":{"baseKey":"BUS/POsL93x7sa0t6R6M3MmX4SDiulzDaD1UYl6RGeAo","baseKeyType":1,"closed":-1,"used":1688113170935,"created":1688113170935,"remoteIdentityKey":"BTWulfzG9xBLtMSzHj9aXg0gYyLfc3ofBpbTRjk2tmpa"},"_chains":{"BTSO2h9LrKl0+TVvv7PrSckXbXorKR+gBBxcN0xxFhl5":{"chainKey":{"counter":0,"key":"USZJaYWVkmrzLDl20joBiHSKAHE2Xt/fC8xtJ+xeMMI="},"chainType":1,"messageKeys":{}}},"pendingPreKey":{"signedKeyId":5,"baseKey":"BUS/POsL93x7sa0t6R6M3MmX4SDiulzDaD1UYl6RGeAo","preKeyId":12253146}}},"version":"v1"}