{"_sessions":{"BfsbT0WM25OB/ZoZpwrz21o3rh3k0OOM1m8eqR2DQXEd":{"registrationId":1028972627,"currentRatchet":{"ephemeralKeyPair":{"pubKey":"BRGOl1Y9l4Wcr9/pqSiolQhRTe7takq9HWBzQbEbJO0A","privKey":"eEDBkny9vTXN0hYnJqR8OY/lFmZrlyj+eYxrA6GkTFc="},"lastRemoteEphemeralKey":"BThfcxvwlNzlfG/58iWEnDl351xB1G4kLEkXwWAggdoF","previousCounter":0,"rootKey":"uEkm1E3SchnOHT1q6/ctHxwH8YZ/eQypcF+DSlD8T+c="},"indexInfo":{"baseKey":"BfsbT0WM25OB/ZoZpwrz21o3rh3k0OOM1m8eqR2DQXEd","baseKeyType":1,"closed":-1,"used":1688113170688,"created":1688113170688,"remoteIdentityKey":"BfJM8uhn91Ym/+OvKRqYeSWXq8FY24+UZINFUi0fg5dq"},"_chains":{"BRGOl1Y9l4Wcr9/pqSiolQhRTe7takq9HWBzQbEbJO0A":{"chainKey":{"counter":0,"key":"xP+USAcawPNMSCxZUI656V0PHTpF/ubcgt36q/2VnL4="},"chainType":1,"messageKeys":{}}},"pendingPreKey":{"signedKeyId":8,"baseKey":"BfsbT0WM25OB/ZoZpwrz21o3rh3k0OOM1m8eqR2DQXEd","preKeyId":2869313}}},"version":"v1"}