{"_sessions":{"BdhEQeRygOIpPw6ArUg5lCeSD9ne7em9DVKgtrsbN3ox":{"registrationId":536381695,"currentRatchet":{"ephemeralKeyPair":{"pubKey":"BfG3oIpUch7IouVS+3x6vdEB7w0UOtlFMMJUyB6cOBYd","privKey":"gD7NnFp4Yt1WTIPB83fOvdl0EP4l3WVZIJgc1I2As1c="},"lastRemoteEphemeralKey":"BfVLQKSMziCITEILVqh0SAxHe2GnAQ4lFx0IGvFXi19K","previousCounter":0,"rootKey":"PssIhS1w0IeI+ND6PLvRY5ZtXMGlLCSHCNS/SVTZEmk="},"indexInfo":{"baseKey":"BdhEQeRygOIpPw6ArUg5lCeSD9ne7em9DVKgtrsbN3ox","baseKeyType":1,"closed":-1,"used":1688113170301,"created":1688113170301,"remoteIdentityKey":"BbMRIJbVv0Akokg5Vl8OU3A/NmBdH9m2qGYNZ6k3rCdi"},"_chains":{"BfG3oIpUch7IouVS+3x6vdEB7w0UOtlFMMJUyB6cOBYd":{"chainKey":{"counter":0,"key":"01xBSgois3KuWgmPdNVSTUmXaf8SSor0BmOZJpFv10k="},"chainType":1,"messageKeys":{}}},"pendingPreKey":{"signedKeyId":1,"baseKey":"BdhEQeRygOIpPw6ArUg5lCeSD9ne7em9DVKgtrsbN3ox","preKeyId":14145995}}},"version":"v1"}