{"_sessions":{"BZMh/WM3Y1ZRRwQSEexwozpW1bibfZmR3Dm7VhEUAoBe":{"registrationId":421691547,"currentRatchet":{"ephemeralKeyPair":{"pubKey":"BbD45vVLRxmaYiSqJ8B5OEAP3ocTTvxeRL7ySXCQqAkN","privKey":"kCqF/Li16WqIWRH/vrPuayuwsIckts2vY+ZVpVEONm8="},"lastRemoteEphemeralKey":"BbeGAByijKcmjHTdhA51GzCGS8tX6/L+TJUKdO9QD9pV","previousCounter":0,"rootKey":"GS/KfIToNF7PByNGGs5C9sP7m9Y6V0p6ronSWzc1Qjk="},"indexInfo":{"baseKey":"BZMh/WM3Y1ZRRwQSEexwozpW1bibfZmR3Dm7VhEUAoBe","baseKeyType":1,"closed":-1,"used":1688113170316,"created":1688113170316,"remoteIdentityKey":"BbOGQicjeUzTDlVgaKOdeh0+08/l3J2OcNeVWBQPcuh8"},"_chains":{"BbD45vVLRxmaYiSqJ8B5OEAP3ocTTvxeRL7ySXCQqAkN":{"chainKey":{"counter":0,"key":"QhA008T1S/QfgApFoDTqjmxEblG8su4PFNk3DDhz1do="},"chainType":1,"messageKeys":{}}},"pendingPreKey":{"signedKeyId":5,"baseKey":"BZMh/WM3Y1ZRRwQSEexwozpW1bibfZmR3Dm7VhEUAoBe","preKeyId":422806}}},"version":"v1"}