{"_sessions":{"BZxdogABoOKh/l4ocHvgHfiPJ/2dIWl89hKgQ6nsf3xR":{"registrationId":11903,"currentRatchet":{"ephemeralKeyPair":{"pubKey":"BQtkl0Hjk2AE6Mm1bZSBdgp1GZHvqFMB1SFZcBk1kUFT","privKey":"4KAnpuS/azjdXzMe+Inkm5pJW1sGKxAbZ1iPk+KHj0Y="},"lastRemoteEphemeralKey":"BTHJYu+94YQ91ddjqmmkoGT+ooVCQ4LQhBqMIwWgaNEO","previousCounter":0,"rootKey":"6YIhf8Trz1Tg1xGcnsMrKbWWOfp0kxGMELooRq/+VEc="},"indexInfo":{"baseKey":"BZxdogABoOKh/l4ocHvgHfiPJ/2dIWl89hKgQ6nsf3xR","baseKeyType":1,"closed":-1,"used":1688113169449,"created":1688113169449,"remoteIdentityKey":"BVC84PK1EWdYffWsNiH4caelxiC7C9S4E5btkcWj+s5x"},"_chains":{"BQtkl0Hjk2AE6Mm1bZSBdgp1GZHvqFMB1SFZcBk1kUFT":{"chainKey":{"counter":0,"key":"TVLz/l29m9KHVA6n3peiiF87f6rFqoIUXPScGqIJh6E="},"chainType":1,"messageKeys":{}}},"pendingPreKey":{"signedKeyId":1,"baseKey":"BZxdogABoOKh/l4ocHvgHfiPJ/2dIWl89hKgQ6nsf3xR"}}},"version":"v1"}