{"_sessions":{"BTc5YYwb3NcaydH92dn79bRWiHpakHO3WrfaOD7lj3dE":{"registrationId":1296428355,"currentRatchet":{"ephemeralKeyPair":{"pubKey":"BdBQRySCTkNWtRlIlXuRxgI2eu7Fr0a94BR7zoIqoCwA","privKey":"YDDIzgLefyINioFJ/t1s0lgsri2JSEg6E1cxl0hnykM="},"lastRemoteEphemeralKey":"Bd6Nemvr5tikhnw625Y07CCXeB5nvD8hEDX4UG1+f311","previousCounter":0,"rootKey":"rue/71crQhsfVfALTCmIA4EZW7j8K2GHqvPTNiuj1r4="},"indexInfo":{"baseKey":"BTc5YYwb3NcaydH92dn79bRWiHpakHO3WrfaOD7lj3dE","baseKeyType":1,"closed":-1,"used":1688113169680,"created":1688113169680,"remoteIdentityKey":"BQpww54C0VfE/hzQHDd1S4GzfLNDWEccXkR7+5RScwgE"},"_chains":{"BdBQRySCTkNWtRlIlXuRxgI2eu7Fr0a94BR7zoIqoCwA":{"chainKey":{"counter":0,"key":"WP5WQUDwGXk7QfMZLvFt66WTcfifzy2UKd5Ki8JkuaM="},"chainType":1,"messageKeys":{}}},"pendingPreKey":{"signedKeyId":5,"baseKey":"BTc5YYwb3NcaydH92dn79bRWiHpakHO3WrfaOD7lj3dE","preKeyId":2643245}}},"version":"v1"}