{"_sessions":{"BSjXXWiAHKpnpr+ci1q01MnTeagRTeB5NZB3POwpUYBy":{"registrationId":323614295,"currentRatchet":{"ephemeralKeyPair":{"pubKey":"BWUcRhX0Q8ho2tcXJDeBEOi7qIttXy7rJ4H/ytzual0i","privKey":"+OjoHVwSe8aYXHtZJ/wm7zz6RatG6JPLdC+0an2/RHQ="},"lastRemoteEphemeralKey":"BYHx/QuUbfBB6gkVsIUE2Ou3cmfrmW4PPZg0stxN3RV2","previousCounter":0,"rootKey":"fUz63yGzzLwFtCZqOKp7tIi76J5ZuYvxr5E8JPb/v1g="},"indexInfo":{"baseKey":"BSjXXWiAHKpnpr+ci1q01MnTeagRTeB5NZB3POwpUYBy","baseKeyType":1,"closed":-1,"used":1688113170965,"created":1688113170965,"remoteIdentityKey":"Bb3zu4vJ0NuCMF4+bazNfUIUs77/lLjfxLkg7RodI5IX"},"_chains":{"BWUcRhX0Q8ho2tcXJDeBEOi7qIttXy7rJ4H/ytzual0i":{"chainKey":{"counter":0,"key":"s55FMqezHRtArdGLsiU5jl5dVCSh9V8BrXZtmR5ttqg="},"chainType":1,"messageKeys":{}}},"pendingPreKey":{"signedKeyId":1,"baseKey":"BSjXXWiAHKpnpr+ci1q01MnTeagRTeB5NZB3POwpUYBy","preKeyId":6911013}}},"version":"v1"}