{"_sessions":{"Bf68Qc6fAyjU7jfmxCp7cZJ8Nrr0kCesCGbiLIu1vGMx":{"registrationId":2029696778,"currentRatchet":{"ephemeralKeyPair":{"pubKey":"BcOHDOFgreKZFkudDFLVip6OZWUaXDCUUcmRTNW9AJZc","privKey":"mFJ/UE4H/h9R1FiqJLY183sVvbgruvkR8/0V8PQmZHM="},"lastRemoteEphemeralKey":"BaukFjmezWSOlGXe1jilMw0N6Y4osGfyFz3HsKnQYcZG","previousCounter":0,"rootKey":"Au81ou6XLu/gtEui5bf5lIOeKMbTBXANBy2aKGHOFNw="},"indexInfo":{"baseKey":"Bf68Qc6fAyjU7jfmxCp7cZJ8Nrr0kCesCGbiLIu1vGMx","baseKeyType":1,"closed":-1,"used":1688113170874,"created":1688113170874,"remoteIdentityKey":"BdaffKOHT1HOJYSacVnJY9fYkGdLt92h6cduX6RcolQW"},"_chains":{"BcOHDOFgreKZFkudDFLVip6OZWUaXDCUUcmRTNW9AJZc":{"chainKey":{"counter":0,"key":"F3z7aCq/9Q9r4VzqruPwFzuqHlmAupxY+G6llB4un+0="},"chainType":1,"messageKeys":{}}},"pendingPreKey":{"signedKeyId":4,"baseKey":"Bf68Qc6fAyjU7jfmxCp7cZJ8Nrr0kCesCGbiLIu1vGMx","preKeyId":12477137}}},"version":"v1"}