{"_sessions":{"BTsIif9SH4NlwyE64FwIEwUnD1PCI1zbTOvVxywklVR+":{"registrationId":1037248338,"currentRatchet":{"ephemeralKeyPair":{"pubKey":"BTtYnvVv8RJe3zpnpHbMggtOJbg6LohGq+SjdxnbmPse","privKey":"qLK5YYKJcEeg0SkTjNs3s0Go8+6bgtmP8WJ+F9dVl00="},"lastRemoteEphemeralKey":"BY57jnTIUkCwclKrhWDhJKpe4i3pM1GTKUIpC1jpfF9K","previousCounter":0,"rootKey":"iFmL1fDoeCgLno+yhG9Zy2hPZjkGNMlF+gVgbh+Bp9c="},"indexInfo":{"baseKey":"BTsIif9SH4NlwyE64FwIEwUnD1PCI1zbTOvVxywklVR+","baseKeyType":1,"closed":-1,"used":1688113169687,"created":1688113169687,"remoteIdentityKey":"Bf24nrgdF55h/BMN+A65fFJxkFW1mm0jxUxWf2W73l9a"},"_chains":{"BTtYnvVv8RJe3zpnpHbMggtOJbg6LohGq+SjdxnbmPse":{"chainKey":{"counter":0,"key":"3IUnQ2mhKNZ32a+7a8ASxNLdciIiYrQEj5lab5VWI1U="},"chainType":1,"messageKeys":{}}},"pendingPreKey":{"signedKeyId":4,"baseKey":"BTsIif9SH4NlwyE64FwIEwUnD1PCI1zbTOvVxywklVR+","preKeyId":9300913}}},"version":"v1"}