{"_sessions":{"BdDlld3WYP6cbBFcOsf9c68JugJDXeunhRjfffDeDoI1":{"registrationId":16210,"currentRatchet":{"ephemeralKeyPair":{"pubKey":"BfdLQ/erfknysCb5nAHEieH8yoqGxTJqPV3dywd30UFG","privKey":"iALyXM3ets0b+5AdR84GqyonQ32WE3osEqiS45OFuFc="},"lastRemoteEphemeralKey":"Bdp8OjEGmQJLNbF8A/HAlEdHdoYB7oYmUXzlZED2zoIz","previousCounter":0,"rootKey":"r7fj9S2tSo5ul9GZTIdrNxuxgVH5Sx3Orq8+58NpJM8="},"indexInfo":{"baseKey":"BdDlld3WYP6cbBFcOsf9c68JugJDXeunhRjfffDeDoI1","baseKeyType":1,"closed":-1,"used":1688113169297,"created":1688113169297,"remoteIdentityKey":"BXn4OiSmlf5RHNNcnOuiMCj3NPtF66HFdbjvXyiF6VJx"},"_chains":{"BfdLQ/erfknysCb5nAHEieH8yoqGxTJqPV3dywd30UFG":{"chainKey":{"counter":0,"key":"OAdvkWLp1KxYAG8UTIXbBUj9Tag9Gag1Rp5uEggYF6I="},"chainType":1,"messageKeys":{}}},"pendingPreKey":{"signedKeyId":1,"baseKey":"BdDlld3WYP6cbBFcOsf9c68JugJDXeunhRjfffDeDoI1"}}},"version":"v1"}