{"_sessions":{"BT+Gev2hmdxfM/IM4dgYGv2qBRX3eyMIy7l/tjHLz3UC":{"registrationId":12062,"currentRatchet":{"ephemeralKeyPair":{"pubKey":"Bdd7duUDMC/V6l5OS4aPRt9MXwnvjEuD2Vz601MxhIo1","privKey":"kAme8B6B3QLRgVkE2ICa10QPg1mYZGg0vLtHalEfalE="},"lastRemoteEphemeralKey":"BW7mIZ+fIMcIiMIQDz2W6aNSaBxqzEDGicA5BTYmgP8S","previousCounter":0,"rootKey":"kn30OpLJ2X50aUGs5InADsLptbECQ5xm7XhwUaSmK+o="},"indexInfo":{"baseKey":"BT+Gev2hmdxfM/IM4dgYGv2qBRX3eyMIy7l/tjHLz3UC","baseKeyType":1,"closed":-1,"used":1688113169528,"created":1688113169528,"remoteIdentityKey":"BacYVA0QRT5wOGGQpo2kZNXDU5+51Dydxvx/rrEUgOIM"},"_chains":{"Bdd7duUDMC/V6l5OS4aPRt9MXwnvjEuD2Vz601MxhIo1":{"chainKey":{"counter":0,"key":"Q+UlUi61vmZlvC5ejyHvZ9xvE/IiY2CrDjaLPIecrg8="},"chainType":1,"messageKeys":{}}},"pendingPreKey":{"signedKeyId":1,"baseKey":"BT+Gev2hmdxfM/IM4dgYGv2qBRX3eyMIy7l/tjHLz3UC","preKeyId":1684}}},"version":"v1"}