{"_sessions":{"BSzm9GSjs5Gu7366Q9xubirMLI2pu+EjE3GJXO5rwsEs":{"registrationId":11029,"currentRatchet":{"ephemeralKeyPair":{"pubKey":"BdJf21yS2GKtdSbMPMovt3R0TYVFGQFFgQMXQijwExRI","privKey":"WLtt3D1Wg1rMEboOZR+Lj8rTUclrzYMTxoxhAPIBI08="},"lastRemoteEphemeralKey":"BZb/srvAlipnRmDz+AjCNjqSSiQ8p193tneGOGjysVM7","previousCounter":0,"rootKey":"0qgyUZ68IQrA6u7nOnX+sJ0j9Ukssugy6DyqKk2uRLM="},"indexInfo":{"baseKey":"BSzm9GSjs5Gu7366Q9xubirMLI2pu+EjE3GJXO5rwsEs","baseKeyType":1,"closed":-1,"used":1688113169433,"created":1688113169433,"remoteIdentityKey":"BSOF72SWULv4uX6vkJdIqc719qH48puYWcPEHUedJPwW"},"_chains":{"BdJf21yS2GKtdSbMPMovt3R0TYVFGQFFgQMXQijwExRI":{"chainKey":{"counter":0,"key":"b5lWMWg8H/jojJ2RjxQR++9B8lGznpr+SaYsaDrv0kY="},"chainType":1,"messageKeys":{}}},"pendingPreKey":{"signedKeyId":1,"baseKey":"BSzm9GSjs5Gu7366Q9xubirMLI2pu+EjE3GJXO5rwsEs"}}},"version":"v1"}