{"_sessions":{"BbmRtXH8f4JUlwVfq9KBXI/i2MU4BXs+rEG+MHdd4AN7":{"registrationId":15049,"currentRatchet":{"ephemeralKeyPair":{"pubKey":"BV6JftIxRXk9A3Nifs8RcMU9c7WUbj4ctO/+Zsr8A6Uu","privKey":"aPUzWVWGAMVLZo+vHoDa9BNceKbabDrlEyLLFWCmgGw="},"lastRemoteEphemeralKey":"BbG/vz4YVL+WYuhxKe3R97O+0tagzJXDoVaK0gTIuGFo","previousCounter":0,"rootKey":"+QDWQLz9kt13dhFMdx5HEBvmhFm8DLv0WNgxNe6CCJU="},"indexInfo":{"baseKey":"BbmRtXH8f4JUlwVfq9KBXI/i2MU4BXs+rEG+MHdd4AN7","baseKeyType":1,"closed":-1,"used":1688113169484,"created":1688113169484,"remoteIdentityKey":"BY/0T4/XkHtWD/eeWxU0yb+nA9lCzpm5bel8rtZv+gsG"},"_chains":{"BV6JftIxRXk9A3Nifs8RcMU9c7WUbj4ctO/+Zsr8A6Uu":{"chainKey":{"counter":0,"key":"rZ+SI4rr16cpj5FZaZgo0RsZ3mHdyzEcmuqWK5nXAAc="},"chainType":1,"messageKeys":{}}},"pendingPreKey":{"signedKeyId":1,"baseKey":"BbmRtXH8f4JUlwVfq9KBXI/i2MU4BXs+rEG+MHdd4AN7"}}},"version":"v1"}