{"_sessions":{"BZNpFvGmP9YjE9Pq9qkx+SC5jszBW+TP+oxkFaOw3Cds":{"registrationId":226955644,"currentRatchet":{"ephemeralKeyPair":{"pubKey":"BanGbXhLQ8e7Q2u+yAncrowoEOT/ZFJyXU+FzBYYHgEv","privKey":"qENJCvUjRktYsImDXXw9nLwQTRxQKF5WzHAPAsrub24="},"lastRemoteEphemeralKey":"BWpc4xo2JIDW3A7rwBnRAXb/+c1tbtzDFUiC/vcspoAZ","previousCounter":0,"rootKey":"0dvrJN5+2+oVsDYvJUYoUJ99sLVG8ZeyKAUZBhrhssw="},"indexInfo":{"baseKey":"BZNpFvGmP9YjE9Pq9qkx+SC5jszBW+TP+oxkFaOw3Cds","baseKeyType":1,"closed":-1,"used":1688113169743,"created":1688113169743,"remoteIdentityKey":"BYxB0URTgdfvE1U/q3LfeCFdpzEhV3LKYkVQvAxv0GVD"},"_chains":{"BanGbXhLQ8e7Q2u+yAncrowoEOT/ZFJyXU+FzBYYHgEv":{"chainKey":{"counter":0,"key":"UpoaGlrdyxbP2wp15dfhVZ459SiiS2s1b6OYol2SjJ0="},"chainType":1,"messageKeys":{}}},"pendingPreKey":{"signedKeyId":4,"baseKey":"BZNpFvGmP9YjE9Pq9qkx+SC5jszBW+TP+oxkFaOw3Cds","preKeyId":14131000}}},"version":"v1"}