{"_sessions":{"BfCNp2+clHKzJFR06hvtAOPbzxyGQBXUsu/8xvqyNKR0":{"registrationId":1006708472,"currentRatchet":{"ephemeralKeyPair":{"pubKey":"BYaxwGP7oFa9HR9IUvE37qGXujrnHOcuNT9DgcWUxaVk","privKey":"ePge6nnwy3DCeyAGaXczSCWxTgPJkV5ti7dwaS7a9lI="},"lastRemoteEphemeralKey":"BTPoljgUZuWE6Jv1QPkFdhlCl73h2TybhdJIjYIDO8kL","previousCounter":0,"rootKey":"hJKEGOSqQxoTWgtNlQYvFM9XGnmKK9+Vh9M+z2vaIFI="},"indexInfo":{"baseKey":"BfCNp2+clHKzJFR06hvtAOPbzxyGQBXUsu/8xvqyNKR0","baseKeyType":1,"closed":-1,"used":1688113170925,"created":1688113170925,"remoteIdentityKey":"Bd7yCx6ha+ORzZi6dyA5FecdrzwKNjedc1LZSO69wjZ1"},"_chains":{"BYaxwGP7oFa9HR9IUvE37qGXujrnHOcuNT9DgcWUxaVk":{"chainKey":{"counter":0,"key":"n0qU65PJJQx/H09CsDEDQdCXQWINLxHgqZQ1NfFcOsg="},"chainType":1,"messageKeys":{}}},"pendingPreKey":{"signedKeyId":6,"baseKey":"BfCNp2+clHKzJFR06hvtAOPbzxyGQBXUsu/8xvqyNKR0","preKeyId":4239387}}},"version":"v1"}