{"_sessions":{"BeopjJstOfgWyawRA77Jnmd420/rOi56cYhmlGHRUMdR":{"registrationId":166704721,"currentRatchet":{"ephemeralKeyPair":{"pubKey":"Be8Egd+ZAiMvyywceaAwM1srPPUdwWNRDsyjzqm2dsJ/","privKey":"WLgmRJy/hSsoDDye7tCqSI30Z/HFqMU2wI/VnBZC/EI="},"lastRemoteEphemeralKey":"BRfcM1LwvUNhbfrd0m2oExLvJEvzLH/rdq8pzi5j9+8z","previousCounter":0,"rootKey":"odlXlZ8OvBoJhIK8FZp9zZwru9dQnaybwR1wCPtSj1Y="},"indexInfo":{"baseKey":"BeopjJstOfgWyawRA77Jnmd420/rOi56cYhmlGHRUMdR","baseKeyType":1,"closed":-1,"used":1688113169937,"created":1688113169937,"remoteIdentityKey":"BZatuAImWz4Dh6Toat9vZUeOVG4NL+ybEfh9duIpM8dX"},"_chains":{"Be8Egd+ZAiMvyywceaAwM1srPPUdwWNRDsyjzqm2dsJ/":{"chainKey":{"counter":0,"key":"P48uDcbtXxFseMFxZNUZVadVdlaBpwNaDYaxROrnKHs="},"chainType":1,"messageKeys":{}}},"pendingPreKey":{"signedKeyId":1,"baseKey":"BeopjJstOfgWyawRA77Jnmd420/rOi56cYhmlGHRUMdR","preKeyId":2461457}}},"version":"v1"}