{"_sessions":{"BcFpqg+RZNiAeIMDvBdRd15b2siQieRiA5ZTl3A+YeBv":{"registrationId":804673030,"currentRatchet":{"ephemeralKeyPair":{"pubKey":"BUeRBUIvvIWfcpJd7/dezaMwKRrwrWyoWOk/a0ycQ9UZ","privKey":"mImCuwST2y7eCsD/igim11lxqR9NxMAAdNrvCDsCXnQ="},"lastRemoteEphemeralKey":"BWL4hiZtxkLU9EX8XF9340dr6DfjU/T8DLQ2noZGkEgR","previousCounter":0,"rootKey":"LLOzEZD/q+sLuSv2FasJun+dutvYW0L5PzhMKjtKojc="},"indexInfo":{"baseKey":"BcFpqg+RZNiAeIMDvBdRd15b2siQieRiA5ZTl3A+YeBv","baseKeyType":1,"closed":-1,"used":1688113170650,"created":1688113170650,"remoteIdentityKey":"BTUGM3KI1u1nq/bZqTewvFGnqEXMn28E6tNqoPqjq78a"},"_chains":{"BUeRBUIvvIWfcpJd7/dezaMwKRrwrWyoWOk/a0ycQ9UZ":{"chainKey":{"counter":0,"key":"hM/sEd1XCkMpvs61nl7Eu8BOIh/8z8tFozk5SCa7xsY="},"chainType":1,"messageKeys":{}}},"pendingPreKey":{"signedKeyId":4,"baseKey":"BcFpqg+RZNiAeIMDvBdRd15b2siQieRiA5ZTl3A+YeBv","preKeyId":7628061}}},"version":"v1"}