{"_sessions":{"BZvC9ETD+dYI98vvoiW8zLNyKXdKZBUajKQV3vJhmbhj":{"registrationId":1550356209,"currentRatchet":{"ephemeralKeyPair":{"pubKey":"BZ9hUotl2hSJJLYRPOixGA15R2Cm9vhpcFcIRTTv4PwX","privKey":"qPU+aDakmaBn0bhTQDlhwooklaTA/EDHRO8kGu2/K1k="},"lastRemoteEphemeralKey":"Bb3Kf6kzlx11n4GzA9F1OwDIth4cSt6z53whMOjK7mtS","previousCounter":0,"rootKey":"osDf/i++J7e01flH0dpjypzdG6esngCayLc7V0ivy6s="},"indexInfo":{"baseKey":"BZvC9ETD+dYI98vvoiW8zLNyKXdKZBUajKQV3vJhmbhj","baseKeyType":1,"closed":-1,"used":1688113170062,"created":1688113170062,"remoteIdentityKey":"Bfo63fm1WD8VAZnh1KU5C2NCS673Sd/nloe5vY8Z69tv"},"_chains":{"BZ9hUotl2hSJJLYRPOixGA15R2Cm9vhpcFcIRTTv4PwX":{"chainKey":{"counter":0,"key":"aTo94pAkJlpb2mwz6CiFwSbbGMMSkvNZHhcMRj12xvY="},"chainType":1,"messageKeys":{}}},"pendingPreKey":{"signedKeyId":0,"baseKey":"BZvC9ETD+dYI98vvoiW8zLNyKXdKZBUajKQV3vJhmbhj","preKeyId":13976442}}},"version":"v1"}