{"_sessions":{"BXnq5ni6ZAvFVJzWPex2A2tmhqYLLEH1tFyC7Dkcdo8r":{"registrationId":1197179103,"currentRatchet":{"ephemeralKeyPair":{"pubKey":"BQu9MvLftqH7Ia/ZY09O0bzKW+phyyeWtSkyy5Gp3/hU","privKey":"6Od0w4gtLQzli6aVSewa4oB+IlyzBl8PJDLtLHzzK1o="},"lastRemoteEphemeralKey":"Be4hOEe6MNnI+KP6k/zBD+3Vg4eB08w/tgQFjy82024V","previousCounter":0,"rootKey":"8b3HBFetfxDv1cwVbqXcTQFA1i9ASP3jwaJTxFefrpI="},"indexInfo":{"baseKey":"BXnq5ni6ZAvFVJzWPex2A2tmhqYLLEH1tFyC7Dkcdo8r","baseKeyType":1,"closed":-1,"used":1688113169347,"created":1688113169347,"remoteIdentityKey":"BanS0jKPgKbk4b05vrwYqZMd86881ENJs8qtdTUUmF1c"},"_chains":{"BQu9MvLftqH7Ia/ZY09O0bzKW+phyyeWtSkyy5Gp3/hU":{"chainKey":{"counter":0,"key":"ebwwHbJY1scI4jleeMcxHRXva0/sInhYs+0yR3ofgaM="},"chainType":1,"messageKeys":{}}},"pendingPreKey":{"signedKeyId":1,"baseKey":"BXnq5ni6ZAvFVJzWPex2A2tmhqYLLEH1tFyC7Dkcdo8r","preKeyId":12308233}}},"version":"v1"}