{"_sessions":{"BSMsouXJ4GKWLpwVwlL9BbT/24b2EeNY5ujtJOt9yXt8":{"registrationId":439083508,"currentRatchet":{"ephemeralKeyPair":{"pubKey":"BblQjoLcMvi2WgKQ9n8pkCMSr5/Wlw1W8rWkKE2AUCJ3","privKey":"aLJHrE+GeEeUP5vl9QRWPeNxPeDuTBY66kLUdrPp8H4="},"lastRemoteEphemeralKey":"BX71E0+rSxl6gj6+igulH3NHIXyKPR9rmdabYDthGa8/","previousCounter":0,"rootKey":"SdrEs0D8djJo1J8hg1aI4LI6UxbOcfz4xd4ecdWNdW8="},"indexInfo":{"baseKey":"BSMsouXJ4GKWLpwVwlL9BbT/24b2EeNY5ujtJOt9yXt8","baseKeyType":1,"closed":-1,"used":1688113170742,"created":1688113170742,"remoteIdentityKey":"BZY2Zpu+ihVIVwdrXWKtvpbfJ5KaolMyz0Eazmh/wc8D"},"_chains":{"BblQjoLcMvi2WgKQ9n8pkCMSr5/Wlw1W8rWkKE2AUCJ3":{"chainKey":{"counter":0,"key":"rhBmf/OThn0LcIAzONx9SbrI6MtoEDc29luCdnQfu+A="},"chainType":1,"messageKeys":{}}},"pendingPreKey":{"signedKeyId":8,"baseKey":"BSMsouXJ4GKWLpwVwlL9BbT/24b2EeNY5ujtJOt9yXt8","preKeyId":11541404}}},"version":"v1"}