{"_sessions":{"Bf90fdEA7fGm5IQc3+UYLxgjXhGYRP6MjYi/XMj9hkgV":{"registrationId":1392314005,"currentRatchet":{"ephemeralKeyPair":{"pubKey":"BXJ8FOhO5Fl8tGOrNp7mOHxXlGRQhsgpszW0FG3rUOtr","privKey":"6PiGAlSrf26jpCb0lLjakYkfaY2IsvaIqs8lgJDjskc="},"lastRemoteEphemeralKey":"BSh2cEkH4iOEdI3bR+d360vqfmjF24Fn7QIaSaHAyfsE","previousCounter":0,"rootKey":"eyFqW32p3TR/0Df/2T8sabsStWl61vWIDv8LqOJL/RA="},"indexInfo":{"baseKey":"Bf90fdEA7fGm5IQc3+UYLxgjXhGYRP6MjYi/XMj9hkgV","baseKeyType":1,"closed":-1,"used":1688113169410,"created":1688113169410,"remoteIdentityKey":"BZf4kHGR12IkI4bkipyqClHGkUDU8yGIYbI05gcEDs8a"},"_chains":{"BXJ8FOhO5Fl8tGOrNp7mOHxXlGRQhsgpszW0FG3rUOtr":{"chainKey":{"counter":0,"key":"TkpQg8XlFq6TTjnLbRrrbmbGr0BOFbtck9DSWvU56Io="},"chainType":1,"messageKeys":{}}},"pendingPreKey":{"signedKeyId":1,"baseKey":"Bf90fdEA7fGm5IQc3+UYLxgjXhGYRP6MjYi/XMj9hkgV","preKeyId":11551069}}},"version":"v1"}