{"_sessions":{"BQI+EazwHQFl51uPCHd/Y8u1XE+H2atpIa+/wa+Ew5FT":{"registrationId":1257258752,"currentRatchet":{"ephemeralKeyPair":{"pubKey":"BfVmw7A9K2pLaheEo2zcpEKnN3mBVypldhUohf8oT5oA","privKey":"WLOLw3i+S2lorMHJp/7lNttKjOBeX8FHFE/pV1X7cGQ="},"lastRemoteEphemeralKey":"BZiBfQa8cfKlWbpw1s/m48P7C5LE3sMTowQ+AzTpeWtH","previousCounter":0,"rootKey":"V6ig9Tzm3XNWZWWnq8gwPo9p0BTya5TadvFMuASmXWM="},"indexInfo":{"baseKey":"BQI+EazwHQFl51uPCHd/Y8u1XE+H2atpIa+/wa+Ew5FT","baseKeyType":1,"closed":-1,"used":1688113170510,"created":1688113170510,"remoteIdentityKey":"BfiRFyo8m8yR9ZJfcFqmsOMkHBTSZAljOujDFrJYbekr"},"_chains":{"BfVmw7A9K2pLaheEo2zcpEKnN3mBVypldhUohf8oT5oA":{"chainKey":{"counter":0,"key":"WhuWMDIMyFP1lqSMbnLeef7xN2CdbeAsKvq2Fj+5kqM="},"chainType":1,"messageKeys":{}}},"pendingPreKey":{"signedKeyId":5874665,"baseKey":"BQI+EazwHQFl51uPCHd/Y8u1XE+H2atpIa+/wa+Ew5FT","preKeyId":6134}}},"version":"v1"}