{"_sessions":{"BWDggbcVwhBnTSsLokiqDpzw8jDbDynnCdstmny87+ge":{"registrationId":401642575,"currentRatchet":{"ephemeralKeyPair":{"pubKey":"BY8ySPaVmkdUZt47VJ5KPAPJs5iu/nk+ay3Ii1fIOX8W","privKey":"CGC0/KcfDZFavLqe8ojHM9C8tAu658gmZYhFvyX7Ekw="},"lastRemoteEphemeralKey":"BUe5w28NlK04O/AEG+yVr6c2i/1BuES4zpuIrAuhfG4a","previousCounter":0,"rootKey":"QZGKGhAM0kYr+sS2iqNw3yFPmwmP18CSkcCMSLu/vPg="},"indexInfo":{"baseKey":"BWDggbcVwhBnTSsLokiqDpzw8jDbDynnCdstmny87+ge","baseKeyType":1,"closed":-1,"used":1688113170001,"created":1688113170001,"remoteIdentityKey":"BUlnzKi+p2eTh3Maem/8dJ4WGop6AC5nwQfafY8ZdaId"},"_chains":{"BY8ySPaVmkdUZt47VJ5KPAPJs5iu/nk+ay3Ii1fIOX8W":{"chainKey":{"counter":0,"key":"K8gYTtBCGsxAg4YhV7jO9w6W8eNBLMfCk7VxeMu5K1E="},"chainType":1,"messageKeys":{}}},"pendingPreKey":{"signedKeyId":1,"baseKey":"BWDggbcVwhBnTSsLokiqDpzw8jDbDynnCdstmny87+ge","preKeyId":8574422}}},"version":"v1"}