{"_sessions":{"BZAUISsrMxou9Pm9hEgcj2UTL6ZtKH4cv4cKod9iLitI":{"registrationId":5691,"currentRatchet":{"ephemeralKeyPair":{"pubKey":"BYZJpVfZHP4YNwh2XNlTTiwXD6LUixEv01O3B/eajAdX","privKey":"cA1A8dyKNPMWpx6/Ci+iZOA1/yRrY1d8k2iSC4vyKWk="},"lastRemoteEphemeralKey":"BetzHf3lnO8QjkPOH/vZEN/9MUXpYkOLEEVb4V7h7KVP","previousCounter":0,"rootKey":"8MGSsS/tEzLEZwHqV26FPUa2LYUtIM4r41HKLFSnhRA="},"indexInfo":{"baseKey":"BZAUISsrMxou9Pm9hEgcj2UTL6ZtKH4cv4cKod9iLitI","baseKeyType":1,"closed":-1,"used":1688113169310,"created":1688113169310,"remoteIdentityKey":"BTfvSSW7fUV1EreVsxFa267bXOunaoupN38D9NJbBfUo"},"_chains":{"BYZJpVfZHP4YNwh2XNlTTiwXD6LUixEv01O3B/eajAdX":{"chainKey":{"counter":0,"key":"PRHVsQVL/O/IspCPSlv5jWX44FXWnz4xS6BfzcR/lmE="},"chainType":1,"messageKeys":{}}},"pendingPreKey":{"signedKeyId":1,"baseKey":"BZAUISsrMxou9Pm9hEgcj2UTL6ZtKH4cv4cKod9iLitI"}}},"version":"v1"}