{"_sessions":{"Bc7FDAZhgmii98P81S9YJ4FsHbAFIWc9X5ovA5FHdiQz":{"registrationId":1495136912,"currentRatchet":{"ephemeralKeyPair":{"pubKey":"BY7a7g6sjLlcJAZWqtGlCG+hUOY8IBrtZu4Xk/94whgZ","privKey":"oNQ5H7sFKbmy7QOYLs4cfd/+PTPplcEyZLkwIXvkwEU="},"lastRemoteEphemeralKey":"BQUz9gJ6no/ihqAaAtCuteR0tIZ9WM9JDmapkcWxpeh1","previousCounter":0,"rootKey":"hU4eiIvtygjIedWE8YQ2oOu8+CRIrWW/WV7Fa6jJlQI="},"indexInfo":{"baseKey":"Bc7FDAZhgmii98P81S9YJ4FsHbAFIWc9X5ovA5FHdiQz","baseKeyType":1,"closed":-1,"used":1688113169599,"created":1688113169599,"remoteIdentityKey":"BZC0D4mZUj027x1ZHbvPXKwe0eL7WGbcxswhY/rxLDog"},"_chains":{"BY7a7g6sjLlcJAZWqtGlCG+hUOY8IBrtZu4Xk/94whgZ":{"chainKey":{"counter":0,"key":"3KThdfFVpl8VO8uQGKakySxQVkyHVHrgRuhsbVdu5Bo="},"chainType":1,"messageKeys":{}}},"pendingPreKey":{"signedKeyId":2905809,"baseKey":"Bc7FDAZhgmii98P81S9YJ4FsHbAFIWc9X5ovA5FHdiQz","preKeyId":630}}},"version":"v1"}