{"_sessions":{"BdFL4phILSYxGoPqhCY48uCasAywyd3AfXjU42f2/ndh":{"registrationId":1810370792,"currentRatchet":{"ephemeralKeyPair":{"pubKey":"BRNUgZ7qSnllTbIXFK8/ItRXmIrs4dbUNPZ5Puzes2tv","privKey":"CKNX2j8rXS7D9Yj4m1OLhN+2qBusCLDV/Iaya1R1Dkw="},"lastRemoteEphemeralKey":"BSUJveI6NVUzKCdmIFswDJ4WWe/1k/5QLTOGvIt2h1YM","previousCounter":0,"rootKey":"IJXvMKnZ4LieLW2L7Jj0/use2PN0daKNfExirgy2Hig="},"indexInfo":{"baseKey":"BdFL4phILSYxGoPqhCY48uCasAywyd3AfXjU42f2/ndh","baseKeyType":1,"closed":-1,"used":1688113170042,"created":1688113170042,"remoteIdentityKey":"BQkj/ISl5o7zNVDd4lcyWit7KF0FvzNEILOwcYW6BLtV"},"_chains":{"BRNUgZ7qSnllTbIXFK8/ItRXmIrs4dbUNPZ5Puzes2tv":{"chainKey":{"counter":0,"key":"3S7AgObMFWEmGNYtZm+oHUk4F0s+EWWARWwXK8yIkA0="},"chainType":1,"messageKeys":{}}},"pendingPreKey":{"signedKeyId":27,"baseKey":"BdFL4phILSYxGoPqhCY48uCasAywyd3AfXjU42f2/ndh","preKeyId":7702242}}},"version":"v1"}