{"_sessions":{"BW3f0R4PS9va14VdVjqHUyvScRS6MX8k2VWgCuULEQw+":{"registrationId":1507472859,"currentRatchet":{"ephemeralKeyPair":{"pubKey":"BUcuj9O4Nj5acN4Sir0HWdpk0RA0lBZoAXpc9X2UftJO","privKey":"aEscRJmolbUCyXpWSk9iKIgCznrQZ45dLrx0qb3DHEE="},"lastRemoteEphemeralKey":"BYoKt8oRsyZG7THQ+hGa1IOMISKbc6a1WNabPCsvhFYm","previousCounter":0,"rootKey":"E0Qc5nm5rjxyA9kez7m7ljU6cQRTDoTwdhYQS9HibxA="},"indexInfo":{"baseKey":"BW3f0R4PS9va14VdVjqHUyvScRS6MX8k2VWgCuULEQw+","baseKeyType":1,"closed":-1,"used":1688113169880,"created":1688113169880,"remoteIdentityKey":"BTanSCIZYJo77t6ebrctnV83MG6R2o2O0rnb3oqY8PI5"},"_chains":{"BUcuj9O4Nj5acN4Sir0HWdpk0RA0lBZoAXpc9X2UftJO":{"chainKey":{"counter":0,"key":"82SxWNmEYNXNA9iawTeUKkCbQW2S8CpRmQqDfSRYzbM="},"chainType":1,"messageKeys":{}}},"pendingPreKey":{"signedKeyId":16547500,"baseKey":"BW3f0R4PS9va14VdVjqHUyvScRS6MX8k2VWgCuULEQw+","preKeyId":8812}}},"version":"v1"}