{"_sessions":{"BdsBNLjbIe53zq8lCA8acvhCeKlZbCWn8PxY+5LGx0tn":{"registrationId":2059545913,"currentRatchet":{"ephemeralKeyPair":{"pubKey":"BRmtCi4IOCEYCYV077dY66xTzWau7izXOz39C09cIx4l","privKey":"yMMOaFDDhyOkhqAKXe85idC6ZlPRyf7vmoNzxRCr2F0="},"lastRemoteEphemeralKey":"BU0FwklBXhx9yqfol6iU/Hy6Hii69AFE/j9EHlyv+t8u","previousCounter":0,"rootKey":"tlxosJrGSc/ywR1B2mGsaiECCNe24XJDW2Pt2CqNpC8="},"indexInfo":{"baseKey":"BdsBNLjbIe53zq8lCA8acvhCeKlZbCWn8PxY+5LGx0tn","baseKeyType":1,"closed":-1,"used":1688113170999,"created":1688113170999,"remoteIdentityKey":"BZ9mtxx4/gG552qdjnL2uLAXzW21aPcbdvjPQ4Iy3aRR"},"_chains":{"BRmtCi4IOCEYCYV077dY66xTzWau7izXOz39C09cIx4l":{"chainKey":{"counter":0,"key":"BME2CFP7yZ8DiB0ulDbRgVBWgKHq46V/5A58yzmFfX4="},"chainType":1,"messageKeys":{}}},"pendingPreKey":{"signedKeyId":9,"baseKey":"BdsBNLjbIe53zq8lCA8acvhCeKlZbCWn8PxY+5LGx0tn","preKeyId":3047581}}},"version":"v1"}