{"_sessions":{"BfLAlKLXLIVj92/AJ9eRX+dM+Ap2YBakXNct6MH1jaQI":{"registrationId":1887989942,"currentRatchet":{"ephemeralKeyPair":{"pubKey":"BeOfm9CD8B1TTSPsdftTq/ULwtARqD6ABr3Twxx2hNto","privKey":"yB5vhPOfXLwKEhjNnkDLH6RCC+Q5NidgM0U8vQ8wA3A="},"lastRemoteEphemeralKey":"BY4YXZNc9vxssyeSMokzkcbGQSuucrp4dOJQORKFWUhZ","previousCounter":0,"rootKey":"XuamdG3sziz6iBEc4nR3SkHgjHloOv6KEuVtVfUHpew="},"indexInfo":{"baseKey":"BfLAlKLXLIVj92/AJ9eRX+dM+Ap2YBakXNct6MH1jaQI","baseKeyType":1,"closed":-1,"used":1688113170230,"created":1688113170230,"remoteIdentityKey":"BRvfYl97U+Rdb3gTMfo9MiMb+Yx8AClwBIvKm6Wah7ow"},"_chains":{"BeOfm9CD8B1TTSPsdftTq/ULwtARqD6ABr3Twxx2hNto":{"chainKey":{"counter":0,"key":"fRQaaGGegDDqOSiExQwKRvyOxmRh1zudUJl/fPRC5Vs="},"chainType":1,"messageKeys":{}}},"pendingPreKey":{"signedKeyId":4,"baseKey":"BfLAlKLXLIVj92/AJ9eRX+dM+Ap2YBakXNct6MH1jaQI","preKeyId":7269303}}},"version":"v1"}