{"_sessions":{"BYe5cZXWtqh8pkq3boUPe181hFaXHiOXCTW4D4XzRvwV":{"registrationId":699157571,"currentRatchet":{"ephemeralKeyPair":{"pubKey":"BWzSxNy7uMuFjlA8CY/+ITjy5zsLkzWkF8j/GO2ocGhv","privKey":"AAbqlG1L0BhWXuBYqX4C0FdpOOLQCQ4LUR//ihVOjWA="},"lastRemoteEphemeralKey":"Bcp6Re8odPDlCzzcR/JtNQl5vRP43YsgO4druM5GVB5+","previousCounter":0,"rootKey":"SvrpYUmRvjjHAD1UZHSrNHlNTGClVS1sZyweEQmbBrg="},"indexInfo":{"baseKey":"BYe5cZXWtqh8pkq3boUPe181hFaXHiOXCTW4D4XzRvwV","baseKeyType":1,"closed":-1,"used":1688113169367,"created":1688113169367,"remoteIdentityKey":"Bf/m96thN6GqQNZKkgeQwNHXTQlnvLcdMlCUHZIyJFN4"},"_chains":{"BWzSxNy7uMuFjlA8CY/+ITjy5zsLkzWkF8j/GO2ocGhv":{"chainKey":{"counter":0,"key":"GAs3Vvv8UmZeGtCpT8Q9SzlRTth8NsEY+lZj78dfD8Y="},"chainType":1,"messageKeys":{}}},"pendingPreKey":{"signedKeyId":0,"baseKey":"BYe5cZXWtqh8pkq3boUPe181hFaXHiOXCTW4D4XzRvwV","preKeyId":606482}}},"version":"v1"}