{"_sessions":{"BbDoim1HWsDA4l41y3OXVkWkJ773BwGkCc3bZqApcMVt":{"registrationId":380355698,"currentRatchet":{"ephemeralKeyPair":{"pubKey":"BfLE0Bf/jvmZJ/k8Ze1SIhNGGo0pDFKL5k9zTxKzZZw8","privKey":"yKco/B7NHUf9Tum9uO47ewtXsK9e2R0llkfi0UN6llQ="},"lastRemoteEphemeralKey":"BaTH5vEJjqQsfDB0osFjPltmf5//0XkH1Kz4+xHcHUd/","previousCounter":0,"rootKey":"wjUJ7BSOMMqm1aGmROEa2XVhavI23hvID5D7Dt/oxTU="},"indexInfo":{"baseKey":"BbDoim1HWsDA4l41y3OXVkWkJ773BwGkCc3bZqApcMVt","baseKeyType":1,"closed":-1,"used":1688113169860,"created":1688113169860,"remoteIdentityKey":"BV8yR/dEV2v3ZbamdI2gWqOCmvqsW46bFeslozr5tFZH"},"_chains":{"BfLE0Bf/jvmZJ/k8Ze1SIhNGGo0pDFKL5k9zTxKzZZw8":{"chainKey":{"counter":0,"key":"0T6zxj/+CSpM5K33ojuBExBlpBq1kQ9vFT0zzO5dDoA="},"chainType":1,"messageKeys":{}}},"pendingPreKey":{"signedKeyId":2,"baseKey":"BbDoim1HWsDA4l41y3OXVkWkJ773BwGkCc3bZqApcMVt","preKeyId":1933940}}},"version":"v1"}