{"_sessions":{"BdCy4JFJYJ1/j8osLpcEc/bfo6ErL5xuqpaW7RmTbHIT":{"registrationId":1671811662,"currentRatchet":{"ephemeralKeyPair":{"pubKey":"BW1j+AiVKtNvJ1iuO0Fhrh/xvqTXM/mqcM9GaM9lJ3dS","privKey":"sBSM7Dq5HL8SkKZZFvjq+0ZBIT9qeEVUqxw+yWNJPV4="},"lastRemoteEphemeralKey":"BRsaVfyTHfn34zng0Y2RnReam7PQW3arX6OC3Qd4/h5b","previousCounter":0,"rootKey":"gLyGF/++K8L1IHcfZ7y3sqS73Ikfe0xGhWE+hECIXVk="},"indexInfo":{"baseKey":"BdCy4JFJYJ1/j8osLpcEc/bfo6ErL5xuqpaW7RmTbHIT","baseKeyType":1,"closed":-1,"used":1688113169870,"created":1688113169870,"remoteIdentityKey":"BXvIjHXDIpjZTssTKnBhBXcsNGe8XmQ6gbZfvfOY9TZb"},"_chains":{"BW1j+AiVKtNvJ1iuO0Fhrh/xvqTXM/mqcM9GaM9lJ3dS":{"chainKey":{"counter":0,"key":"ZWT+Ja4GG4YvBhZJgrVL7kkr9PQmR3u/Q6nydEY05wA="},"chainType":1,"messageKeys":{}}},"pendingPreKey":{"signedKeyId":2,"baseKey":"BdCy4JFJYJ1/j8osLpcEc/bfo6ErL5xuqpaW7RmTbHIT","preKeyId":14642022}}},"version":"v1"}