{"_sessions":{"BXnS3F1ObQrT8cBpaEmV80LnS6YB4wFUAandw1MMQaZq":{"registrationId":7306,"currentRatchet":{"ephemeralKeyPair":{"pubKey":"BX9yClnhj9gViurhiykRRegWBiy4laOIUY5pew6NUFUh","privKey":"uMWm0tXEognmovIlF7orhGJLUrvYruC3MzMUzkap8Fs="},"lastRemoteEphemeralKey":"BcibAcvNl1TjAUJ4RjVU9VmToyu7PMKQ9EWmXlMYkhU9","previousCounter":0,"rootKey":"voHgr4wIIYKpIKSnpfJxmngjUx2v/ZmkFui6Kx1uVFc="},"indexInfo":{"baseKey":"BXnS3F1ObQrT8cBpaEmV80LnS6YB4wFUAandw1MMQaZq","baseKeyType":1,"closed":-1,"used":1688113169502,"created":1688113169502,"remoteIdentityKey":"BZcej4kUntfmABhpjzK2ebBwwBPjjUjz3uJDynXOZwIC"},"_chains":{"BX9yClnhj9gViurhiykRRegWBiy4laOIUY5pew6NUFUh":{"chainKey":{"counter":0,"key":"pN5/h5rzvYVzTWYzm/2rVw3Xh909XZ1UZGBkb4ZOPxI="},"chainType":1,"messageKeys":{}}},"pendingPreKey":{"signedKeyId":1,"baseKey":"BXnS3F1ObQrT8cBpaEmV80LnS6YB4wFUAandw1MMQaZq"}}},"version":"v1"}