{"_sessions":{"BTs2rc6AHb6cLycrjS4ArY8etuqS5E3iK/hAOPziFhp/":{"registrationId":725509110,"currentRatchet":{"ephemeralKeyPair":{"pubKey":"BRdrc/desjYq2xsoNaor19LFNl6rk7hghSSQUXH43v0e","privKey":"ALv9zZuiGFcNyT9IKnNO5UVg9KKiFryPx0krZk5IZEM="},"lastRemoteEphemeralKey":"BRz1JNnXjKSLibbfXu5XMM5kRsiZYove66a/yJGixdk6","previousCounter":0,"rootKey":"cuL6UcrQsQuVlV4PFaA6QDXUUSHls3hoED/IeOtTy4M="},"indexInfo":{"baseKey":"BTs2rc6AHb6cLycrjS4ArY8etuqS5E3iK/hAOPziFhp/","baseKeyType":1,"closed":-1,"used":1688113170898,"created":1688113170898,"remoteIdentityKey":"BZRXy3nEgN9IvZl5Zyo3MtZ9Yhn3Gzw35xZfOBiFbeg5"},"_chains":{"BRdrc/desjYq2xsoNaor19LFNl6rk7hghSSQUXH43v0e":{"chainKey":{"counter":0,"key":"h07lHYUOPnIRHJ/ftdk28F8+Yt8M4kzLxw2NKDSGTRs="},"chainType":1,"messageKeys":{}}},"pendingPreKey":{"signedKeyId":12,"baseKey":"BTs2rc6AHb6cLycrjS4ArY8etuqS5E3iK/hAOPziFhp/","preKeyId":9459358}}},"version":"v1"}