{"_sessions":{"BXQNMOJoBG7FV4t1kknnXnbQmg8xftYfRxqwsXkzYvwt":{"registrationId":1046911291,"currentRatchet":{"ephemeralKeyPair":{"pubKey":"BYxFHJgHOmmnXzMTdBdCYtV0RRkelOy3uNQzfum0G3MK","privKey":"CHt1UxApH2++91C71qSp9sIKWjLkfDmtwq2Z+SaBYFQ="},"lastRemoteEphemeralKey":"BR0qekuEDxM6ENgS6k/HmGD29fkJZNeWQPIcwJt8MTx3","previousCounter":0,"rootKey":"M0YwCRjgqpZlVqRkARbxFkVWAqe5ko/wN29ac5LID0o="},"indexInfo":{"baseKey":"BXQNMOJoBG7FV4t1kknnXnbQmg8xftYfRxqwsXkzYvwt","baseKeyType":1,"closed":-1,"used":1688113169628,"created":1688113169628,"remoteIdentityKey":"BbbdMAlkeuXi9WNKT1jy4hSj4ysjLmHcYREbeilZaf1C"},"_chains":{"BYxFHJgHOmmnXzMTdBdCYtV0RRkelOy3uNQzfum0G3MK":{"chainKey":{"counter":0,"key":"iZT0LDCgrIb4m36RmnlCGgzR/qomP44/xLVevkdokt0="},"chainType":1,"messageKeys":{}}},"pendingPreKey":{"signedKeyId":1,"baseKey":"BXQNMOJoBG7FV4t1kknnXnbQmg8xftYfRxqwsXkzYvwt"}}},"version":"v1"}