{"_sessions":{"BdC+qDRhEI2mu9HO1lfXRqRGdHDd9Ux/QBW1g4IMjvt7":{"registrationId":170002357,"currentRatchet":{"ephemeralKeyPair":{"pubKey":"BX/NHDECqsHYCITSVkMDc9oKz4cS4avIv7bzmL43jV51","privKey":"2IvRfUVWwrEl+9RsvzclbVE9JZxraIsa8cYj+EimBnA="},"lastRemoteEphemeralKey":"BRUGfsf7nsYRhR9jU0T1SCucLZKMuC3R5tOlOxz7JSdL","previousCounter":0,"rootKey":"yEDn4GIY40El+eLSYBG1EgLigwogWGPPTmS3aeHn9ik="},"indexInfo":{"baseKey":"BdC+qDRhEI2mu9HO1lfXRqRGdHDd9Ux/QBW1g4IMjvt7","baseKeyType":1,"closed":-1,"used":1688113170665,"created":1688113170665,"remoteIdentityKey":"BQe/V6iS0Ak0QV1yccTAbCla3qORNtU7zVzPQc27ApZd"},"_chains":{"BX/NHDECqsHYCITSVkMDc9oKz4cS4avIv7bzmL43jV51":{"chainKey":{"counter":0,"key":"4w/cxk/eaAXvzfWMJgotzUEviu7Aw54qEvIVs0DFpAU="},"chainType":1,"messageKeys":{}}},"pendingPreKey":{"signedKeyId":6,"baseKey":"BdC+qDRhEI2mu9HO1lfXRqRGdHDd9Ux/QBW1g4IMjvt7","preKeyId":380184}}},"version":"v1"}