{"_sessions":{"BQJCgVm9DsAfoUpFgZGFOOeOR65IoAPuoiNcwfZYZCsx":{"registrationId":80909118,"currentRatchet":{"ephemeralKeyPair":{"pubKey":"BZ5Uf8iRo81OBBwnq4kMdPbs1LbU6nZq/aC23oyxasQr","privKey":"EIC3tul3ZzEVaP7ACozV+4F/Ur5AjUvFktKancD2jF4="},"lastRemoteEphemeralKey":"BYbnMwuCc7VQwQf9aKz+z9q37FfyK7Roqt5tXtYPtfYF","previousCounter":0,"rootKey":"dsWmJhXfQrNUnNSP9QDRgYvQe/wOFXjBkCcSzGxqaKg="},"indexInfo":{"baseKey":"BQJCgVm9DsAfoUpFgZGFOOeOR65IoAPuoiNcwfZYZCsx","baseKeyType":1,"closed":-1,"used":1688113170520,"created":1688113170520,"remoteIdentityKey":"BeloDMgBeGZFm9zaMMRKCG89nGBWZBZJw3ViTTB4tMc7"},"_chains":{"BZ5Uf8iRo81OBBwnq4kMdPbs1LbU6nZq/aC23oyxasQr":{"chainKey":{"counter":0,"key":"a622xiv+HrgOaSZsmI+IRK0eWu1pp8E92mkxjDqXAVQ="},"chainType":1,"messageKeys":{}}},"pendingPreKey":{"signedKeyId":8,"baseKey":"BQJCgVm9DsAfoUpFgZGFOOeOR65IoAPuoiNcwfZYZCsx","preKeyId":15243238}}},"version":"v1"}