{"_sessions":{"BbH/mc7OaOYiBBAhIv7TTgrRaGTPHbFiX2KPkbh7nUon":{"registrationId":1367068655,"currentRatchet":{"ephemeralKeyPair":{"pubKey":"BRQ3DrvgyBAsR5ME3WIeZJ9jK+2bRS7hQ8+Ix6rHMChq","privKey":"WN+lNawmrO9LXg8IS4JTqX8n7QWz30E72ONx9FlFmng="},"lastRemoteEphemeralKey":"BfvBWnE7xEh+Etl5QtUKXUG670g6oXAYvk/ZHKb0h7dL","previousCounter":0,"rootKey":"hDU9vH7i5KNoRw2Cak0lu1h6P/tISgaf8ojJQES2Gv8="},"indexInfo":{"baseKey":"BbH/mc7OaOYiBBAhIv7TTgrRaGTPHbFiX2KPkbh7nUon","baseKeyType":1,"closed":-1,"used":1688113169614,"created":1688113169614,"remoteIdentityKey":"BVMOcLXjR62ITE2UGhFhNANqjRwJ/j2RTA5N9BNqYEEB"},"_chains":{"BRQ3DrvgyBAsR5ME3WIeZJ9jK+2bRS7hQ8+Ix6rHMChq":{"chainKey":{"counter":0,"key":"oIeONoo8wYos12p5Xcwo/VmvfH5qqOL5gIj7auHf9PY="},"chainType":1,"messageKeys":{}}},"pendingPreKey":{"signedKeyId":2,"baseKey":"BbH/mc7OaOYiBBAhIv7TTgrRaGTPHbFiX2KPkbh7nUon","preKeyId":15845524}}},"version":"v1"}