{"_sessions":{"Bdx6bUd2KZi5bv3gX58xPPvIqhxp7J+WC0PO8xJ8xCo3":{"registrationId":615568790,"currentRatchet":{"ephemeralKeyPair":{"pubKey":"BfSEMSE7KslFMmNkAgEIa6jFUmveqjN0df2nhEzkPixH","privKey":"mPMPMtX23anpbMVS3kBZKumB0dqbq+A1MPXKk3573X0="},"lastRemoteEphemeralKey":"BcDmRTInx1iKRX+ML+RFuHKp2T6veS7XKtjJby3cjUU1","previousCounter":0,"rootKey":"vv8rPEm+jseU5tD75mp4vV9jU2lHxx7FJX3uieg7+aY="},"indexInfo":{"baseKey":"Bdx6bUd2KZi5bv3gX58xPPvIqhxp7J+WC0PO8xJ8xCo3","baseKeyType":1,"closed":-1,"used":1688113170817,"created":1688113170817,"remoteIdentityKey":"BVaG1W2DgDYWenUidx689qjpihP6M03gIAP4ti/Yc0FJ"},"_chains":{"BfSEMSE7KslFMmNkAgEIa6jFUmveqjN0df2nhEzkPixH":{"chainKey":{"counter":0,"key":"wKu5oZ8jtFOQVbpZOntklcy99bffXKSrRnfG78EuMnQ="},"chainType":1,"messageKeys":{}}},"pendingPreKey":{"signedKeyId":6,"baseKey":"Bdx6bUd2KZi5bv3gX58xPPvIqhxp7J+WC0PO8xJ8xCo3","preKeyId":4729572}}},"version":"v1"}