{"_sessions":{"BWL1YF5lZtnB78+nP0TrtqyBiPM2FcO2ZmGX3t//rYwo":{"registrationId":3467,"currentRatchet":{"ephemeralKeyPair":{"pubKey":"BRWcnUDHdSKqBzSzHl7OpB5LqzZjBIuQY/FveH1XxeMQ","privKey":"GARG5yeoW7rzcR14k2Ge6sVci9HoFSVJS5lB6Gb3bHY="},"lastRemoteEphemeralKey":"BcbtYMC5ilhBdABWjyEXn35xvRSDRiarGkx4OJCrZ9YK","previousCounter":0,"rootKey":"Dadoz/NQrbng0O6ts72Fq0gWqLybcu8iPK+Gw+m+17I="},"indexInfo":{"baseKey":"BWL1YF5lZtnB78+nP0TrtqyBiPM2FcO2ZmGX3t//rYwo","baseKeyType":1,"closed":-1,"used":1688113169466,"created":1688113169466,"remoteIdentityKey":"BfuFgG7XbUQi39KcEgIY0nW0WyCGoAL3hhrmmcJZ0FAZ"},"_chains":{"BRWcnUDHdSKqBzSzHl7OpB5LqzZjBIuQY/FveH1XxeMQ":{"chainKey":{"counter":0,"key":"2DaBmDlWBL0csWzkOE56FzofWMe72eMmTTPKxKvrmDo="},"chainType":1,"messageKeys":{}}},"pendingPreKey":{"signedKeyId":1,"baseKey":"BWL1YF5lZtnB78+nP0TrtqyBiPM2FcO2ZmGX3t//rYwo","preKeyId":748}}},"version":"v1"}