{"_sessions":{"BXVQvvh4gY0UBDC83Fhk47ChDgahMVvL7+It+dXfsSF7":{"registrationId":402090022,"currentRatchet":{"ephemeralKeyPair":{"pubKey":"BYFJxnW7VgXTrYUdMng0sPDxoYlZWz6dkB+l4ZGNA3t5","privKey":"mBmJ0FfnF8pnUjhk7I/mNpb9+cOZv8tmPu84+u+xe3I="},"lastRemoteEphemeralKey":"BRUiPE9aoG6RXB0c/GhVBfDR9pIYmB1O5pZelkBK0eIz","previousCounter":0,"rootKey":"LC2fhn1duD8RXT4vrnvbVdMKPo8Q1CI/OdeUUEzwSMo="},"indexInfo":{"baseKey":"BXVQvvh4gY0UBDC83Fhk47ChDgahMVvL7+It+dXfsSF7","baseKeyType":1,"closed":-1,"used":1688113171042,"created":1688113171042,"remoteIdentityKey":"BUeJjkjDWgmLOdNvbPAlby710tW6ZzhllW8d2Jd3aNdZ"},"_chains":{"BYFJxnW7VgXTrYUdMng0sPDxoYlZWz6dkB+l4ZGNA3t5":{"chainKey":{"counter":0,"key":"q26UxP+IczfWUSEiSWkqOJdKNrOomTqYjjDiVukveb0="},"chainType":1,"messageKeys":{}}},"pendingPreKey":{"signedKeyId":2,"baseKey":"BXVQvvh4gY0UBDC83Fhk47ChDgahMVvL7+It+dXfsSF7","preKeyId":5726026}}},"version":"v1"}