{"_sessions":{"BaLlc9w5XsqPJBSpSE2D85xoXwPklaNBSRFwVHLMqHVt":{"registrationId":1386923397,"currentRatchet":{"ephemeralKeyPair":{"pubKey":"BW24vvlZvG0EVhLGZOomX5CvTL+PTr/qqNDBx7O18/9I","privKey":"WDWYCIJu6E+5QmFkhwr7VllUU8g7p4vsPDFjFPZINW0="},"lastRemoteEphemeralKey":"Bfr4XCWepQtHj/0JIrUvaJi9fCH/POQ7ua1cBW6xQGhH","previousCounter":0,"rootKey":"4jngl1Ehp5zfXwbczxRpd/iWhZluMkqyRx5hrDPHVGo="},"indexInfo":{"baseKey":"BaLlc9w5XsqPJBSpSE2D85xoXwPklaNBSRFwVHLMqHVt","baseKeyType":1,"closed":-1,"used":1688113169270,"created":1688113169270,"remoteIdentityKey":"BeRoSqI0RaUWw6ZBd4WIvmwriEeNJIt3990CpAN4Iqlh"},"_chains":{"BW24vvlZvG0EVhLGZOomX5CvTL+PTr/qqNDBx7O18/9I":{"chainKey":{"counter":0,"key":"hzVS+Wj6fGulyvCptfuVEVvFMU9JLDFT+Au0AQV5fd0="},"chainType":1,"messageKeys":{}}},"pendingPreKey":{"signedKeyId":0,"baseKey":"BaLlc9w5XsqPJBSpSE2D85xoXwPklaNBSRFwVHLMqHVt"}}},"version":"v1"}