{"_sessions":{"BdeU4tQMffsBZudbJ34ON+VAiKxlw4XHHTwTxhGcBqJR":{"registrationId":1741352335,"currentRatchet":{"ephemeralKeyPair":{"pubKey":"BYH7CgSo/+1P8ruMBspBNiBmYAihSt0HAQ65ilH9dBdN","privKey":"eEDTaJC4N9mjlymTdZXVQ61IvQtidJ2HuRORoXvsYls="},"lastRemoteEphemeralKey":"BXuYYGaUd/9Q1xw9hJQKH4WyOIas5AmQpqRqqubUokwj","previousCounter":0,"rootKey":"KsFqTWiWOU6s1Y6Uapt5ELySYjN6Jpr8N7Daxz9wQFI="},"indexInfo":{"baseKey":"BdeU4tQMffsBZudbJ34ON+VAiKxlw4XHHTwTxhGcBqJR","baseKeyType":1,"closed":-1,"used":1688113170282,"created":1688113170282,"remoteIdentityKey":"BaG0/BDawjkdf+/CZr2DI4SCDwRQQm10H0WXTsxZP3IN"},"_chains":{"BYH7CgSo/+1P8ruMBspBNiBmYAihSt0HAQ65ilH9dBdN":{"chainKey":{"counter":0,"key":"ncll97p7CxgaAdqE6GHtaz96ykiK/SbS4U2sgyUFvp0="},"chainType":1,"messageKeys":{}}},"pendingPreKey":{"signedKeyId":7,"baseKey":"BdeU4tQMffsBZudbJ34ON+VAiKxlw4XHHTwTxhGcBqJR","preKeyId":15563743}}},"version":"v1"}