{"_sessions":{"Bdcj6b83hlyVBSZd/BmOGwrY859pY28xRFr90yVVHt5m":{"registrationId":256204307,"currentRatchet":{"ephemeralKeyPair":{"pubKey":"BRJcq4RUwKJJRFK/VzQUGwFb46hDyWctvSyNdqAZoGw6","privKey":"AJlhsaKPxj30/RKCIA0I/7wC4mC93xausM6iQDeWqWI="},"lastRemoteEphemeralKey":"Bd96alDMAh4yZSUvBPDooBi/8kHdbBHCHoUMe7Qfnmdc","previousCounter":0,"rootKey":"DVeUXJtjwwWFK9iBBY60RQ2sX8cHJztwxkWZThHb4pY="},"indexInfo":{"baseKey":"Bdcj6b83hlyVBSZd/BmOGwrY859pY28xRFr90yVVHt5m","baseKeyType":1,"closed":-1,"used":1688113170592,"created":1688113170592,"remoteIdentityKey":"BW2E1IGbAIph/qkOdiQn+bEsMpCHPxeeF2lnSIyTo2xy"},"_chains":{"BRJcq4RUwKJJRFK/VzQUGwFb46hDyWctvSyNdqAZoGw6":{"chainKey":{"counter":0,"key":"y0gZQx0jfLdYJn8VNK/RiEzp3LxpWTgJTLZ7CYnzekM="},"chainType":1,"messageKeys":{}}},"pendingPreKey":{"signedKeyId":1,"baseKey":"Bdcj6b83hlyVBSZd/BmOGwrY859pY28xRFr90yVVHt5m","preKeyId":12901943}}},"version":"v1"}