{"_sessions":{"BQoalRSYBRGK9NpLbxrLovmCjVteoQHNxCIg+KBPF1sC":{"registrationId":52395757,"currentRatchet":{"ephemeralKeyPair":{"pubKey":"BW+hyLTjJNaDAu77xrmpRg2orMp6XJIbB5K6Lw8+9HEG","privKey":"SMIkYypuLjX+dt5fPUCIQ8D6SiAKeov1fNEGyyRx5G0="},"lastRemoteEphemeralKey":"BTkA6kccmiE3vcQyuSgGs/rVSjuP7YyB8Lz1tTZM/dYg","previousCounter":0,"rootKey":"D20sBSxgvtdJ6k9VJYujXvW0VpvtUCCEJvNFTkRfRxY="},"indexInfo":{"baseKey":"BQoalRSYBRGK9NpLbxrLovmCjVteoQHNxCIg+KBPF1sC","baseKeyType":1,"closed":-1,"used":1688113170878,"created":1688113170878,"remoteIdentityKey":"BdUDxG5CAwl51KkareuayV+qu1fwoXaHqnkgpuFuqYcE"},"_chains":{"BW+hyLTjJNaDAu77xrmpRg2orMp6XJIbB5K6Lw8+9HEG":{"chainKey":{"counter":0,"key":"imfWb6jHzsIC0DKR6FoRqvN28Niu03Sd46LR7lGZCqY="},"chainType":1,"messageKeys":{}}},"pendingPreKey":{"signedKeyId":2,"baseKey":"BQoalRSYBRGK9NpLbxrLovmCjVteoQHNxCIg+KBPF1sC"}}},"version":"v1"}