{"_sessions":{"BZB8jdAkni/PzzT/KVMu+tr5q4rFIsPsr6fN1nhlRYFg":{"registrationId":1931272825,"currentRatchet":{"ephemeralKeyPair":{"pubKey":"BbLO1Zj4dtfCVu/ScSmwg11FxAxJi5S3+tZ/nfi8jDo0","privKey":"IGvXwC+Gs2UjmKjsT9FZ/+stKjV97/V2SjzJJGmcZVs="},"lastRemoteEphemeralKey":"BT3CidGoENImhJH28FLhbKt89HdqOwGIY3mlaGw03kNo","previousCounter":0,"rootKey":"ichNVHhBRtlYCG3ub1cpFULE29DOJkttG+BotPWScvA="},"indexInfo":{"baseKey":"BZB8jdAkni/PzzT/KVMu+tr5q4rFIsPsr6fN1nhlRYFg","baseKeyType":1,"closed":-1,"used":1688113170351,"created":1688113170351,"remoteIdentityKey":"BWFIobKMX/yrT+XX3g2L2H+Gy7D6n/+qw23sOMQFwdhD"},"_chains":{"BbLO1Zj4dtfCVu/ScSmwg11FxAxJi5S3+tZ/nfi8jDo0":{"chainKey":{"counter":0,"key":"biIwGkC0af7vsvZXRa8L/jepzd1KRHlniUuR2CUXj64="},"chainType":1,"messageKeys":{}}},"pendingPreKey":{"signedKeyId":6,"baseKey":"BZB8jdAkni/PzzT/KVMu+tr5q4rFIsPsr6fN1nhlRYFg","preKeyId":8895135}}},"version":"v1"}