{"_sessions":{"Bcil3jgT5I44fNHPEC+Bf5hY8XK49MTK9Q2G/2OewYNv":{"registrationId":836259651,"currentRatchet":{"ephemeralKeyPair":{"pubKey":"BUvVC2DuYyv/mEnp2KhVzdBPnvR/qmWh5DpKP60GRXV6","privKey":"wF5wG3Y6WOdGACunBh6pAtDDFRlJPXzITTAAuvFvelg="},"lastRemoteEphemeralKey":"Bf4a1zy7uM659jQYNJqhnozuCSzvnLwT6Hvv/MRB5ogS","previousCounter":0,"rootKey":"Audlr5n3IA/HmkgjAGslwaOneFF4w1Ej6EN0g2FFb48="},"indexInfo":{"baseKey":"Bcil3jgT5I44fNHPEC+Bf5hY8XK49MTK9Q2G/2OewYNv","baseKeyType":1,"closed":-1,"used":1688113170893,"created":1688113170893,"remoteIdentityKey":"BZF7JYep5DjzRlZrzrt5QMt1fN5nPIcZiiX8tuDJNNET"},"_chains":{"BUvVC2DuYyv/mEnp2KhVzdBPnvR/qmWh5DpKP60GRXV6":{"chainKey":{"counter":0,"key":"qU7KiBFtSlBkMv8e/Y3F3AcOIdZBmb8Uz6llxR8Mvqw="},"chainType":1,"messageKeys":{}}},"pendingPreKey":{"signedKeyId":1,"baseKey":"Bcil3jgT5I44fNHPEC+Bf5hY8XK49MTK9Q2G/2OewYNv","preKeyId":10715259}}},"version":"v1"}