{"_sessions":{"BeLjCBzsbqMy03glza3yseHMpZ6XcW3qQvLxfFS4oOFA":{"registrationId":1639596277,"currentRatchet":{"ephemeralKeyPair":{"pubKey":"BUN7gdFcvZKvEOoxizPId+j6O6MBlEAetGgYMJotARY2","privKey":"0G89CeYeW5hjYtXx+1do2jA1UG4wvC0EBjJnz6xmWVg="},"lastRemoteEphemeralKey":"Ba+FiGO+qrcSDav13TtJu8UTauL2Q9M9mCD0pki0pnkM","previousCounter":0,"rootKey":"ne7W79wyPfYKmQvDNC9pEOiYzkqVLAK2rrtlrIZ2PQ0="},"indexInfo":{"baseKey":"BeLjCBzsbqMy03glza3yseHMpZ6XcW3qQvLxfFS4oOFA","baseKeyType":1,"closed":-1,"used":1688113170515,"created":1688113170515,"remoteIdentityKey":"BdqggXKLcQ7PrOAdD+zE0XSpnvWuQ2b3x3F+ymLmy5ge"},"_chains":{"BUN7gdFcvZKvEOoxizPId+j6O6MBlEAetGgYMJotARY2":{"chainKey":{"counter":0,"key":"fEr1dh/2gxJszuJmy95BuZUBbbD2F7GluwOHGFlOSVw="},"chainType":1,"messageKeys":{}}},"pendingPreKey":{"signedKeyId":3,"baseKey":"BeLjCBzsbqMy03glza3yseHMpZ6XcW3qQvLxfFS4oOFA","preKeyId":14117512}}},"version":"v1"}