{"_sessions":{"BSYiHx/zuxGQI7avEe2b8gY+W1ey0TrfH9Xwp6doSgl8":{"registrationId":224292132,"currentRatchet":{"ephemeralKeyPair":{"pubKey":"Bdt0ecP/BhSjVarUtKG5uIpQalH8Sil7K2v8ASVTxBU9","privKey":"oKbJLF0uoL9Lz2q1IoDH+bLzEKwuFRA8G4FN4eL9S14="},"lastRemoteEphemeralKey":"BTcRf+s24WRAr4KK+8J6yLelSBx+ct51p59ZRo34wZNJ","previousCounter":0,"rootKey":"vPHeADxUyhKwx10+R/vkpsrpl8S6AyvbN5VUnRCRes4="},"indexInfo":{"baseKey":"BSYiHx/zuxGQI7avEe2b8gY+W1ey0TrfH9Xwp6doSgl8","baseKeyType":1,"closed":-1,"used":1688113170536,"created":1688113170536,"remoteIdentityKey":"BWIP0WEE0mD9hTxHCNh3aZv804u+vaS/VDGVMujdA/wv"},"_chains":{"Bdt0ecP/BhSjVarUtKG5uIpQalH8Sil7K2v8ASVTxBU9":{"chainKey":{"counter":0,"key":"Pk85jSQR5bIcAEu4J63i+m3E4S75nhPBWqrU6DHAUUg="},"chainType":1,"messageKeys":{}}},"pendingPreKey":{"signedKeyId":1,"baseKey":"BSYiHx/zuxGQI7avEe2b8gY+W1ey0TrfH9Xwp6doSgl8","preKeyId":14615699}}},"version":"v1"}