{"_sessions":{"BTbTcw4DYY6BwZkEjJ1AAwCEL1adfCbUoWiOhnBaSKJb":{"registrationId":1577388596,"currentRatchet":{"ephemeralKeyPair":{"pubKey":"BZP5NAygJ7Pqa42iX/71L3FZ0n+GOsns4592dic6bms9","privKey":"wGK4grZWCuNRoYxCc1RVlFeP8N8/a5DIhCxPVtQnO2A="},"lastRemoteEphemeralKey":"Bb0uaJP3AGb1M/YWITpnbx/H1OoQeb+5O1oIPOeOXb0y","previousCounter":0,"rootKey":"93JL/EChOAtsxjA8RXs1JOZeGC7/LG5bkrw6+XpgCU0="},"indexInfo":{"baseKey":"BTbTcw4DYY6BwZkEjJ1AAwCEL1adfCbUoWiOhnBaSKJb","baseKeyType":1,"closed":-1,"used":1688113170670,"created":1688113170670,"remoteIdentityKey":"BS8irxCDSjKMeqynDBS7YuPTEWiZxo5ZUxpvRq6e3rll"},"_chains":{"BZP5NAygJ7Pqa42iX/71L3FZ0n+GOsns4592dic6bms9":{"chainKey":{"counter":0,"key":"ysCIKWRdKNK2F2xLmECAL19dlv3IFTRxSjBGW1rlUs4="},"chainType":1,"messageKeys":{}}},"pendingPreKey":{"signedKeyId":16,"baseKey":"BTbTcw4DYY6BwZkEjJ1AAwCEL1adfCbUoWiOhnBaSKJb","preKeyId":101151}}},"version":"v1"}