{"_sessions":{"BahPVjMMQ25Pq8StxzuA3YbXWES3h3jrmq69SJLKdENw":{"registrationId":1456446957,"currentRatchet":{"ephemeralKeyPair":{"pubKey":"BRZXQoknL+mKAucJB4u0cjoff85NuhTuSz+6nL/au1In","privKey":"IF7qfTir2WvYV/6A7l1lfIe/zisSSiaFWEVW/VHA9HE="},"lastRemoteEphemeralKey":"BaU+AlPvFxmYvIW+dIWTi/NAcRx17Q4ppkM1+l45jCph","previousCounter":0,"rootKey":"QUm61Xq3zikH5isMT6hQoDOwTrhU0rpJrkPHtX5m5AI="},"indexInfo":{"baseKey":"BahPVjMMQ25Pq8StxzuA3YbXWES3h3jrmq69SJLKdENw","baseKeyType":1,"closed":-1,"used":1688113170635,"created":1688113170635,"remoteIdentityKey":"BVCcjKk74VeZNFZmWc4pRykNk9x/c9qD7VMdvWm5toEe"},"_chains":{"BRZXQoknL+mKAucJB4u0cjoff85NuhTuSz+6nL/au1In":{"chainKey":{"counter":0,"key":"KAR0/Y0ICMBAI5Ukil0x5Sitt7++MnSjIrrQSmlJlJQ="},"chainType":1,"messageKeys":{}}},"pendingPreKey":{"signedKeyId":34,"baseKey":"BahPVjMMQ25Pq8StxzuA3YbXWES3h3jrmq69SJLKdENw","preKeyId":8584176}}},"version":"v1"}