{"_sessions":{"BWVetBHmrmvbIJVsbP+gl9Os5sG7y0GWDrlbVipXyuN/":{"registrationId":235581188,"currentRatchet":{"ephemeralKeyPair":{"pubKey":"BamWx7kAnA+F7J+gfG7mdn6FhW/yJ80NFCqRqGbQO6lL","privKey":"KGgpyn5Zhun6isW+M5JpdXlO2YQQzAvSoURJ3DgXDVY="},"lastRemoteEphemeralKey":"BdH0mBGQzO4ABwuryTYLFXR/KUc4/TEWB840bEgEHagR","previousCounter":0,"rootKey":"SKKNUq19Y4t7oQjd4yvRXpYLRtExrK/YDFx1TS0eHlw="},"indexInfo":{"baseKey":"BWVetBHmrmvbIJVsbP+gl9Os5sG7y0GWDrlbVipXyuN/","baseKeyType":1,"closed":-1,"used":1688113170854,"created":1688113170854,"remoteIdentityKey":"BTnogjiWSttOm+aNQDkiMX7L0A8wp5w5yZp46PwefXB+"},"_chains":{"BamWx7kAnA+F7J+gfG7mdn6FhW/yJ80NFCqRqGbQO6lL":{"chainKey":{"counter":0,"key":"in0/7zNbOwmBo10xXVEfDbY3XQ8yvcA6P0piM5BYilc="},"chainType":1,"messageKeys":{}}},"pendingPreKey":{"signedKeyId":8,"baseKey":"BWVetBHmrmvbIJVsbP+gl9Os5sG7y0GWDrlbVipXyuN/","preKeyId":1923813}}},"version":"v1"}