{"_sessions":{"BVuKh8AMXIhYMBRHI90Wfw4oFe1BkoppTxiygMUdaDsq":{"registrationId":1069132823,"currentRatchet":{"ephemeralKeyPair":{"pubKey":"BeGU6159lx7kpwaAlic7m9z2xJI0IgNsnv6rWY+X7Ex6","privKey":"+KDgWrI+DBxGDNElc4mHsLd3ndIXoWuTau6fVv82704="},"lastRemoteEphemeralKey":"BTRxpiba+a4nyd4KtphhO5GYvhIM4Z9jDufLC8XPuspl","previousCounter":0,"rootKey":"2qpxKbwc9+6Vvbf2oLnaskUWQvuFDvUToG+FiAmfAgQ="},"indexInfo":{"baseKey":"BVuKh8AMXIhYMBRHI90Wfw4oFe1BkoppTxiygMUdaDsq","baseKeyType":1,"closed":-1,"used":1688113170476,"created":1688113170476,"remoteIdentityKey":"Bceb6iUsTjgkPeLsxRVpzYmDYpfmG0M21LMkufqEPZQO"},"_chains":{"BeGU6159lx7kpwaAlic7m9z2xJI0IgNsnv6rWY+X7Ex6":{"chainKey":{"counter":0,"key":"Lp+dMWmUDsOqtGxrAXtQcgHwxXxUOYHAaLbdM4BpWxU="},"chainType":1,"messageKeys":{}}},"pendingPreKey":{"signedKeyId":0,"baseKey":"BVuKh8AMXIhYMBRHI90Wfw4oFe1BkoppTxiygMUdaDsq","preKeyId":2873676}}},"version":"v1"}