{"_sessions":{"BcqHmVQrM+J/qiVfVLQdGe93mqTH+hGA9jTCdrfUa5oc":{"registrationId":2109265656,"currentRatchet":{"ephemeralKeyPair":{"pubKey":"BQQ4g25icSpfJar9E75Wrrq3n1AN2mlMDe7ny9V30xFb","privKey":"EAzAqS8JaGOzXZymyPtYRTHyJB1K3tjoqY4gC9qxaXw="},"lastRemoteEphemeralKey":"BeaS9EH78na0oMsyR6wGWCDJ4C1Iq6UP91fl2X5CoWET","previousCounter":0,"rootKey":"mXwH81mAGgEbrmq12DHttr8TnYVvMlaMxKV84wOfdVw="},"indexInfo":{"baseKey":"BcqHmVQrM+J/qiVfVLQdGe93mqTH+hGA9jTCdrfUa5oc","baseKeyType":1,"closed":-1,"used":1688113170562,"created":1688113170562,"remoteIdentityKey":"Bbiq8vgL9tUB1a215aEL91dV53xwOwZr0bZdufa/Jsg3"},"_chains":{"BQQ4g25icSpfJar9E75Wrrq3n1AN2mlMDe7ny9V30xFb":{"chainKey":{"counter":0,"key":"loylOAykszy4r+UsGRDK2FuXuOe646RVB9+5PLxbY+8="},"chainType":1,"messageKeys":{}}},"pendingPreKey":{"signedKeyId":8,"baseKey":"BcqHmVQrM+J/qiVfVLQdGe93mqTH+hGA9jTCdrfUa5oc","preKeyId":13400918}}},"version":"v1"}