{"_sessions":{"BbfAAlkjmF97pDIHXnepwvbMo5gsrSD5yMOPLNCvFNda":{"registrationId":1103563013,"currentRatchet":{"ephemeralKeyPair":{"pubKey":"BVPINNjIYXsdKooX/GYdpScpJT+ujLZ8WuNvbvuw7ME+","privKey":"WE+yXOuhHhVKO8uzdbgmVBAznnp3SQwyxGdH8TfnOmU="},"lastRemoteEphemeralKey":"BX7JqZ5S1IfXvGxgICueqde0Jwq3IogkR01O9pyF5Ghq","previousCounter":0,"rootKey":"E0hVXeom4WqCRXFOUk3/WBsIOhvPZmu5c19bqZ2wK9U="},"indexInfo":{"baseKey":"BbfAAlkjmF97pDIHXnepwvbMo5gsrSD5yMOPLNCvFNda","baseKeyType":1,"closed":-1,"used":1688113170257,"created":1688113170257,"remoteIdentityKey":"BfdP+/v0DrTC8xl2IGkWFLVtGTSwLNgE2PTd4qF9DEVV"},"_chains":{"BVPINNjIYXsdKooX/GYdpScpJT+ujLZ8WuNvbvuw7ME+":{"chainKey":{"counter":0,"key":"P0FlNjkyzv6E//BviDEJFJ5PS5n2zDIuChWglbji5P4="},"chainType":1,"messageKeys":{}}},"pendingPreKey":{"signedKeyId":0,"baseKey":"BbfAAlkjmF97pDIHXnepwvbMo5gsrSD5yMOPLNCvFNda","preKeyId":3685657}}},"version":"v1"}