{"_sessions":{"BWONgf5ej7OZ2Vp4Uze55Dx0tudH1Wghd0SSMHESF+5D":{"registrationId":885863133,"currentRatchet":{"ephemeralKeyPair":{"pubKey":"BRIJd66VS1d7n9TqTSBuq0KIL/D1vp9JTUWOUnkv44pf","privKey":"KN20EueSDWXs0tL2qsNX8DAxU4pkoMWIHyPcGHCYKE4="},"lastRemoteEphemeralKey":"BQT+JKiK9VgVKQ4vWjXfSf6J/lPFdMLaux/mxJxRf3cQ","previousCounter":0,"rootKey":"cvaK043qSXdyPY5SNVgQpFsiP8lmUfn2XyqCNjHICJ8="},"indexInfo":{"baseKey":"BWONgf5ej7OZ2Vp4Uze55Dx0tudH1Wghd0SSMHESF+5D","baseKeyType":1,"closed":-1,"used":1688113170551,"created":1688113170551,"remoteIdentityKey":"BVJlfWq1MZt3g7bewBGnd3lKZ6rjQxb6tu1lhuyvCk8x"},"_chains":{"BRIJd66VS1d7n9TqTSBuq0KIL/D1vp9JTUWOUnkv44pf":{"chainKey":{"counter":0,"key":"pM5ClWCXlpBjhfR0T+bVbvv9tep1pRMymGSYOdo+iE4="},"chainType":1,"messageKeys":{}}},"pendingPreKey":{"signedKeyId":6,"baseKey":"BWONgf5ej7OZ2Vp4Uze55Dx0tudH1Wghd0SSMHESF+5D","preKeyId":13083924}}},"version":"v1"}