{"_sessions":{"BTMBrqgmZ0ZmfqY4AnrgupkNL4atuGIBQ38W0UAp2LVV":{"registrationId":1822493140,"currentRatchet":{"ephemeralKeyPair":{"pubKey":"BSZSacz+key43lL+UoPKmjjyMVh0KJocsBtujKngcVF+","privKey":"QMYuCjC7PREBqssJ6+zqe2SDq89z0Ae7SDC4HoDE1X4="},"lastRemoteEphemeralKey":"BTeaAVZpWzX4v5rJ1F+vBCzK5gbmNaD0kQdDtgJuNHR/","previousCounter":0,"rootKey":"fDPq3w1lpK34WygUk0aS4sWFDKrQfqH87GFdgLjyL7s="},"indexInfo":{"baseKey":"BTMBrqgmZ0ZmfqY4AnrgupkNL4atuGIBQ38W0UAp2LVV","baseKeyType":1,"closed":-1,"used":1688113169663,"created":1688113169663,"remoteIdentityKey":"BeJv96qVwpKRhS5UJT3oNDCZwDY6NaNp2BCiXpzUInEs"},"_chains":{"BSZSacz+key43lL+UoPKmjjyMVh0KJocsBtujKngcVF+":{"chainKey":{"counter":0,"key":"BAh7XImBOEq7cD6JINKoGWjljjl5+C37xbJIQSIk3Ms="},"chainType":1,"messageKeys":{}}},"pendingPreKey":{"signedKeyId":4,"baseKey":"BTMBrqgmZ0ZmfqY4AnrgupkNL4atuGIBQ38W0UAp2LVV","preKeyId":9645796}}},"version":"v1"}