{"_sessions":{"BaQ5eVTK+kXzmccRL/tAii0b8IDzw+1t5CYasfibqooD":{"registrationId":28750042,"currentRatchet":{"ephemeralKeyPair":{"pubKey":"BdUucdrXNds7pOqhfbqTv2J2ZnWAdSi2XISnxqBDl/0M","privKey":"6HR40vYEqeZtAjCWN5kt8Q+I83lQpOScj798tl/yC08="},"lastRemoteEphemeralKey":"BeDcn8DTGXNaCR++bxfGeIBa3EgdUNPCyBHA9byaHBZH","previousCounter":0,"rootKey":"PTtLefsKkNUpY7kMdudcIiCIzoh9sssyXUj2Zeh1bGA="},"indexInfo":{"baseKey":"BaQ5eVTK+kXzmccRL/tAii0b8IDzw+1t5CYasfibqooD","baseKeyType":1,"closed":-1,"used":1688113169603,"created":1688113169603,"remoteIdentityKey":"Ba91cYFlCtOIc9AG2jOPkwKNBcq+6KRBjbv/lFjyvjVs"},"_chains":{"BdUucdrXNds7pOqhfbqTv2J2ZnWAdSi2XISnxqBDl/0M":{"chainKey":{"counter":0,"key":"ttt4aZ3wuqsnbi6iw0sGYjpZmuiOaYRQsarBajanjGk="},"chainType":1,"messageKeys":{}}},"pendingPreKey":{"signedKeyId":19,"baseKey":"BaQ5eVTK+kXzmccRL/tAii0b8IDzw+1t5CYasfibqooD","preKeyId":12294976}}},"version":"v1"}