{"_sessions":{"BUDXjoAVyH2j2xnK5lw12D6PQQpWFhIDrfOzggVO/NJ0":{"registrationId":755939542,"currentRatchet":{"ephemeralKeyPair":{"pubKey":"BZk0fYUQb5ePobWPcQOyhRYqQzxVp/F8T+20Gknyvchq","privKey":"OFeEsk9odo2YFYB3SMjwVpBuYaNEIADXqPQXdNjRRXU="},"lastRemoteEphemeralKey":"BVBYdiP9Kc4T7dP3dGTvakcRCpZ0X1rvG+aZ65SiHkdx","previousCounter":0,"rootKey":"dxOIfAVn0aNz2Fx7npEvTf/8kcfsBYBAgWrMChiEQao="},"indexInfo":{"baseKey":"BUDXjoAVyH2j2xnK5lw12D6PQQpWFhIDrfOzggVO/NJ0","baseKeyType":1,"closed":-1,"used":1688113170757,"created":1688113170757,"remoteIdentityKey":"BRFWXNMBl3Lsf7xtcVzRn0Ba9hXYdgw5yKA0mzG6pzMA"},"_chains":{"BZk0fYUQb5ePobWPcQOyhRYqQzxVp/F8T+20Gknyvchq":{"chainKey":{"counter":0,"key":"q3MpTEx3deStlJXOs3tNFAl5QTNzxMJ+MVa9w4xDi/c="},"chainType":1,"messageKeys":{}}},"pendingPreKey":{"signedKeyId":2,"baseKey":"BUDXjoAVyH2j2xnK5lw12D6PQQpWFhIDrfOzggVO/NJ0","preKeyId":764387}}},"version":"v1"}