{"_sessions":{"BccSAncSEsjICHG1ID6fjtbKqb36F6QBLVsreK2LH1tE":{"registrationId":1336472023,"currentRatchet":{"ephemeralKeyPair":{"pubKey":"BQdeK1/rnFLdvF9qHrWd2AvLc9mTeUCjh6fb+4wPRagA","privKey":"6N06gt6Ois7Ql/GM8mI0GTCQivxcD9XV6QJpEllzDlE="},"lastRemoteEphemeralKey":"BUJnssIBg5KedLKw0BEFD75X9T2mydz4Ipf9m0XEamQM","previousCounter":0,"rootKey":"94/R1/rDmg0QD7YVV8TiucFvLT+my9vtljSvkItLofg="},"indexInfo":{"baseKey":"BccSAncSEsjICHG1ID6fjtbKqb36F6QBLVsreK2LH1tE","baseKeyType":1,"closed":-1,"used":1688113170505,"created":1688113170505,"remoteIdentityKey":"BRjGcszDWm4bcjeZdwih+QHztfbh8lZMXd7E08K3JI8l"},"_chains":{"BQdeK1/rnFLdvF9qHrWd2AvLc9mTeUCjh6fb+4wPRagA":{"chainKey":{"counter":0,"key":"sGDRryNKfsfE+qsKnnRRoBrAxSbZhRo4PUrSIBM18vQ="},"chainType":1,"messageKeys":{}}},"pendingPreKey":{"signedKeyId":0,"baseKey":"BccSAncSEsjICHG1ID6fjtbKqb36F6QBLVsreK2LH1tE","preKeyId":9987971}}},"version":"v1"}