{"_sessions":{"BTeRJvZwrqSnf0FBpgwdRI8djFKGJhFdHYHKZSF3+54g":{"registrationId":1031058185,"currentRatchet":{"ephemeralKeyPair":{"pubKey":"BZ+IZpdVi0gyAmXsaA1IbF2csVP71zwb7rLMd5n8Vow7","privKey":"EHVlFarGt3LDtHGCdm2r0ixqLwFl/cp54HpriBF4xm0="},"lastRemoteEphemeralKey":"BTke5XW/vyFyYb+9jRr/z3XFAYRNzmesNSmvFMNyflQx","previousCounter":0,"rootKey":"/I1l2vlW/Pok2fGekgEmPnje/NysKhVOP+JxACzvwdo="},"indexInfo":{"baseKey":"BTeRJvZwrqSnf0FBpgwdRI8djFKGJhFdHYHKZSF3+54g","baseKeyType":1,"closed":-1,"used":1688113169890,"created":1688113169890,"remoteIdentityKey":"BS6niL5e7/RHwUg3siM953FuNh/X9pvalV4bG3T31gNa"},"_chains":{"BZ+IZpdVi0gyAmXsaA1IbF2csVP71zwb7rLMd5n8Vow7":{"chainKey":{"counter":0,"key":"TrygF/ZnRQxMSIDbs3+ZZ7ijfCSQ6D7SRGx40Zjw9Pc="},"chainType":1,"messageKeys":{}}},"pendingPreKey":{"signedKeyId":3,"baseKey":"BTeRJvZwrqSnf0FBpgwdRI8djFKGJhFdHYHKZSF3+54g"}}},"version":"v1"}