{"_sessions":{"BTQtR4wFd9+PQvYNz6vICYJDYaHZY0vZaHRabOP5tu5g":{"registrationId":928741112,"currentRatchet":{"ephemeralKeyPair":{"pubKey":"Be2sdaDaYmLe44AXnjFsTFRG14Kbw7uo+MwyoHDAbqkg","privKey":"cP6o3t5NXHDZtR18KBXw/vNLrhSbfBpJC6zSY1uytVg="},"lastRemoteEphemeralKey":"BWm7ADSN+RXQnmSjrYKCodwgo8HblWf9xroGcy8xIlc6","previousCounter":0,"rootKey":"n8IBuWzS8EmKWCNXxxWITU42HGpkqXSkKmxTgDjQMW4="},"indexInfo":{"baseKey":"BTQtR4wFd9+PQvYNz6vICYJDYaHZY0vZaHRabOP5tu5g","baseKeyType":1,"closed":-1,"used":1688113170433,"created":1688113170433,"remoteIdentityKey":"BZrQPXc6RTGigSP2snyhnzRx8gPsiAKa2P87VysdzZYD"},"_chains":{"Be2sdaDaYmLe44AXnjFsTFRG14Kbw7uo+MwyoHDAbqkg":{"chainKey":{"counter":0,"key":"/CFJGz+hN1zMr0AomMpf+MBYIODWzXzHZ4zCGc6Gafk="},"chainType":1,"messageKeys":{}}},"pendingPreKey":{"signedKeyId":2,"baseKey":"BTQtR4wFd9+PQvYNz6vICYJDYaHZY0vZaHRabOP5tu5g"}}},"version":"v1"}