{"_sessions":{"BRJTDgsupdA4JyMdcOsLSleSU+fWUNwJD53lHCZBOMIW":{"registrationId":309061371,"currentRatchet":{"ephemeralKeyPair":{"pubKey":"BWOapWMxFML5fNK1VQTWmbIQqYQqlD8JZdW1YzLNaBRq","privKey":"IN7AcUYhyHzTLCMt/Ko47WfP6lNB7JHJyAQ7bXl0aXA="},"lastRemoteEphemeralKey":"Bb9zHSI2WWUwrpiu7dLW/dlwF76V+G/dW63ZPTCqulwU","previousCounter":0,"rootKey":"1WZyauvLlKjR/Ff6g7dbCbt3UcvZG79drzyear34yt0="},"indexInfo":{"baseKey":"BRJTDgsupdA4JyMdcOsLSleSU+fWUNwJD53lHCZBOMIW","baseKeyType":1,"closed":-1,"used":1688113169756,"created":1688113169756,"remoteIdentityKey":"BU/xE836P2xBhv+zMQLlRhknC09PB3FCZ2DwvmVAadpw"},"_chains":{"BWOapWMxFML5fNK1VQTWmbIQqYQqlD8JZdW1YzLNaBRq":{"chainKey":{"counter":0,"key":"4NGGi7z5yyb7wKviFkObzSaxNFzpx6IHXpoIpbVmp8w="},"chainType":1,"messageKeys":{}}},"pendingPreKey":{"signedKeyId":4,"baseKey":"BRJTDgsupdA4JyMdcOsLSleSU+fWUNwJD53lHCZBOMIW","preKeyId":1090647}}},"version":"v1"}