{"_sessions":{"Bd7g6vEfgbxvapwPvFZZbVevj/X7G1z+JVWJHH9u1cQs":{"registrationId":13285,"currentRatchet":{"ephemeralKeyPair":{"pubKey":"BZyix1BkfMbYADeIVLdyldDlcHF4yvF5k5m1brR4lp5x","privKey":"wEccEeYRALiaUo7GU5xMFJLuPM3Qx0Up4ps7p+WVans="},"lastRemoteEphemeralKey":"Bb4B+wfRc9KbWd6cpMDAxAIWEtv0OHtke/lBLD+aYRYp","previousCounter":0,"rootKey":"2weErkMDkBXBM1ULYmMYgEbfMuJ65HsZm1Jil2IMgbE="},"indexInfo":{"baseKey":"Bd7g6vEfgbxvapwPvFZZbVevj/X7G1z+JVWJHH9u1cQs","baseKeyType":1,"closed":-1,"used":1688113169421,"created":1688113169421,"remoteIdentityKey":"BTZxtS38MrZ9wyNhT8Nwh5pkM7ZbwHhvoIoog9K6fv5X"},"_chains":{"BZyix1BkfMbYADeIVLdyldDlcHF4yvF5k5m1brR4lp5x":{"chainKey":{"counter":0,"key":"c70ay0kv7HX+D9Ga0gEiJZbg8PTL+DU4ivoSEpdeHdE="},"chainType":1,"messageKeys":{}}},"pendingPreKey":{"signedKeyId":1,"baseKey":"Bd7g6vEfgbxvapwPvFZZbVevj/X7G1z+JVWJHH9u1cQs"}}},"version":"v1"}