{"_sessions":{"BWQQMYUoa13kuU8s/8rQQWKMYf+gI+GRDfmAhCXqOdFF":{"registrationId":13954,"currentRatchet":{"ephemeralKeyPair":{"pubKey":"BRWcjoqlLthjDA7wgCm8W3Kt9K2OrrkGSz+hQ0YA4Jca","privKey":"8MO4725USA2zibCijehksa/c1zOUfNYy3ViTn5RiqWI="},"lastRemoteEphemeralKey":"BRdsXP6fGPDSOL589JBWcr2jN2HOnZix+bFYLT9jFvEO","previousCounter":0,"rootKey":"4lFdDSEerGFBEOuqDcQHKHgQosTj94o19jnNreNVb3g="},"indexInfo":{"baseKey":"BWQQMYUoa13kuU8s/8rQQWKMYf+gI+GRDfmAhCXqOdFF","baseKeyType":1,"closed":-1,"used":1688113169395,"created":1688113169395,"remoteIdentityKey":"BQbXT7m7eUhbKBH86gN+uEuDo1/mgGB2ulzTlXQ7DpFt"},"_chains":{"BRWcjoqlLthjDA7wgCm8W3Kt9K2OrrkGSz+hQ0YA4Jca":{"chainKey":{"counter":0,"key":"rSx7cfj0Hos9T96y0J81shFQRzVwZASU3t+y+LukERA="},"chainType":1,"messageKeys":{}}},"pendingPreKey":{"signedKeyId":1,"baseKey":"BWQQMYUoa13kuU8s/8rQQWKMYf+gI+GRDfmAhCXqOdFF"}}},"version":"v1"}