{"_sessions":{"BQhNmdzhNkrMMCZa4YZNvsjES9IEBKwk71wpkkVT5R9C":{"registrationId":18120645,"currentRatchet":{"ephemeralKeyPair":{"pubKey":"BQ57fLhf0ANRcvLEymUk3jpvk4pK/Sv+7p/4v17MUvQA","privKey":"kO3wqAWHSMw36Wtnhtv6u2GY52v8yHPfkMLuuGhK7nk="},"lastRemoteEphemeralKey":"BfaP5/raAMBKCeou0CYhqLlb+M/7cOfF2AMFhGYlmo4B","previousCounter":0,"rootKey":"tD0+22+vYciqRJx5plhFJF6ghxag4cZBKJ0aMYOItog="},"indexInfo":{"baseKey":"BQhNmdzhNkrMMCZa4YZNvsjES9IEBKwk71wpkkVT5R9C","baseKeyType":1,"closed":-1,"used":1688113170771,"created":1688113170771,"remoteIdentityKey":"BcxyE/5frt+TDH24JAtkNEtK5sB3q4eycCO+qmcVxOgC"},"_chains":{"BQ57fLhf0ANRcvLEymUk3jpvk4pK/Sv+7p/4v17MUvQA":{"chainKey":{"counter":0,"key":"XKoix2uqr8dK/E/LmStqzw1Hn/NysieyUkLgFkMVJgc="},"chainType":1,"messageKeys":{}}},"pendingPreKey":{"signedKeyId":3,"baseKey":"BQhNmdzhNkrMMCZa4YZNvsjES9IEBKwk71wpkkVT5R9C","preKeyId":14314754}}},"version":"v1"}