{"_sessions":{"Bc98Rapv/u/Na5VeOMw/y567vwD/rqJWz0BkJsGfJcNt":{"registrationId":14883,"currentRatchet":{"ephemeralKeyPair":{"pubKey":"BUsYyUue4CQCpaDjcB0eKpANNZYDI9EPCJYXH0kho785","privKey":"4HfgdNxNGm2rnOC3J1TKAODK2gxEOrwQgKpTjCAAJUk="},"lastRemoteEphemeralKey":"BTVeA0Wi08YVoQ5UcTjSo0Bl+kvgiKkrvBYI8INhGulY","previousCounter":0,"rootKey":"B+m8JJj4OIpA1Ccm7xd3hXkU9vdnoeVr1GpIPj0lfIw="},"indexInfo":{"baseKey":"Bc98Rapv/u/Na5VeOMw/y567vwD/rqJWz0BkJsGfJcNt","baseKeyType":1,"closed":-1,"used":1688113169532,"created":1688113169532,"remoteIdentityKey":"BbCbIwcJcndkup7NsP9fjIngPpE0hUuM+S+lz0YgS49j"},"_chains":{"BUsYyUue4CQCpaDjcB0eKpANNZYDI9EPCJYXH0kho785":{"chainKey":{"counter":0,"key":"vc5YBpmbGOmVeQ20eAyFuhoj0dbvOC1kIpdiSzucy8w="},"chainType":1,"messageKeys":{}}},"pendingPreKey":{"signedKeyId":1,"baseKey":"Bc98Rapv/u/Na5VeOMw/y567vwD/rqJWz0BkJsGfJcNt"}}},"version":"v1"}