{"_sessions":{"BcAUQIOB6/HFY+eKVryjE0zpg9n6hHw/DUoAe2zYihk3":{"registrationId":567643774,"currentRatchet":{"ephemeralKeyPair":{"pubKey":"BUMBJ0DwTQUPwWV1/5Y2ro2pucj2TWPXG3cvbG4q4B8y","privKey":"iA8FbROODN4yuTKuDpYq4DEXxw9Nm2skHZLtx1Hw0kg="},"lastRemoteEphemeralKey":"BfBPHr2Eg9ak/eoalvoyWM+9zRsMLU7wcjU95x82SNVV","previousCounter":0,"rootKey":"j/LFLzZai9D7BjH+Jj94G7e1aejI//nrRJuXPGeltHM="},"indexInfo":{"baseKey":"BcAUQIOB6/HFY+eKVryjE0zpg9n6hHw/DUoAe2zYihk3","baseKeyType":1,"closed":-1,"used":1688113170955,"created":1688113170955,"remoteIdentityKey":"BSmxXho5RTj071S2MB1QOUrQfrzJRLUyXUknqYvy1zpA"},"_chains":{"BUMBJ0DwTQUPwWV1/5Y2ro2pucj2TWPXG3cvbG4q4B8y":{"chainKey":{"counter":0,"key":"0apRQ28QLWYUibfiroCb+Eyh2WK6HD59Wj7xmPSNBO4="},"chainType":1,"messageKeys":{}}},"pendingPreKey":{"signedKeyId":3,"baseKey":"BcAUQIOB6/HFY+eKVryjE0zpg9n6hHw/DUoAe2zYihk3","preKeyId":14230181}}},"version":"v1"}