{"_sessions":{"BQrrDN9o3MJugN1eeD/vjGLbU+APlo23hJ+61x+e6Y5k":{"registrationId":1082394083,"currentRatchet":{"ephemeralKeyPair":{"pubKey":"BcCdfi6+yrPau3uAXMnD3Um/yvnMlVXY2utiWKN7ET5b","privKey":"SPDQKcSOp/Z7YY4FHa/rsNI163cUY0RYvkm58IzsLFc="},"lastRemoteEphemeralKey":"BY7g+zUSFokCO5ye51uDftwjJniQgCrSin1Uh4MfWnBg","previousCounter":0,"rootKey":"nNnKN7TsFUWxBvAmStWeajqgCCLNHcaPXd6F6uiX3Go="},"indexInfo":{"baseKey":"BQrrDN9o3MJugN1eeD/vjGLbU+APlo23hJ+61x+e6Y5k","baseKeyType":1,"closed":-1,"used":1688113170240,"created":1688113170240,"remoteIdentityKey":"BU2CsQWQfA3dDTrq9ynn9YJfwqC9Q3hmgnVtaC8ZgSM6"},"_chains":{"BcCdfi6+yrPau3uAXMnD3Um/yvnMlVXY2utiWKN7ET5b":{"chainKey":{"counter":0,"key":"ev6z2HmdZkVpedm/raqAqsY0CtCn+uV2TY77EI4Oypk="},"chainType":1,"messageKeys":{}}},"pendingPreKey":{"signedKeyId":0,"baseKey":"BQrrDN9o3MJugN1eeD/vjGLbU+APlo23hJ+61x+e6Y5k","preKeyId":13389012}}},"version":"v1"}