{"_sessions":{"BV8Z/W9DhRBCRdXthM2VJxk4UznZ8ca+dWL71y0flgkL":{"registrationId":1677558818,"currentRatchet":{"ephemeralKeyPair":{"pubKey":"BW9blJ9jpBcFB0JyT2r9y9cupsxy5Pd37MAQJ6s0MPVH","privKey":"8DFDYyRlgamT5fBb21Aj+ygICvsxH3dtZ5NinNa/UWk="},"lastRemoteEphemeralKey":"Be0w3fUcNHCBvWA4nArN7C4TH+U9/4ZqcBewMSx+Dosq","previousCounter":0,"rootKey":"nbh1cecp81xpncZViFMTcegJZiax6ukyFonvQ6k8XjU="},"indexInfo":{"baseKey":"BV8Z/W9DhRBCRdXthM2VJxk4UznZ8ca+dWL71y0flgkL","baseKeyType":1,"closed":-1,"used":1688113170531,"created":1688113170531,"remoteIdentityKey":"BYDttOZa/bxE8SUk9Jnp/UiEJ5j1ATh/YdHDH+AT/Ncg"},"_chains":{"BW9blJ9jpBcFB0JyT2r9y9cupsxy5Pd37MAQJ6s0MPVH":{"chainKey":{"counter":0,"key":"t9wagzrSYDIuzHIYSWi7+PQHgz/FXRCY8cTsX+uNx4s="},"chainType":1,"messageKeys":{}}},"pendingPreKey":{"signedKeyId":23,"baseKey":"BV8Z/W9DhRBCRdXthM2VJxk4UznZ8ca+dWL71y0flgkL","preKeyId":12531981}}},"version":"v1"}