{"_sessions":{"Bbq/pfUKkLobXXrTppOkplcJlLckfvrYHRvziW9pdx8E":{"registrationId":1798949633,"currentRatchet":{"ephemeralKeyPair":{"pubKey":"BXeZI+Bjm4mmkr6qT6SAKUG0habuVKMSSxegio0+Xr8O","privKey":"uOQas+sCQ5EpEFcVeATObSMl1/b7RUxJqEabmhvRsEw="},"lastRemoteEphemeralKey":"BblnKv793Y4KP21F/5ueP+DCvMPSUXv8P4w7HTPdvwAq","previousCounter":0,"rootKey":"9dYdsK6L5A3t5GUOaTBhx9W3mnSG7qM6UGyiu/kBU90="},"indexInfo":{"baseKey":"Bbq/pfUKkLobXXrTppOkplcJlLckfvrYHRvziW9pdx8E","baseKeyType":1,"closed":-1,"used":1688113169728,"created":1688113169728,"remoteIdentityKey":"BdzffF0nMyPeSF3Y7opZJ2ChisWOIyNH7j8OGThy2E1E"},"_chains":{"BXeZI+Bjm4mmkr6qT6SAKUG0habuVKMSSxegio0+Xr8O":{"chainKey":{"counter":0,"key":"xofsC+DUCRRWF5+Tyyib0WU0Qv8GwnFM99SB0LZBMaQ="},"chainType":1,"messageKeys":{}}},"pendingPreKey":{"signedKeyId":7,"baseKey":"Bbq/pfUKkLobXXrTppOkplcJlLckfvrYHRvziW9pdx8E","preKeyId":12424579}}},"version":"v1"}