{"_sessions":{"Bfzg9bWLpQGi0g+31L4wmiznD1LGmsAwjTTCSXW6Gm5a":{"registrationId":1299737460,"currentRatchet":{"ephemeralKeyPair":{"pubKey":"Bd578tsarA+4zKOJ5BSdlxKGwPUL/3SPEVBarKXxAmdP","privKey":"sNNJLPDIO7sN87w0SnEife5b6vTAXTHO/HKoGvmCL3w="},"lastRemoteEphemeralKey":"BY4d0Uyje9PkRMN7qKiuXz/bb2OPgLLjaR1akyamkzV8","previousCounter":0,"rootKey":"HAU5kGF63Fgx/xAqlKSh4WFmZgTCV+fbsLgUwWDcKh0="},"indexInfo":{"baseKey":"Bfzg9bWLpQGi0g+31L4wmiznD1LGmsAwjTTCSXW6Gm5a","baseKeyType":1,"closed":-1,"used":1688113169771,"created":1688113169771,"remoteIdentityKey":"BZUYWb2mNcHnHDQqQyr065gz37lt1LOQpXexeS6ogwpT"},"_chains":{"Bd578tsarA+4zKOJ5BSdlxKGwPUL/3SPEVBarKXxAmdP":{"chainKey":{"counter":0,"key":"CaF2+nYDhayy98AWMYyIr56A6FYUzwZdiSWUUJGIde4="},"chainType":1,"messageKeys":{}}},"pendingPreKey":{"signedKeyId":19,"baseKey":"Bfzg9bWLpQGi0g+31L4wmiznD1LGmsAwjTTCSXW6Gm5a","preKeyId":2127155}}},"version":"v1"}