{"_sessions":{"Bd2QUVm9s0vwPF+7224jlOFlHGYkQls9Z0e3uFsxf7YQ":{"registrationId":601075611,"currentRatchet":{"ephemeralKeyPair":{"pubKey":"BYDDYjVW1Ixu2jjxgJqBH62YyiXdBhuyIziFHTk+GgZd","privKey":"0Al8N01nl+1ZQIf6SSW5J1HYwF+oVKmxfaLn1Uc/qVk="},"lastRemoteEphemeralKey":"BUfwFwcpX66d5r7UzntmIdvilEZAJj9Wa405Nw5I3+Vj","previousCounter":0,"rootKey":"ybMDTKFj6qahLG6GgueCZGEhmWWasoAP5Rnbm7KC+HU="},"indexInfo":{"baseKey":"Bd2QUVm9s0vwPF+7224jlOFlHGYkQls9Z0e3uFsxf7YQ","baseKeyType":1,"closed":-1,"used":1688113170306,"created":1688113170306,"remoteIdentityKey":"BZJto2Bu38G3zhrCFxFQYCIu2riL4dXgcsqdJWlQTuBL"},"_chains":{"BYDDYjVW1Ixu2jjxgJqBH62YyiXdBhuyIziFHTk+GgZd":{"chainKey":{"counter":0,"key":"M/PDde7TnO0rJvq/tjAVJOd0QjytFVbOvMJee5AbIxY="},"chainType":1,"messageKeys":{}}},"pendingPreKey":{"signedKeyId":2,"baseKey":"Bd2QUVm9s0vwPF+7224jlOFlHGYkQls9Z0e3uFsxf7YQ","preKeyId":16590254}}},"version":"v1"}