{"_sessions":{"Bfs/Sqj3pUQJky8l0en1977xHqGyNGlU4bsHB3bZKN0a":{"registrationId":91,"currentRatchet":{"ephemeralKeyPair":{"pubKey":"BZwJdTkb8Tzd1rfTCCVwdS7BQ5qIsgVD2oHVgzvbfqhx","privKey":"yBE8h4FJ0PHqEvc4BXl7l/4DEWv2CUMBFqxLoB9Hq3M="},"lastRemoteEphemeralKey":"BcS43i7jVzUFaEwLHD/i41TNtGt/U83rt0s+I7lgKaIz","previousCounter":0,"rootKey":"gujMbuVqtl1W/cSk1eogX5yGXo+JQqG3civtm8h5phg="},"indexInfo":{"baseKey":"Bfs/Sqj3pUQJky8l0en1977xHqGyNGlU4bsHB3bZKN0a","baseKeyType":1,"closed":-1,"used":1688113169376,"created":1688113169376,"remoteIdentityKey":"BQTKwl4twe6MhM08njo1dlikS2BniPW5dlLPzn9NClA/"},"_chains":{"BZwJdTkb8Tzd1rfTCCVwdS7BQ5qIsgVD2oHVgzvbfqhx":{"chainKey":{"counter":0,"key":"1QNfVjIf9SZ3CUbr8xhPy3GWhANh5n5J+RkCy/G3UTM="},"chainType":1,"messageKeys":{}}},"pendingPreKey":{"signedKeyId":1,"baseKey":"Bfs/Sqj3pUQJky8l0en1977xHqGyNGlU4bsHB3bZKN0a","preKeyId":12}}},"version":"v1"}