{"_sessions":{"BShGRr5EFxB+necwmsWzRJ8M5QgGn/9sgKJgSN0w+75I":{"registrationId":2105535265,"currentRatchet":{"ephemeralKeyPair":{"pubKey":"BXa5NYqCbKzfC/mJY/MLjX7/Dl4n+aMh2z+ybfy5T/hb","privKey":"EBnCVDN/sugJmZXlBhLY4INx/GId5TsSMZaa8aZ0V24="},"lastRemoteEphemeralKey":"BTHMmlkPjWzVCzh3hpofR/+Ti3rP+fFq4Do/D52QZuJS","previousCounter":0,"rootKey":"gRukGX0ikdD+7JysS6djskWrd/fj4SyZ/1kyXOS6Vtg="},"indexInfo":{"baseKey":"BShGRr5EFxB+necwmsWzRJ8M5QgGn/9sgKJgSN0w+75I","baseKeyType":1,"closed":-1,"used":1688113169981,"created":1688113169981,"remoteIdentityKey":"BeWkKM4hyKB7M/h/kiZ84jd/BxkcaWN9qv7s/4txmGx5"},"_chains":{"BXa5NYqCbKzfC/mJY/MLjX7/Dl4n+aMh2z+ybfy5T/hb":{"chainKey":{"counter":0,"key":"aHzs/gqz7XQsbzowRhj78vLMisA35CwyqXx8VtCIBNw="},"chainType":1,"messageKeys":{}}},"pendingPreKey":{"signedKeyId":2,"baseKey":"BShGRr5EFxB+necwmsWzRJ8M5QgGn/9sgKJgSN0w+75I","preKeyId":13470720}}},"version":"v1"}