{"_sessions":{"Bd6J/RM3yV30xpf/ZJL78VTaKnCJOBzrjQKbYYfSoa4m":{"registrationId":463981390,"currentRatchet":{"ephemeralKeyPair":{"pubKey":"BTHQdeDq+yQdN8krBsQ+KTTGmT5VcjVK2E0hqmjlxTEL","privKey":"yHgQFFWsiOArf58XIpr35fj02ryDMkO+yIt6Y1QYlVY="},"lastRemoteEphemeralKey":"BTpS5tyvjEUAHToOQGR2ryuCAOFSKyNIJqOb1V8fs95G","previousCounter":0,"rootKey":"L/OAaO1/J102Jq4nOvLdc9h6Wu2sRg8xxq1RVDn4vpM="},"indexInfo":{"baseKey":"Bd6J/RM3yV30xpf/ZJL78VTaKnCJOBzrjQKbYYfSoa4m","baseKeyType":1,"closed":-1,"used":1688113169923,"created":1688113169923,"remoteIdentityKey":"Bd1iiqe3nr4XQH7jkNFTjkhcOspNBC1Xd3u15iLGiKoL"},"_chains":{"BTHQdeDq+yQdN8krBsQ+KTTGmT5VcjVK2E0hqmjlxTEL":{"chainKey":{"counter":0,"key":"PWXOMdgHB+nCAZbUA6afHqiAQOUNScOwJuQveL1nMvo="},"chainType":1,"messageKeys":{}}},"pendingPreKey":{"signedKeyId":0,"baseKey":"Bd6J/RM3yV30xpf/ZJL78VTaKnCJOBzrjQKbYYfSoa4m"}}},"version":"v1"}