{"_sessions":{"BW/xCIVme45eH8FkISOpVi+7SfTGqparuOJ0whD/7TgF":{"registrationId":1850829935,"currentRatchet":{"ephemeralKeyPair":{"pubKey":"BUDioQhRcaDoM/IuGvY853AZ/B+sJjWBuGcnls7cRyhx","privKey":"aMdAS12UrE0aunqmyTtIBYxKp5Frnd/936m4DtnLfFg="},"lastRemoteEphemeralKey":"BWEIPDllZBi5AINAE2Bzt2+uD1RXxW2meyob4eGaWrYq","previousCounter":0,"rootKey":"Pym1ovUjLlqjJ8c/eg6v9p7hePZbJqgHPH3NIroqfY8="},"indexInfo":{"baseKey":"BW/xCIVme45eH8FkISOpVi+7SfTGqparuOJ0whD/7TgF","baseKeyType":1,"closed":-1,"used":1688113169951,"created":1688113169951,"remoteIdentityKey":"BY0VDDKYfCm0TPi3cdRK4d4MDv8dq9gSOA+aH+U/y9JY"},"_chains":{"BUDioQhRcaDoM/IuGvY853AZ/B+sJjWBuGcnls7cRyhx":{"chainKey":{"counter":0,"key":"DVkY3OnEzRisHddf9u+tCy09HlKHFM8tP5mBVViViN0="},"chainType":1,"messageKeys":{}}},"pendingPreKey":{"signedKeyId":12,"baseKey":"BW/xCIVme45eH8FkISOpVi+7SfTGqparuOJ0whD/7TgF","preKeyId":15380490}}},"version":"v1"}