{"_sessions":{"Bd1/H8i9h73n3tT3kXUsfd7OfvjHPB+GUKVE/UgAOccc":{"registrationId":267108504,"currentRatchet":{"ephemeralKeyPair":{"pubKey":"BVg+1xmMHTMgGRW2JJC51+0MF7uaSbcG6Huuw8Fnzp9r","privKey":"4Pmv1GYM7T6b6s7NPKCSbUZ4TdXFkZTFlYj3jGEydlo="},"lastRemoteEphemeralKey":"BXspYrwVtHwsxNv39OgHXthLmbVL1d5xqsu28873J0ZA","previousCounter":0,"rootKey":"l3efXfPEgqR3CytRrhwFFJM1ZLCS1PIP/Rt4xE+ePvs="},"indexInfo":{"baseKey":"Bd1/H8i9h73n3tT3kXUsfd7OfvjHPB+GUKVE/UgAOccc","baseKeyType":1,"closed":-1,"used":1688113170252,"created":1688113170252,"remoteIdentityKey":"BWiWQ+7YHGxHYMFvpwr4A+sg6ggyJ7Tyzt1OPIaAFQ1u"},"_chains":{"BVg+1xmMHTMgGRW2JJC51+0MF7uaSbcG6Huuw8Fnzp9r":{"chainKey":{"counter":0,"key":"iVbGTE1DzJZKCZbq6Q4fWRFrytmm+7ryj0zdOI912c0="},"chainType":1,"messageKeys":{}}},"pendingPreKey":{"signedKeyId":8,"baseKey":"Bd1/H8i9h73n3tT3kXUsfd7OfvjHPB+GUKVE/UgAOccc","preKeyId":16339133}}},"version":"v1"}