{"_sessions":{"BSqV/uwmyLix+emlYeRC7xylWDA091cKp2+co7WCJeBe":{"registrationId":1896021467,"currentRatchet":{"ephemeralKeyPair":{"pubKey":"BQFbgozVSaEEXfbAHZQ5X0qOL0/aIxURqPNh+FpdHD0P","privKey":"qIewQSAk+FP9UEBXhJHdjNGir7p92XeJnp5d9cspqWQ="},"lastRemoteEphemeralKey":"BRSmVQY/asCJwfylxhNhWQ1mmmZqdu072XxfnhogLSkX","previousCounter":0,"rootKey":"du6XWBgltpULoAE3Jau3kIa17zd97k7ObBiQ0zAw4UU="},"indexInfo":{"baseKey":"BSqV/uwmyLix+emlYeRC7xylWDA091cKp2+co7WCJeBe","baseKeyType":1,"closed":-1,"used":1688113170682,"created":1688113170682,"remoteIdentityKey":"BXixlBnb/d5srPEch95IeWrZgx4yQJnX14cDBL/z3qQB"},"_chains":{"BQFbgozVSaEEXfbAHZQ5X0qOL0/aIxURqPNh+FpdHD0P":{"chainKey":{"counter":0,"key":"foxLdRkC5gRzpbnSIzWTMaxzFVXiBdEIPUrSloBIiDg="},"chainType":1,"messageKeys":{}}},"pendingPreKey":{"signedKeyId":2,"baseKey":"BSqV/uwmyLix+emlYeRC7xylWDA091cKp2+co7WCJeBe","preKeyId":1549831}}},"version":"v1"}