{"_sessions":{"BVf/Y4DJU5p6azfxP+7r4rrddnF7j2kxdqAc+IRrms0i":{"registrationId":747564221,"currentRatchet":{"ephemeralKeyPair":{"pubKey":"BevaiwhuakhC5d5lX2JGjz14c2wkoy+GiqsQBqEfDvxn","privKey":"oA1jw8bHwbR7yZXYkohA1Ua98+ktAXe47qImmPUjBVU="},"lastRemoteEphemeralKey":"BSV8us7zKd7yeXoNKv+IApcRcbvzXSNhNkYXzZwfDCE8","previousCounter":0,"rootKey":"+a7NaGCY/ZLljpjYV+vPS05T7eJsj0kLK9dSgrFWcrs="},"indexInfo":{"baseKey":"BVf/Y4DJU5p6azfxP+7r4rrddnF7j2kxdqAc+IRrms0i","baseKeyType":2,"closed":-1,"used":1688111948141,"created":1688110844193,"remoteIdentityKey":"BQPW1uNki6OO5Za9ECdUL/V838uKyPBtb3EPBcRRoAQ6"},"_chains":{"BfhGVliWPwDk2vZf51wvm1XSXLoflYR4Cw15jkke66pB":{"chainKey":{"counter":2},"chainType":2,"messageKeys":{}},"BasR2nVN4pi4TdEKIwllCQlJ3zpXFCBExYZWXZtckeFY":{"chainKey":{"counter":1},"chainType":2,"messageKeys":{}},"BfcZBMi9P5MwMIp/QsEi/udWQGlqpACoxCmcYAFIbRxs":{"chainKey":{"counter":0},"chainType":2,"messageKeys":{}},"BUYpMl2pRFicorM2Cu06WjLzV4vNuod7jO9s9VU0b2tJ":{"chainKey":{"counter":0},"chainType":2,"messageKeys":{}},"BdOprH5iHreiJwqKm0G8bkXYvxx+xIJ/115O4c8z1Dsg":{"chainKey":{"counter":0},"chainType":2,"messageKeys":{}},"BY7sMi7ULZXLrljUMwCg5OdZfzkAfHsFR3zjYD5Ovkhn":{"chainKey":{"counter":2},"chainType":2,"messageKeys":{}},"BSV8us7zKd7yeXoNKv+IApcRcbvzXSNhNkYXzZwfDCE8":{"chainKey":{"counter":1,"key":"PPBdgC8Z1vNLsQHRuwIr/FVUaxyUbXUnuYAvzF2fBqs="},"chainType":2,"messageKeys":{}},"BevaiwhuakhC5d5lX2JGjz14c2wkoy+GiqsQBqEfDvxn":{"chainKey":{"counter":0,"key":"k7n3LrMfD/iStPcEqGi5uy5EJpE5SROmZ7KYOz26v6E="},"chainType":1,"messageKeys":{}}}}},"version":"v1"}