{"_sessions":{"BWnH0f0R9B2ZRi5uiYfBh0SnVA+QBZ9aNRWiU8GzEO9l":{"registrationId":1265655892,"currentRatchet":{"ephemeralKeyPair":{"pubKey":"BRZJiXVDrrZSjPbMTLsuovvAxUcs4aSFr86pboy5cEIr","privKey":"qHODAMmnheYX3MbXSgPMKZ17WXaiCiZnL/3/2qYDa3w="},"lastRemoteEphemeralKey":"BVyqSY9/gLXB6n7+PzQKhZFYOQwx/bSPpXkAAN7Pq9hH","previousCounter":0,"rootKey":"2RI0sMpydGTwkFPP44uxEEt9XoqWKa2IeUn2Hk/PGkw="},"indexInfo":{"baseKey":"BWnH0f0R9B2ZRi5uiYfBh0SnVA+QBZ9aNRWiU8GzEO9l","baseKeyType":1,"closed":-1,"used":1688113170602,"created":1688113170602,"remoteIdentityKey":"BYPQeP9oFCubFMk9sTDCHoMOXyV2/UjakYQMO/m363BR"},"_chains":{"BRZJiXVDrrZSjPbMTLsuovvAxUcs4aSFr86pboy5cEIr":{"chainKey":{"counter":0,"key":"g4BnQ+14Yj3oVL4HAD2kKTt51CAKvXzDi529XKEb90c="},"chainType":1,"messageKeys":{}}},"pendingPreKey":{"signedKeyId":2,"baseKey":"BWnH0f0R9B2ZRi5uiYfBh0SnVA+QBZ9aNRWiU8GzEO9l","preKeyId":1063123}}},"version":"v1"}