{"_sessions":{"BYGWyKRc/plDYxF0pK/EbYNfDJoSC32Nu52909aKseM5":{"registrationId":9678,"currentRatchet":{"ephemeralKeyPair":{"pubKey":"BU2iyegfrmbDQZm0gZDuSigJs7NRMYwNMPzYynnGEnxj","privKey":"YJXNGsF8PLhCTupUvjn9pm+o8ECn1Jd+R5INZrnRCUs="},"lastRemoteEphemeralKey":"BdzZu1NuTfEt/X2OAxehf2tUrcdmsZFKlzFwo7W5E1wU","previousCounter":0,"rootKey":"jxSfVDgnv/UXdQdNKIdlUwUf81OT6Ly7hNrKYqjw1Eo="},"indexInfo":{"baseKey":"BYGWyKRc/plDYxF0pK/EbYNfDJoSC32Nu52909aKseM5","baseKeyType":1,"closed":-1,"used":1688113169361,"created":1688113169361,"remoteIdentityKey":"Bf6javgcOr0YvAmG+/X8IOlPeI2JJGs+zkS9SxPbpKRu"},"_chains":{"BU2iyegfrmbDQZm0gZDuSigJs7NRMYwNMPzYynnGEnxj":{"chainKey":{"counter":0,"key":"2NloCRbuX/rnlkrprAR6z9Voy2ERzCz+jDuVhgRn/OM="},"chainType":1,"messageKeys":{}}},"pendingPreKey":{"signedKeyId":1,"baseKey":"BYGWyKRc/plDYxF0pK/EbYNfDJoSC32Nu52909aKseM5","preKeyId":864}}},"version":"v1"}