{"_sessions":{"BfHdwBo81Syzyvmd947X2/+4xE3Ds5g2EEblfbWkgbBR":{"registrationId":880503162,"currentRatchet":{"ephemeralKeyPair":{"pubKey":"BVDdMlzOMeZZp+pw+umHYwnxMqroV9kCuy6RYHcRRwVb","privKey":"0HQWH7kKciW/howFpaTcqKKR4nNwlPviOXli8tTkoV4="},"lastRemoteEphemeralKey":"BU5mkbVVH8TZ2FwKtQ/13UD22VjuBDPCFqc/UAAyRZdc","previousCounter":0,"rootKey":"2bL8FhaI6+j+qmDIclQnwkobniiJeCm93BDBJIizwNw="},"indexInfo":{"baseKey":"BfHdwBo81Syzyvmd947X2/+4xE3Ds5g2EEblfbWkgbBR","baseKeyType":1,"closed":-1,"used":1688113170694,"created":1688113170694,"remoteIdentityKey":"BW0UnNEbpeoU6a2/vMUNe0ZxtcIzK6hBq54itxUP3kwl"},"_chains":{"BVDdMlzOMeZZp+pw+umHYwnxMqroV9kCuy6RYHcRRwVb":{"chainKey":{"counter":0,"key":"DDW4+9ntw1UrAiDD5kKBkl6xgEf2KtUqsFzLEvgZAUQ="},"chainType":1,"messageKeys":{}}},"pendingPreKey":{"signedKeyId":12,"baseKey":"BfHdwBo81Syzyvmd947X2/+4xE3Ds5g2EEblfbWkgbBR","preKeyId":11958653}}},"version":"v1"}