{"_sessions":{"BXvsGSnieISaFP18oAIAY30proZiSceV3BEVZZ2eRxg5":{"registrationId":5321,"currentRatchet":{"ephemeralKeyPair":{"pubKey":"BTFMKjzt3+Pja/ortNoM0BU/dxx+ngTzelCHajhtESI4","privKey":"AOudDwKdhYaR9H+v/oQZHG8V40GI7EDB3MaUOMCeQEY="},"lastRemoteEphemeralKey":"Bewck5+KdZFGoiqoGmXr/BDSYqub5RtrcLrFwf+eFd1V","previousCounter":0,"rootKey":"FvRu4JlCpXV1v12mZ8rysjUh8iISn/v5anxW7XXGM2I="},"indexInfo":{"baseKey":"BXvsGSnieISaFP18oAIAY30proZiSceV3BEVZZ2eRxg5","baseKeyType":1,"closed":-1,"used":1688113169562,"created":1688113169562,"remoteIdentityKey":"BSNfvEC7D744mqm/eWs3SbM0/u13yNHEoV1WeGQmKhcQ"},"_chains":{"BTFMKjzt3+Pja/ortNoM0BU/dxx+ngTzelCHajhtESI4":{"chainKey":{"counter":0,"key":"e4+RILX2iU0d8PbtrPjKbYJVnIHbBiRXOBx/BzwWcF8="},"chainType":1,"messageKeys":{}}},"pendingPreKey":{"signedKeyId":1,"baseKey":"BXvsGSnieISaFP18oAIAY30proZiSceV3BEVZZ2eRxg5"}}},"version":"v1"}