{"_sessions":{"BSh1LcRCbWQh/u5Pf4H1CZccbCIOVuJqE9MnbF6xBrEw":{"registrationId":802849422,"currentRatchet":{"ephemeralKeyPair":{"pubKey":"BY4pksVRqVqnlsOiH24i3DMePAOMZTcN6y66SzZ1t845","privKey":"GOHz5NmTHlo3xT8C5d/WR8E3q5J2SxOMoaByPcbrunI="},"lastRemoteEphemeralKey":"BfmnTZo00bwR8B1CvP4vvEzU34AswIVkE3oPrw+LBe0o","previousCounter":0,"rootKey":"HzbUAmLuHj2QTYykXnR0HoLe932O8fR93YmSri5oHPk="},"indexInfo":{"baseKey":"BSh1LcRCbWQh/u5Pf4H1CZccbCIOVuJqE9MnbF6xBrEw","baseKeyType":1,"closed":-1,"used":1688113170034,"created":1688113170034,"remoteIdentityKey":"BdrP6oRBqaRvmX7nBqpJVZTpcrwjz0ANZ/N/ExkIZKYl"},"_chains":{"BY4pksVRqVqnlsOiH24i3DMePAOMZTcN6y66SzZ1t845":{"chainKey":{"counter":0,"key":"uxTquPTjgPrwaJ0uB/QMRpYzNxy5503j1rQyPQeac7w="},"chainType":1,"messageKeys":{}}},"pendingPreKey":{"signedKeyId":4,"baseKey":"BSh1LcRCbWQh/u5Pf4H1CZccbCIOVuJqE9MnbF6xBrEw","preKeyId":3180593}}},"version":"v1"}