{"_sessions":{"BXbNkBHeJLspouDD/iqe0hsPEtbgi0doNgyTAjiyemtB":{"registrationId":1699336733,"currentRatchet":{"ephemeralKeyPair":{"pubKey":"BbSV6nPDHxpc8sVt0Im5652FBn+YAgW/pP3AaGv6VZQ1","privKey":"yLgMsKpSIp8CpKy4yEqLvQ8sN2Vx7nEA8XIUnarNhHU="},"lastRemoteEphemeralKey":"BTjYRKqhZNbBtOuSNhITGtR2fpHHk/6jCTvbMHe3Wn1K","previousCounter":0,"rootKey":"W0amC75ZrDTRTUHFU71osRkxn6Fmm7ZHFQE2ZhZvreY="},"indexInfo":{"baseKey":"BXbNkBHeJLspouDD/iqe0hsPEtbgi0doNgyTAjiyemtB","baseKeyType":1,"closed":-1,"used":1688113170581,"created":1688113170581,"remoteIdentityKey":"Bdoprm2amRtWEPHnXHQZJg0eEooxHNmkZUq+6/xW7CRv"},"_chains":{"BbSV6nPDHxpc8sVt0Im5652FBn+YAgW/pP3AaGv6VZQ1":{"chainKey":{"counter":0,"key":"wFVlOEiKpB3LBsn4xiLRlvzyCiuP9gAd18INxQgLd64="},"chainType":1,"messageKeys":{}}},"pendingPreKey":{"signedKeyId":6,"baseKey":"BXbNkBHeJLspouDD/iqe0hsPEtbgi0doNgyTAjiyemtB","preKeyId":8763364}}},"version":"v1"}