{"_sessions":{"BSLi9AnU6RMmRJQ/03AKjLzFAW5/+t8+5zaasR7Ubd5x":{"registrationId":1594753426,"currentRatchet":{"ephemeralKeyPair":{"pubKey":"BfXN5Aw2nwkRR05Hy8qp+fbe/S4YM8ULOy93g0IB2pk2","privKey":"uBF+xWWwbpk/jZ6CvWqxm+1Epgw+DBHGeLll5PEmOUQ="},"lastRemoteEphemeralKey":"BbQaChj+SWCUP8vULizX1+ZR4+JJNxOZYBDqB3qveohP","previousCounter":0,"rootKey":"+SkAC+Z2JH/dE1B/QNVSZR3U/AvVixlAW/lkoMgJid0="},"indexInfo":{"baseKey":"BSLi9AnU6RMmRJQ/03AKjLzFAW5/+t8+5zaasR7Ubd5x","baseKeyType":1,"closed":-1,"used":1688113169648,"created":1688113169648,"remoteIdentityKey":"BQ/mcU4bNbPKz+MQ95h6JUGE7ykqLTmFnwOU7rwoPC5c"},"_chains":{"BfXN5Aw2nwkRR05Hy8qp+fbe/S4YM8ULOy93g0IB2pk2":{"chainKey":{"counter":0,"key":"rxnTvHyR+AWoQMyKSksj0t5e/45HkPF+EYLFFQ51T1E="},"chainType":1,"messageKeys":{}}},"pendingPreKey":{"signedKeyId":5,"baseKey":"BSLi9AnU6RMmRJQ/03AKjLzFAW5/+t8+5zaasR7Ubd5x","preKeyId":5920717}}},"version":"v1"}