{"_sessions":{"BZF3UJ1wSdyn7FAWwXi2AcLTmx7kDqLUYM9KqUzF3Ws6":{"registrationId":583337574,"currentRatchet":{"ephemeralKeyPair":{"pubKey":"BU26OdI2IIHZSYdAE8TW4MYg+OEc7P2ZEpWx6ebdyx9p","privKey":"EBrp802Zq98n7i1Ls8suCQ6N/MRWzJluM/aLzG31gVg="},"lastRemoteEphemeralKey":"BWqAklQ/rOycTVN7vZvbiTHE2KrZe2qyq+fk0PaTMXIA","previousCounter":0,"rootKey":"17syhYUnyOyxiuL/YAaEPChJe9qDLmoOCSoAXyECduw="},"indexInfo":{"baseKey":"BZF3UJ1wSdyn7FAWwXi2AcLTmx7kDqLUYM9KqUzF3Ws6","baseKeyType":1,"closed":-1,"used":1688113170737,"created":1688113170737,"remoteIdentityKey":"BfLo1nNf+QT4rVvyqsm4aHmSfxmDo5hrYgk6ynkiy9g5"},"_chains":{"BU26OdI2IIHZSYdAE8TW4MYg+OEc7P2ZEpWx6ebdyx9p":{"chainKey":{"counter":0,"key":"dvtZr+bpKXIhPjxNESKMPk5mCjGRE+pQjUWHk/Qo+rc="},"chainType":1,"messageKeys":{}}},"pendingPreKey":{"signedKeyId":15,"baseKey":"BZF3UJ1wSdyn7FAWwXi2AcLTmx7kDqLUYM9KqUzF3Ws6","preKeyId":7630542}}},"version":"v1"}