{"_sessions":{"BXqS7BGj4vyEe0BURKYzljV19EoqI4lVSYCpQ4LVv2NW":{"registrationId":1567736312,"currentRatchet":{"ephemeralKeyPair":{"pubKey":"BdvYjK/XBMb+FH/rhNSg4qS99nXGTZoH1T3Rz6d1/OAZ","privKey":"OELFRY1T++FD1xWC2TW63tqs88zg7vGrI+Kq61zjtlM="},"lastRemoteEphemeralKey":"BcKObgQI6Dmt18vQTlUNCQMdU1AHSVe+eUov3kwaQRoY","previousCounter":0,"rootKey":"rjwVNd/jTeIbxi2SRrOl3P68pygL26GOfx0lf88lhEk="},"indexInfo":{"baseKey":"BXqS7BGj4vyEe0BURKYzljV19EoqI4lVSYCpQ4LVv2NW","baseKeyType":1,"closed":-1,"used":1688113171014,"created":1688113171014,"remoteIdentityKey":"BT+irDrpRLV0IsBFwpOEgKOnbyk8n6o6WU9xld8iVNlI"},"_chains":{"BdvYjK/XBMb+FH/rhNSg4qS99nXGTZoH1T3Rz6d1/OAZ":{"chainKey":{"counter":0,"key":"MzNzPlrJYIYJyDMfmPyWvOgxF6LHF8t6OurXg5sCzjs="},"chainType":1,"messageKeys":{}}},"pendingPreKey":{"signedKeyId":4,"baseKey":"BXqS7BGj4vyEe0BURKYzljV19EoqI4lVSYCpQ4LVv2NW","preKeyId":5860728}}},"version":"v1"}