{"_sessions":{"BVZ5OOHjYp108fw0aS5BCxkDAOGQHmmfJ8BB0/uLFAoc":{"registrationId":1043818857,"currentRatchet":{"ephemeralKeyPair":{"pubKey":"BfLJLNoCqfYEnPDrTXm9lMzI8O5LV2ALCUDnZ8rifOkz","privKey":"oIM3BipYioJ95qXgnZKT9QWz/8JfgcdPg8SY60hwg2Y="},"lastRemoteEphemeralKey":"BSF2x+emKbOtQZbfLXI/zfEbI3eM734tfRwNFBp6hT12","previousCounter":0,"rootKey":"z2XJnZd6CV9A6izXgVcOPpgWev509yv7MQJffzGKHQs="},"indexInfo":{"baseKey":"BVZ5OOHjYp108fw0aS5BCxkDAOGQHmmfJ8BB0/uLFAoc","baseKeyType":1,"closed":-1,"used":1688113169619,"created":1688113169619,"remoteIdentityKey":"BQlAc4lK7R6bOYjpFsfOhyl+4IJoxiaEL+0x+m9HDJYU"},"_chains":{"BfLJLNoCqfYEnPDrTXm9lMzI8O5LV2ALCUDnZ8rifOkz":{"chainKey":{"counter":0,"key":"lvXfaZYrmacTcBAlZID1SXIcgvGkwO4emCfytijAlrA="},"chainType":1,"messageKeys":{}}},"pendingPreKey":{"signedKeyId":17,"baseKey":"BVZ5OOHjYp108fw0aS5BCxkDAOGQHmmfJ8BB0/uLFAoc","preKeyId":12777180}}},"version":"v1"}