{"_sessions":{"BTQ7sFY0d2rTZPgNxaDOkB5VZ221wiUc4o66afTn4N0l":{"registrationId":1774298765,"currentRatchet":{"ephemeralKeyPair":{"pubKey":"BbtZY95VFSuVM6xmC9m88xk5UCQZmWPd147Qiwuv2uB9","privKey":"wMfkSW7tq7RZRtdumcHlAJ2ZAigs1xZcmh5GBtxdFGU="},"lastRemoteEphemeralKey":"BYrI2AfW6uxASEdfo/Hd46OsMzd68fbQ+fy0v6svMbVK","previousCounter":0,"rootKey":"VjMOiJnHJNgDtARflVXTIcof9lesY0YsRL8iOfVkbSQ="},"indexInfo":{"baseKey":"BTQ7sFY0d2rTZPgNxaDOkB5VZ221wiUc4o66afTn4N0l","baseKeyType":1,"closed":-1,"used":1688113169840,"created":1688113169840,"remoteIdentityKey":"BdaberJDYHcVu5iquJARRVVLeGTwsHAQZOaxUKZF8D4j"},"_chains":{"BbtZY95VFSuVM6xmC9m88xk5UCQZmWPd147Qiwuv2uB9":{"chainKey":{"counter":0,"key":"8s8/Fu0plfvIFGlil4S/Jq8H1mGiuwwpaSFwmqkNNm0="},"chainType":1,"messageKeys":{}}},"pendingPreKey":{"signedKeyId":6,"baseKey":"BTQ7sFY0d2rTZPgNxaDOkB5VZ221wiUc4o66afTn4N0l","preKeyId":15143107}}},"version":"v1"}