{"_sessions":{"BUfa+MDQCapebNiVvk1nvJwz9VK+d7a0VMeSMij+JD5l":{"registrationId":22,"currentRatchet":{"ephemeralKeyPair":{"pubKey":"BWomn2E/JOx3o5XIyjuB9kBeMCbsMoFi0QZEy13wRw1a","privKey":"eL4bo3lNFQD2S7IALiaTq5LQHB/7cC4/xpR3D+tKPG4="},"lastRemoteEphemeralKey":"BX4tBrJKYQw1+emeBrn3F7i2opt/JhTgR5aYKej8mfM+","previousCounter":0,"rootKey":"feDNEe3vv7WiQPazghQV0scketi59MzgWG7nMul3gH4="},"indexInfo":{"baseKey":"BUfa+MDQCapebNiVvk1nvJwz9VK+d7a0VMeSMij+JD5l","baseKeyType":1,"closed":-1,"used":1688110856028,"created":1688110856028,"remoteIdentityKey":"BTFGjGE2MQJbF50vyUrMij5c2w5w26ZW7DNCb252Gcca"},"_chains":{"BWomn2E/JOx3o5XIyjuB9kBeMCbsMoFi0QZEy13wRw1a":{"chainKey":{"counter":34,"key":"2Tcs6WXS5ob84T+UEwtnbip6TjCEKDql2FA2G1FSZy4="},"chainType":1,"messageKeys":{}}},"pendingPreKey":{"signedKeyId":1,"baseKey":"BUfa+MDQCapebNiVvk1nvJwz9VK+d7a0VMeSMij+JD5l"}}},"version":"v1"}