{"_sessions":{"Be7zN4FSb308Hb5PxdMDC+Be76A0hpKOgPDL/hRx33Aj":{"registrationId":604920823,"currentRatchet":{"ephemeralKeyPair":{"pubKey":"BXj343qlCmNGqPF9DnMaTbXfh9QNXQaONp48p+66Rnkw","privKey":"KBl13/J0H0bCIftq9ed71WcV398lKC1cCyro18Aww3k="},"lastRemoteEphemeralKey":"BUYBO5nNPMGCBwZsXPHBdZ9hoHhQNA1lBeemET052mQu","previousCounter":0,"rootKey":"D5J0C+K5LZoB5NDWtNo+0GQNqwS5DKJb543Nf8wlx4A="},"indexInfo":{"baseKey":"Be7zN4FSb308Hb5PxdMDC+Be76A0hpKOgPDL/hRx33Aj","baseKeyType":1,"closed":-1,"used":1688113170394,"created":1688113170394,"remoteIdentityKey":"BYt200VXUt9PfzaME6ivOD82PimisW6RRSLXirzA6w8/"},"_chains":{"BXj343qlCmNGqPF9DnMaTbXfh9QNXQaONp48p+66Rnkw":{"chainKey":{"counter":0,"key":"xZVjK61dJ0QsKJ0Ddl+zwyXY+H3KG5bKhwdZJdJUvYg="},"chainType":1,"messageKeys":{}}},"pendingPreKey":{"signedKeyId":3,"baseKey":"Be7zN4FSb308Hb5PxdMDC+Be76A0hpKOgPDL/hRx33Aj","preKeyId":10077930}}},"version":"v1"}