{"_sessions":{"BdxWxJEbt/QlsE81J/dUJ6D/zVeQUszKhMj2h4J5hCpF":{"registrationId":1419478975,"currentRatchet":{"ephemeralKeyPair":{"pubKey":"BQyTZFQsI0UEtPgX2CEWsTXbdQZ3kUnqkXkr1tV4VhpW","privKey":"sHtDh4A8ozbluXJsw1sHlEddx6vjXR5YOIpxBoDGr0I="},"lastRemoteEphemeralKey":"BY0sTJbHRmeoxtpv8v+zCazUeLSViuLC6Amb8xP4q9Al","previousCounter":0,"rootKey":"X+dqf+F4K7aacHOgTj6D+AheYH2UWGfrHwvH6gdB45s="},"indexInfo":{"baseKey":"BdxWxJEbt/QlsE81J/dUJ6D/zVeQUszKhMj2h4J5hCpF","baseKeyType":1,"closed":-1,"used":1688113170903,"created":1688113170903,"remoteIdentityKey":"BVrRaWA3wiV6Xnx9IjGJ/DyXjQdtOqNb2dtMkg4yFiFD"},"_chains":{"BQyTZFQsI0UEtPgX2CEWsTXbdQZ3kUnqkXkr1tV4VhpW":{"chainKey":{"counter":0,"key":"ZuonMubLb9EKrQUK/X1avITkumwm2QNVk7tBmiAQ2KE="},"chainType":1,"messageKeys":{}}},"pendingPreKey":{"signedKeyId":3,"baseKey":"BdxWxJEbt/QlsE81J/dUJ6D/zVeQUszKhMj2h4J5hCpF","preKeyId":15723185}}},"version":"v1"}