{"_sessions":{"BZCHWpg8PCoB+2P7wqtDeDYcT03sR5FevPDJVLfIFKof":{"registrationId":168798521,"currentRatchet":{"ephemeralKeyPair":{"pubKey":"Be8QcbFjDYzYBSSR19s9q61ld8qYccWXMJCI/fyEcCwP","privKey":"6Mm2nHCoW+dUs9KDVXHoZEol8jKdwy+t8EfC0HvcyVM="},"lastRemoteEphemeralKey":"BZwGOaL3tUtHYyTnP04rMNhkPDchhYZv96u8f3I7lW5m","previousCounter":0,"rootKey":"0sqA3nITQ8DxOSFPOPUlMgYFhCft/Moq5DJTP+WabJU="},"indexInfo":{"baseKey":"BZCHWpg8PCoB+2P7wqtDeDYcT03sR5FevPDJVLfIFKof","baseKeyType":1,"closed":-1,"used":1688113170157,"created":1688113170157,"remoteIdentityKey":"BRZmIkumv8UC3+mSLAp2tG4q+Kpv6Jpevewch34YQJQW"},"_chains":{"Be8QcbFjDYzYBSSR19s9q61ld8qYccWXMJCI/fyEcCwP":{"chainKey":{"counter":0,"key":"14isk5LY9Ok4Fb6isTcpY7cVpyC4OtHeFZvl49KEv9c="},"chainType":1,"messageKeys":{}}},"pendingPreKey":{"signedKeyId":0,"baseKey":"BZCHWpg8PCoB+2P7wqtDeDYcT03sR5FevPDJVLfIFKof","preKeyId":5147097}}},"version":"v1"}