{"_sessions":{"BS+Rfr7Gt14HpThTOQvZXW/KTYTng6TkMJxmfoRs/pAP":{"registrationId":1895481299,"currentRatchet":{"ephemeralKeyPair":{"pubKey":"BQLk7SOqURt31PYlkx21VKxQqyW80En8nED/+l+2qFZF","privKey":"iJjtyevhH4EvGlJJI0AwJ64evJl6I7TXtrNJiOIN3mo="},"lastRemoteEphemeralKey":"BZp6XlBKCM99Ymnj6qf3BxVJXKRXlaDzQ0arqTpSgCJp","previousCounter":0,"rootKey":"zHLjheMXauYhfof7IsfBT4w8UGqwLxO7qA8jCNf9P/w="},"indexInfo":{"baseKey":"BS+Rfr7Gt14HpThTOQvZXW/KTYTng6TkMJxmfoRs/pAP","baseKeyType":1,"closed":-1,"used":1688113170991,"created":1688113170991,"remoteIdentityKey":"BTSI2lqvnrmLN7SomLSO/5cuixO1wN4j6kpdKTrXc24a"},"_chains":{"BQLk7SOqURt31PYlkx21VKxQqyW80En8nED/+l+2qFZF":{"chainKey":{"counter":0,"key":"mcoWD8ehB66SmVMQ0PZ+rcOiX4yj/uphkhgWTGe5yz4="},"chainType":1,"messageKeys":{}}},"pendingPreKey":{"signedKeyId":18,"baseKey":"BS+Rfr7Gt14HpThTOQvZXW/KTYTng6TkMJxmfoRs/pAP","preKeyId":2889841}}},"version":"v1"}