{"_sessions":{"BbhIazC9u3NgBaiNrPaxg0orbvXGYRLisf9tdH/vix9M":{"registrationId":1486277820,"currentRatchet":{"ephemeralKeyPair":{"pubKey":"BZkLEo5AUvoRZEoS9lNhoZPCskJJNoOqA4H5/ZU+LLVc","privKey":"6LtAl6CnZ4SP5IyGwfn7eLdVzBnwHOrf67TlNacekFs="},"lastRemoteEphemeralKey":"BdTmrDveNZ/iTu8P+oxSrPpvb0TnqCJchUeqKejyinh/","previousCounter":0,"rootKey":"n8AKcceS5ZZvYM6OBKZqFTJpaTnmsVu0XamwlqEKvG8="},"indexInfo":{"baseKey":"BbhIazC9u3NgBaiNrPaxg0orbvXGYRLisf9tdH/vix9M","baseKeyType":1,"closed":-1,"used":1688113170456,"created":1688113170456,"remoteIdentityKey":"BXdqa0dgM4iyE5CbrSkwSjcGrh2OTGSaSRcmSdpKlNsK"},"_chains":{"BZkLEo5AUvoRZEoS9lNhoZPCskJJNoOqA4H5/ZU+LLVc":{"chainKey":{"counter":0,"key":"cbnOh11kuqRZiT1xhQ3YqlpdhrqguIPQ44iBtf1EiE0="},"chainType":1,"messageKeys":{}}},"pendingPreKey":{"signedKeyId":8,"baseKey":"BbhIazC9u3NgBaiNrPaxg0orbvXGYRLisf9tdH/vix9M","preKeyId":1505083}}},"version":"v1"}