{"_sessions":{"BdBOVeGntRwc3kXDsaHxYX8l491IhbORe+LWSgEYLzYO":{"registrationId":1990504912,"currentRatchet":{"ephemeralKeyPair":{"pubKey":"BQZfHL7yUqE0Exe5yvAvGF9BXH1wb0otE5VFz5SrfIMz","privKey":"GJxIl4TsiDYWBsWQ7pz2yeFWByZycrQLlCsNeKi042g="},"lastRemoteEphemeralKey":"Bbtuf4B+Y8Y0IlRtFXm85hvFy38stCUF/mmo0jG62tlE","previousCounter":0,"rootKey":"7ING+zIx0IXK8zAci5nDqCZc9/j5Rj+Bq86Wi0uHHDQ="},"indexInfo":{"baseKey":"BdBOVeGntRwc3kXDsaHxYX8l491IhbORe+LWSgEYLzYO","baseKeyType":1,"closed":-1,"used":1688113170747,"created":1688113170747,"remoteIdentityKey":"BchK5YjlxQ6LSkNXqht7KGzqGam/0MBVgJ82tYAMACos"},"_chains":{"BQZfHL7yUqE0Exe5yvAvGF9BXH1wb0otE5VFz5SrfIMz":{"chainKey":{"counter":0,"key":"kH7/XX7ShLsRU3NmQU/89QPhW/zzdWz4B6q0ugMfNJE="},"chainType":1,"messageKeys":{}}},"pendingPreKey":{"signedKeyId":11,"baseKey":"BdBOVeGntRwc3kXDsaHxYX8l491IhbORe+LWSgEYLzYO","preKeyId":14606673}}},"version":"v1"}