{"_sessions":{"BQSA7irHppPwGiuMWbFmcSG50xzR/Bo34+pHyuqyG7N8":{"registrationId":108413351,"currentRatchet":{"ephemeralKeyPair":{"pubKey":"BbdIvMNBUh7L8W1oI2V1nLh6whsq2Ue5C856VARxAysq","privKey":"KOJ+2pZKxp5JyZqrSCxan5Ap0Tt9WporJQIquIM2fW0="},"lastRemoteEphemeralKey":"BUXScbm6i7z3+Tq2TENOBVN0FA7zCNoomW/7WJgD3hRt","previousCounter":0,"rootKey":"n7dlO3ZDkTAH8MT45KeJ4CQMuAYgnJQCuME8ZrzsZ1o="},"indexInfo":{"baseKey":"BQSA7irHppPwGiuMWbFmcSG50xzR/Bo34+pHyuqyG7N8","baseKeyType":1,"closed":-1,"used":1688113170541,"created":1688113170541,"remoteIdentityKey":"BQzT6Byi0vV4jzJHZ4D7nXi7e03ZFYYAX/8Ikz+m08oJ"},"_chains":{"BbdIvMNBUh7L8W1oI2V1nLh6whsq2Ue5C856VARxAysq":{"chainKey":{"counter":0,"key":"Jj6UifkbauZhMVzgAZhFuOB17pLSdJ8nxQ06ezu9ut8="},"chainType":1,"messageKeys":{}}},"pendingPreKey":{"signedKeyId":18,"baseKey":"BQSA7irHppPwGiuMWbFmcSG50xzR/Bo34+pHyuqyG7N8","preKeyId":9321461}}},"version":"v1"}