{"_sessions":{"BeuJ3C6WpML6S0qF8B56II3JvjOOJ5w5Vw1/RSTqwHF9":{"registrationId":1219634610,"currentRatchet":{"ephemeralKeyPair":{"pubKey":"BX5l7ifb2rUKbDK/yAgFHyFwDIbuwASnpVwYR/YDDoIY","privKey":"CJkho1JbTMqdS22NMuixbvi+3cL6CMN7V3e3i9NbtVY="},"lastRemoteEphemeralKey":"BYVKuJbkxWRdA2f1VTcx5s/WNu+3CdXKjZxTtwBlWaoU","previousCounter":0,"rootKey":"iwycU8iFRgDRgWdQXkxR8A70c3a2dHCdyP10LWVmXak="},"indexInfo":{"baseKey":"BeuJ3C6WpML6S0qF8B56II3JvjOOJ5w5Vw1/RSTqwHF9","baseKeyType":1,"closed":-1,"used":1688113170975,"created":1688113170975,"remoteIdentityKey":"BehJThCcDOarAtNrSvPct0ebPPh5IRY2uCR2CqzJgCdB"},"_chains":{"BX5l7ifb2rUKbDK/yAgFHyFwDIbuwASnpVwYR/YDDoIY":{"chainKey":{"counter":0,"key":"5op2Nimzp2VvIfztPt2x5wtfMKjmYj2376bi8iZEVZ4="},"chainType":1,"messageKeys":{}}},"pendingPreKey":{"signedKeyId":4,"baseKey":"BeuJ3C6WpML6S0qF8B56II3JvjOOJ5w5Vw1/RSTqwHF9","preKeyId":2357056}}},"version":"v1"}