{"_sessions":{"BYclUiM5tsYesP8eAAgLel3hBori97JOIrm+s2QW1qlY":{"registrationId":2084937443,"currentRatchet":{"ephemeralKeyPair":{"pubKey":"BXI/wbyMFofAT2ty2ypT6DZUqkeZEB2QTBN0O5wpXZYy","privKey":"YL2wUmufwhsqoJqm5GUG2xKXl5NJw3lFBdceUf01Zlk="},"lastRemoteEphemeralKey":"Bb+Jg+mhTait2UNhP+SMPH76S92ieU76rsgdlDvMITYd","previousCounter":0,"rootKey":"mvm5umBJCMUnU5f06pD7Gn1litfOYcs6/QubG+b0uzU="},"indexInfo":{"baseKey":"BYclUiM5tsYesP8eAAgLel3hBori97JOIrm+s2QW1qlY","baseKeyType":1,"closed":-1,"used":1688113170707,"created":1688113170707,"remoteIdentityKey":"BfdIT7nVD3BwGhCBF9XPZ+U+PYJvOif+PcW0Ek13lLsd"},"_chains":{"BXI/wbyMFofAT2ty2ypT6DZUqkeZEB2QTBN0O5wpXZYy":{"chainKey":{"counter":0,"key":"7tpPSC1VXPAORcGTVmTlzG5y2slqSGVIexExuh+U4M0="},"chainType":1,"messageKeys":{}}},"pendingPreKey":{"signedKeyId":2,"baseKey":"BYclUiM5tsYesP8eAAgLel3hBori97JOIrm+s2QW1qlY","preKeyId":8982367}}},"version":"v1"}