{"_sessions":{"BU9zS/K3AIeYffF01U9H1IUSJ01GVIGM4IkggauZkI4m":{"registrationId":1036095084,"currentRatchet":{"ephemeralKeyPair":{"pubKey":"BX4KuQ9H+hlFGKB43f4EzmVaRn8WEKe432VAvhXfGAxM","privKey":"IE4kTfGZ3H6jATPCmrmHT5hsWX5D7W3PBSoMdIVdVUg="},"lastRemoteEphemeralKey":"BXnYd2ycESLL0QriNnsfWIvYCEzl3aS1DW2/XpaIQ4B8","previousCounter":0,"rootKey":"TCEPJH1cOTCDLfm3CjfABtHwLniKs43na/+lTZsYLMI="},"indexInfo":{"baseKey":"BU9zS/K3AIeYffF01U9H1IUSJ01GVIGM4IkggauZkI4m","baseKeyType":1,"closed":-1,"used":1688113170422,"created":1688113170422,"remoteIdentityKey":"BYJAOBRbAzv2YNDHQkvIIV42+rqSIisuzQd2gXzWVDsp"},"_chains":{"BX4KuQ9H+hlFGKB43f4EzmVaRn8WEKe432VAvhXfGAxM":{"chainKey":{"counter":0,"key":"Tk6nToSXateOjH7M96RCX08ene2z4/sosfiffLhKyyk="},"chainType":1,"messageKeys":{}}},"pendingPreKey":{"signedKeyId":1,"baseKey":"BU9zS/K3AIeYffF01U9H1IUSJ01GVIGM4IkggauZkI4m","preKeyId":7645321}}},"version":"v1"}