{"_sessions":{"BbZTQSu72SshQOeIph6q6ca1iCsKgJpcb7o8vT2dOgoJ":{"registrationId":356598877,"currentRatchet":{"ephemeralKeyPair":{"pubKey":"BSmoc9YJKFfdT+jnjEp+zUCnd5Dh2I2wrUYSHntBUn8b","privKey":"IAWHa3+9OAJGXNz+bxPELHXA7fGvlreiT4Z0gy2qUkQ="},"lastRemoteEphemeralKey":"BaMCiiPTmR0oEmr5dqFLy9lCM4taxpRKc/r+/C4v1Bpk","previousCounter":0,"rootKey":"TZyxA/EhyQbrYUrt7sJ3WbFD8w8E+AMutkZkD1QAlMo="},"indexInfo":{"baseKey":"BbZTQSu72SshQOeIph6q6ca1iCsKgJpcb7o8vT2dOgoJ","baseKeyType":1,"closed":-1,"used":1688113170072,"created":1688113170072,"remoteIdentityKey":"BXxA/pc9Ya5LuyyK6i380Jw9na8M3NjVsxcLpRLsAHdK"},"_chains":{"BSmoc9YJKFfdT+jnjEp+zUCnd5Dh2I2wrUYSHntBUn8b":{"chainKey":{"counter":0,"key":"QNUipxyt6jaZa6YvOp3nvRDG7w7AsF//4PbIr2FIt6A="},"chainType":1,"messageKeys":{}}},"pendingPreKey":{"signedKeyId":1,"baseKey":"BbZTQSu72SshQOeIph6q6ca1iCsKgJpcb7o8vT2dOgoJ","preKeyId":9439698}}},"version":"v1"}