{"_sessions":{"BTqCNgftfTCUt5b3NimkOIET7KNFEFU286tNnfucKQoi":{"registrationId":2026435370,"currentRatchet":{"ephemeralKeyPair":{"pubKey":"BStlrkmaJVREq07EbMdDHd90b5a1Qkv9yQwkDDDFBXRV","privKey":"0AYlEn7VRdTJxKB8x7RsRBeYjRQxQZpIUXM77XBrFU8="},"lastRemoteEphemeralKey":"BVrP44MmcMZTefvyQhQNQDhMbLZ6xdHgfA+GaNoLx+ls","previousCounter":0,"rootKey":"wdMFexK1FTBTSVkyA9vQKFWFn2omoN+1Sd3sqB40/FA="},"indexInfo":{"baseKey":"BTqCNgftfTCUt5b3NimkOIET7KNFEFU286tNnfucKQoi","baseKeyType":1,"closed":-1,"used":1688113170120,"created":1688113170120,"remoteIdentityKey":"BeJcqIFeDrE9D+R2kRfVn2rNxaOzpdKgsHKDnY1t3E9+"},"_chains":{"BStlrkmaJVREq07EbMdDHd90b5a1Qkv9yQwkDDDFBXRV":{"chainKey":{"counter":0,"key":"BtKNcjil4+JJMHvf7OtsNgpy/sMFPejkTRG13emuMrQ="},"chainType":1,"messageKeys":{}}},"pendingPreKey":{"signedKeyId":2,"baseKey":"BTqCNgftfTCUt5b3NimkOIET7KNFEFU286tNnfucKQoi","preKeyId":10645926}}},"version":"v1"}