{"_sessions":{"BQzBCJxcYKDSxhK6+MPHzhSH9fhbqOMwyhLKDgWgko0N":{"registrationId":1667899718,"currentRatchet":{"ephemeralKeyPair":{"pubKey":"BSLyHTGnkUxhYQIT9Hjqt/C/Y65Nwqe2OieZqnL9tux/","privKey":"YG0p9fwWR/ZFSdew3l6tOF8lseDXwge02uobVfwqNmo="},"lastRemoteEphemeralKey":"BRUtwbF61URTwC/rLuxVEOWYpvDxd52k58YbbpPwmMdF","previousCounter":0,"rootKey":"hX1GZgV8LrRz3Fdw5x6V8NcqWFi5u6LIBz43glDzWJs="},"indexInfo":{"baseKey":"BQzBCJxcYKDSxhK6+MPHzhSH9fhbqOMwyhLKDgWgko0N","baseKeyType":1,"closed":-1,"used":1688113170622,"created":1688113170622,"remoteIdentityKey":"BYLveXJYu2M/gHGJyL39AUAr03fJf11xU9ZcG1HDWwlB"},"_chains":{"BSLyHTGnkUxhYQIT9Hjqt/C/Y65Nwqe2OieZqnL9tux/":{"chainKey":{"counter":0,"key":"GA5os4USdjDdtdjRYO5IBxOh5Dk30pBGDWbIt+ZvJYM="},"chainType":1,"messageKeys":{}}},"pendingPreKey":{"signedKeyId":4,"baseKey":"BQzBCJxcYKDSxhK6+MPHzhSH9fhbqOMwyhLKDgWgko0N","preKeyId":15479799}}},"version":"v1"}