{"_sessions":{"BdG0JLjUQFSRG0+KBPC0FFS0+zP2ahq68nJmUbZacD8/":{"registrationId":1077,"currentRatchet":{"ephemeralKeyPair":{"pubKey":"BcixhPAbsa6KvxtYdFgKwB8Rif2PRmQo4b5bge7EivNF","privKey":"cK0qLDRKDRdTTbb8BwEGLIXvBByRrA9XyRfrzfD4yFg="},"lastRemoteEphemeralKey":"BV5X+f1mRdM4CvR8Z+MKT5KdZgGO/2eAe83mmzP43sph","previousCounter":0,"rootKey":"WVauZUYr/S6YnMRsOp5zEXdUM4LtFSlFg6FftBJAhjE="},"indexInfo":{"baseKey":"BdG0JLjUQFSRG0+KBPC0FFS0+zP2ahq68nJmUbZacD8/","baseKeyType":1,"closed":-1,"used":1688113169476,"created":1688113169476,"remoteIdentityKey":"BYhiBAWcwsy23AFJBGsCixIWLTofq5F8dmjiKt59Vqop"},"_chains":{"BcixhPAbsa6KvxtYdFgKwB8Rif2PRmQo4b5bge7EivNF":{"chainKey":{"counter":0,"key":"up/JV2at6WAIWZdcbLcAyCWBeXX6mMAMThFaSslC0pk="},"chainType":1,"messageKeys":{}}},"pendingPreKey":{"signedKeyId":1,"baseKey":"BdG0JLjUQFSRG0+KBPC0FFS0+zP2ahq68nJmUbZacD8/","preKeyId":732}}},"version":"v1"}