{"_sessions":{"BZS5FCqx2ZpH8xTppOidypCMNRrzUHN8uy89lwsePx8d":{"registrationId":1667532515,"currentRatchet":{"ephemeralKeyPair":{"pubKey":"BbFeNA/JWW8WHSRUuMKFtclbXo7MeLZ5K95N7UGxHi9V","privKey":"QHkHa0GAy0NdfDAEe5Jw0OyTnG3XCexyrpoaXT7ojnY="},"lastRemoteEphemeralKey":"BZy4UIZkRP3/2YBzpd4mqBikAa134FDU3BPoBOGNGF4A","previousCounter":0,"rootKey":"uSix2NxvH07lvWjhVmLFCmQmA5DbL+SqV5zT6IsqNTs="},"indexInfo":{"baseKey":"BZS5FCqx2ZpH8xTppOidypCMNRrzUHN8uy89lwsePx8d","baseKeyType":1,"closed":-1,"used":1688113170272,"created":1688113170272,"remoteIdentityKey":"BaPH6uBqcMneB+wuU6mr7VaTRtz6L4cTj7VNv5iaweQq"},"_chains":{"BbFeNA/JWW8WHSRUuMKFtclbXo7MeLZ5K95N7UGxHi9V":{"chainKey":{"counter":0,"key":"iKgytTfqO0ngShylAbHMkClPNjt8jPbWt4GrOXxLH+E="},"chainType":1,"messageKeys":{}}},"pendingPreKey":{"signedKeyId":1,"baseKey":"BZS5FCqx2ZpH8xTppOidypCMNRrzUHN8uy89lwsePx8d","preKeyId":4389454}}},"version":"v1"}