{"_sessions":{"BUZ4k7kGltkUXbebO3SUfKdwhLdDviXSyopIsWID2mJY":{"registrationId":716386082,"currentRatchet":{"ephemeralKeyPair":{"pubKey":"BQzfnuEP05K71eGS3x7uHM2eO0HDybJXBH8SAvOMcEdJ","privKey":"CEL+xosrE1CTFLlzYh5GE9s5nmhEyYiOtzkyNDIYMkw="},"lastRemoteEphemeralKey":"BR5p69aAf4V5fQnobdK+WWRk2ZK4XE1tv9qsvjGMD8Qw","previousCounter":0,"rootKey":"3sS1k9JvUIjEOsc5mXktYoxPqKAUCS7/vTZKF9j/RWE="},"indexInfo":{"baseKey":"BUZ4k7kGltkUXbebO3SUfKdwhLdDviXSyopIsWID2mJY","baseKeyType":1,"closed":-1,"used":1688113170727,"created":1688113170727,"remoteIdentityKey":"Bdy9YN29KmqUASIP3W5mV/UKETDx9q2Zr1bl6EOZIfth"},"_chains":{"BQzfnuEP05K71eGS3x7uHM2eO0HDybJXBH8SAvOMcEdJ":{"chainKey":{"counter":0,"key":"ILrHlaxe2nnHU7PHYusdUHrHBzQmdBsyha8OzTzwB6I="},"chainType":1,"messageKeys":{}}},"pendingPreKey":{"signedKeyId":7,"baseKey":"BUZ4k7kGltkUXbebO3SUfKdwhLdDviXSyopIsWID2mJY","preKeyId":9086172}}},"version":"v1"}