{"_sessions":{"BXvAKju7EDDroBjB+CxLRWytgXVV7oP1tqB1GQ9ystp8":{"registrationId":1311910671,"currentRatchet":{"ephemeralKeyPair":{"pubKey":"BeglznlSQ42V2nNmipvAZdphCTiAmZZX0pUqH4N1ne1d","privKey":"WAh5yoOxnza0QVUNEWJlLQPj17/bpLL2inVMG0+U+08="},"lastRemoteEphemeralKey":"BfZdZabOT+6eEBrQz15U/SRWeBfYm+rT7hInW48cmvpB","previousCounter":0,"rootKey":"kMN259+kCU47xTB9tTzoads5ZpwRdObi8jJWUI2Dch4="},"indexInfo":{"baseKey":"BXvAKju7EDDroBjB+CxLRWytgXVV7oP1tqB1GQ9ystp8","baseKeyType":1,"closed":-1,"used":1688113170417,"created":1688113170417,"remoteIdentityKey":"BX4Pxqu9P8juqt79yPwMS7foIgBd7YIJDU7fzksDOsIx"},"_chains":{"BeglznlSQ42V2nNmipvAZdphCTiAmZZX0pUqH4N1ne1d":{"chainKey":{"counter":0,"key":"dUFTXv7T4iPrxVIibNOpaGNV92ZOadfzOm3HPs7FlCE="},"chainType":1,"messageKeys":{}}},"pendingPreKey":{"signedKeyId":3,"baseKey":"BXvAKju7EDDroBjB+CxLRWytgXVV7oP1tqB1GQ9ystp8","preKeyId":14692985}}},"version":"v1"}