{"_sessions":{"BWvWe9Z+bV3OsVJ1CqKLA9oo6uXtk3AHmFl+r/wH3fIs":{"registrationId":1064660337,"currentRatchet":{"ephemeralKeyPair":{"pubKey":"BRnjPrN5g0Fg+xyKvmasHtqEcNaE1M76QgojDTNK8S1L","privKey":"CG7ZUE10MBO0ANuPyD76I1b9xp/gZlpOeHvrUVO5Ekg="},"lastRemoteEphemeralKey":"BZPF+jgRSN6nLxD215YzqvJ0LEQtI6ypO+8oqds82G4A","previousCounter":0,"rootKey":"3zy5hi1BiYJJTGUq+Vpim3inPRYF5lV9oCXSjWM1RqA="},"indexInfo":{"baseKey":"BWvWe9Z+bV3OsVJ1CqKLA9oo6uXtk3AHmFl+r/wH3fIs","baseKeyType":1,"closed":-1,"used":1688113170630,"created":1688113170630,"remoteIdentityKey":"BRRP/VXcZppn/ghARx3dsHty9vUIKuHU0i3FhBl0Wgpv"},"_chains":{"BRnjPrN5g0Fg+xyKvmasHtqEcNaE1M76QgojDTNK8S1L":{"chainKey":{"counter":0,"key":"LhOOR+qN6H5YXN+ffK/wIRmTqyVLq+d2G8LZyPNVZmQ="},"chainType":1,"messageKeys":{}}},"pendingPreKey":{"signedKeyId":3,"baseKey":"BWvWe9Z+bV3OsVJ1CqKLA9oo6uXtk3AHmFl+r/wH3fIs"}}},"version":"v1"}