{"_sessions":{"BTINStuY43072yxABqVrbxx+TmQpZWqV0DjNHBm2oXwr":{"registrationId":288726898,"currentRatchet":{"ephemeralKeyPair":{"pubKey":"BevtZ9COCUAINpTR30MqnUMOOCR0qRlGrVAr0xrhQ8ME","privKey":"wA0xWxPwVzpL7Npkkiur9FRMwuth85nrPXGd+EFLz14="},"lastRemoteEphemeralKey":"BYLDb0CfYOiwmKoW8sAF/f8HGyeTkzjCA8GnNzAAzUx1","previousCounter":0,"rootKey":"60Qk1ycWSlMhBeu2ZY2B+1j7S0VUsMmQMUSbPtw983o="},"indexInfo":{"baseKey":"BTINStuY43072yxABqVrbxx+TmQpZWqV0DjNHBm2oXwr","baseKeyType":1,"closed":-1,"used":1688113170049,"created":1688113170049,"remoteIdentityKey":"BXchhXbW7bX/n1ZpyOd5BpoqQN6fmnm1Y7Y+6FvqO98V"},"_chains":{"BevtZ9COCUAINpTR30MqnUMOOCR0qRlGrVAr0xrhQ8ME":{"chainKey":{"counter":0,"key":"PWTLNouekDJrM5GCGrM26fRH0UPRK+N4cdTEpTvrXvI="},"chainType":1,"messageKeys":{}}},"pendingPreKey":{"signedKeyId":16,"baseKey":"BTINStuY43072yxABqVrbxx+TmQpZWqV0DjNHBm2oXwr","preKeyId":2471465}}},"version":"v1"}