{"_sessions":{"Beees7rm6yjizfaU5PiO9NQv7bpId5FOeHSDCwdfV10w":{"registrationId":10738,"currentRatchet":{"ephemeralKeyPair":{"pubKey":"BZhnuED2WL0gTwgnjV5pmk5qBEZfE3ra5Lrn/umI+toc","privKey":"4KfvgT3sNNPyoajmExf6jIjhuUL2MgdcT12RobL/IFA="},"lastRemoteEphemeralKey":"BUB/Wd7teENi0vTMIL7jP6Tl/9esLrEGLzwu++4WtPR6","previousCounter":0,"rootKey":"BCtgwu5GlED6Ym6PyeVi+J9Rr2NjzM7hwowcu4HtgEA="},"indexInfo":{"baseKey":"Beees7rm6yjizfaU5PiO9NQv7bpId5FOeHSDCwdfV10w","baseKeyType":1,"closed":-1,"used":1688113169558,"created":1688113169558,"remoteIdentityKey":"BdcRn2VklpiRinHIhABVzvQMqLAqDEsb2PRaJ3VYdP91"},"_chains":{"BZhnuED2WL0gTwgnjV5pmk5qBEZfE3ra5Lrn/umI+toc":{"chainKey":{"counter":0,"key":"qYD2IZjivF5TofShlmVRpXp4i/SpCecEQKszWsxlutg="},"chainType":1,"messageKeys":{}}},"pendingPreKey":{"signedKeyId":1,"baseKey":"Beees7rm6yjizfaU5PiO9NQv7bpId5FOeHSDCwdfV10w","preKeyId":2913}}},"version":"v1"}