{"_sessions":{"BbO8CPdBDAcBGp7Vk55jRLZEyzDhfCvztDsQkXroQJUT":{"registrationId":1677150957,"currentRatchet":{"ephemeralKeyPair":{"pubKey":"BednKMViUOQqvEJNlalYD+wXOsElqQu1GvGKelkq4NRS","privKey":"oJl+yU3Ebz1bf6va6KHVM3ayxIQED1zR0iUNPEQSW0M="},"lastRemoteEphemeralKey":"BaeGiGIfJMzbygk3s2n+XtY4UOxYQZXzP09HnGDWoOUw","previousCounter":0,"rootKey":"6YEk2Ya53JN+QRAnrL5TbrrZaD2vJV4KVQD9pdDqJns="},"indexInfo":{"baseKey":"BbO8CPdBDAcBGp7Vk55jRLZEyzDhfCvztDsQkXroQJUT","baseKeyType":1,"closed":-1,"used":1688113170267,"created":1688113170267,"remoteIdentityKey":"BZ/W+912TeQakSAP/SpKIAej3W/yaJ+LgFIhtT1Ps+Q0"},"_chains":{"BednKMViUOQqvEJNlalYD+wXOsElqQu1GvGKelkq4NRS":{"chainKey":{"counter":0,"key":"A6h4YU5xAbQ1adaCcT6YhtMUjq454h4GisGJtaSc/j4="},"chainType":1,"messageKeys":{}}},"pendingPreKey":{"signedKeyId":1,"baseKey":"BbO8CPdBDAcBGp7Vk55jRLZEyzDhfCvztDsQkXroQJUT","preKeyId":1183454}}},"version":"v1"}