{"_sessions":{"Bax/CpaiRfbVhm1LYyVB7Y5mo0IIQfY0bvUClxSlJSVA":{"registrationId":1406416513,"currentRatchet":{"ephemeralKeyPair":{"pubKey":"BV8KR3tyyE7tkhCRw2nXy4d3ImPNdOAA70982RvDBI1y","privKey":"iFaFqZgqyYyNljepWW9r9IGF6uBVVVHtt8l3E2YU9XU="},"lastRemoteEphemeralKey":"BWhM02YwoZpmP6WTx7GH0ZSye7N10q3O4Pg3dPIa+VgG","previousCounter":0,"rootKey":"MmcQB21GyqkOZj/TyEWq9ksJNQOa+3saQcxQucJCoOA="},"indexInfo":{"baseKey":"Bax/CpaiRfbVhm1LYyVB7Y5mo0IIQfY0bvUClxSlJSVA","baseKeyType":1,"closed":-1,"used":1688113169835,"created":1688113169835,"remoteIdentityKey":"BUNIj2TQPS/mdMqz7PxKDl69x7XEakydW6ZBYv/Nc0oM"},"_chains":{"BV8KR3tyyE7tkhCRw2nXy4d3ImPNdOAA70982RvDBI1y":{"chainKey":{"counter":0,"key":"YB/5/rT5yWiR5y1XXHP+j0EWnRZ17RT9n4clnnhtVEg="},"chainType":1,"messageKeys":{}}},"pendingPreKey":{"signedKeyId":43,"baseKey":"Bax/CpaiRfbVhm1LYyVB7Y5mo0IIQfY0bvUClxSlJSVA","preKeyId":1262453}}},"version":"v1"}