{"_sessions":{"BfIOJJEpXEpqWRF7+VsGDl4CmrjHJaGFBmpfw+Be3Sh2":{"registrationId":1711348285,"currentRatchet":{"ephemeralKeyPair":{"pubKey":"BbaPX46vCsfpw14hXLM+WQBYohWC0f62vQzQUEmugwsD","privKey":"aDFBirhGKkJ0sX6DqddhYnlxqP7KA3B1UJ2EfwpSeFs="},"lastRemoteEphemeralKey":"BcHVIEPgb7qgom85TMV2mK7XHRQrDLsX3CulbcOc67o3","previousCounter":0,"rootKey":"+tDLBLOJq3kyIbYRehvxjS6zNRht1FhO6URazhHZels="},"indexInfo":{"baseKey":"BfIOJJEpXEpqWRF7+VsGDl4CmrjHJaGFBmpfw+Be3Sh2","baseKeyType":1,"closed":-1,"used":1688113170849,"created":1688113170849,"remoteIdentityKey":"BQtUv7oVbR3NPE9WZbW6pxgCL0q2T2KkgJmfQrPraw9W"},"_chains":{"BbaPX46vCsfpw14hXLM+WQBYohWC0f62vQzQUEmugwsD":{"chainKey":{"counter":0,"key":"pfsTNgdDsddkTwGWnQ+oKCnYXBzvc83lk0Fp8bbUYxM="},"chainType":1,"messageKeys":{}}},"pendingPreKey":{"signedKeyId":1,"baseKey":"BfIOJJEpXEpqWRF7+VsGDl4CmrjHJaGFBmpfw+Be3Sh2","preKeyId":15028422}}},"version":"v1"}