{"_sessions":{"BTSJRND8xfBUu+GgyCijNI8etFSojdwvDXvqfRgnWX8Q":{"registrationId":1124702817,"currentRatchet":{"ephemeralKeyPair":{"pubKey":"BfOr9IbzlSudVvU1/J+L6XsYsfBGid6qBrwtIHC/9/Ra","privKey":"yJ4BN+U73YpAe2E3D0VAw88ImBnVad1ay27D9wlgbV0="},"lastRemoteEphemeralKey":"BaE62wLj8xDxs8Iu9WZsSsm419FJBIyFMRubURwDqIIL","previousCounter":0,"rootKey":"slsPn+Utv5sX+x2z4ALkojCrcgG9cBiI9aqp9G9KUoU="},"indexInfo":{"baseKey":"BTSJRND8xfBUu+GgyCijNI8etFSojdwvDXvqfRgnWX8Q","baseKeyType":1,"closed":-1,"used":1688113169914,"created":1688113169914,"remoteIdentityKey":"BaaONQN4Sv5WJ7V2TMmtcxHC95Crw1juKjO6d5sLBRVm"},"_chains":{"BfOr9IbzlSudVvU1/J+L6XsYsfBGid6qBrwtIHC/9/Ra":{"chainKey":{"counter":0,"key":"aVSyztx6XZW/xXpUPGEmaWci1Bks+lyH5rwjz+e+oZ0="},"chainType":1,"messageKeys":{}}},"pendingPreKey":{"signedKeyId":2,"baseKey":"BTSJRND8xfBUu+GgyCijNI8etFSojdwvDXvqfRgnWX8Q","preKeyId":6060612}}},"version":"v1"}