{"_sessions":{"Bcw1nt/sT3euFe3Lk+HVrnLwvf91vKwD0e4yTa2ZP3It":{"registrationId":4325,"currentRatchet":{"ephemeralKeyPair":{"pubKey":"Bcpt2b5LIxShAbVWm5AlxF3X4oLVci6fmvgOukZ7QNdc","privKey":"aM216LLJkIiPxWBBwFVjEQ9KZCM5KXQnW2bi0TuRuX8="},"lastRemoteEphemeralKey":"BeDDGNoAnoDGIn5zD38DG8y7MAh3DsY22dxX3x2Y9tZJ","previousCounter":0,"rootKey":"d2Xp82qNBCRNEp1jfpPFDe3vUL4tnQ5KiDyNzOfFPCk="},"indexInfo":{"baseKey":"Bcw1nt/sT3euFe3Lk+HVrnLwvf91vKwD0e4yTa2ZP3It","baseKeyType":1,"closed":-1,"used":1688113169357,"created":1688113169357,"remoteIdentityKey":"BX1zuL5OVOa3t2dzlLxqDE4nu+uKdzjdokm51fHn3jUy"},"_chains":{"Bcpt2b5LIxShAbVWm5AlxF3X4oLVci6fmvgOukZ7QNdc":{"chainKey":{"counter":0,"key":"KGc2sWv5tN2LQv8RkvIjI4F7JAWDdAq9y6Yyn6K59Yc="},"chainType":1,"messageKeys":{}}},"pendingPreKey":{"signedKeyId":1,"baseKey":"Bcw1nt/sT3euFe3Lk+HVrnLwvf91vKwD0e4yTa2ZP3It","preKeyId":1488}}},"version":"v1"}