{"_sessions":{"BW/SuLO7oa2pzBWKAHC8k4h8rYTH59DYM/HOpMV+TfdG":{"registrationId":1419,"currentRatchet":{"ephemeralKeyPair":{"pubKey":"BYwNP1DhEimFLzZ1SarWmQ+QaYaCORJXLm45n8/9pKcB","privKey":"YAdRjHrkqP91PAOpmu9Wjz3d97E+g5xeBs+xNU7pMHQ="},"lastRemoteEphemeralKey":"Bc7GgbRbniBPlh//A/8ZILOurLqsw6LCTPX9xtq2w9Jw","previousCounter":0,"rootKey":"XrbGS1np5gKpsAW2hS6q8UVP/pSdndhPndV7mBI28uI="},"indexInfo":{"baseKey":"BW/SuLO7oa2pzBWKAHC8k4h8rYTH59DYM/HOpMV+TfdG","baseKeyType":1,"closed":-1,"used":1688113169455,"created":1688113169455,"remoteIdentityKey":"BfMfVn2VATlw/LJTSZ++FExiaerrMxpv161+IVtMrp9q"},"_chains":{"BYwNP1DhEimFLzZ1SarWmQ+QaYaCORJXLm45n8/9pKcB":{"chainKey":{"counter":0,"key":"QCJ0jw1bLB/N5ZcyGDC/odXR+5GqAcIrcimvdbSfEys="},"chainType":1,"messageKeys":{}}},"pendingPreKey":{"signedKeyId":1,"baseKey":"BW/SuLO7oa2pzBWKAHC8k4h8rYTH59DYM/HOpMV+TfdG","preKeyId":659}}},"version":"v1"}