{"_sessions":{"BYNO3AxDuQ0tlPxLzqjT6qK3PXsyhtAMCFqTCCutRfEl":{"registrationId":548276198,"currentRatchet":{"ephemeralKeyPair":{"pubKey":"BUk6PngI5j5nwYUH7J5Ej7Plio70/ID3wSOdLK8DPP4Z","privKey":"6LW3f98dBEibAJDA3emUCQUtHyWHe3vXnXW52qegK1w="},"lastRemoteEphemeralKey":"BdNA5M2EH7SMfmxrHhFEQ1lgK7Z4UsjoYJwsj77KHklS","previousCounter":0,"rootKey":"lhVHLFxNoVpPHVxrpCUWRX1dWWk7p8o+XJquWsTLR3w="},"indexInfo":{"baseKey":"BYNO3AxDuQ0tlPxLzqjT6qK3PXsyhtAMCFqTCCutRfEl","baseKeyType":1,"closed":-1,"used":1688113170380,"created":1688113170380,"remoteIdentityKey":"BXlOmld6tBT4hong5e3R99RlIHGf3Z+5v/48T5vyAYUa"},"_chains":{"BUk6PngI5j5nwYUH7J5Ej7Plio70/ID3wSOdLK8DPP4Z":{"chainKey":{"counter":0,"key":"lhQn1WUIWh0d0dtGtJFYt3IuGi/m/DyqNwokC7Pdne4="},"chainType":1,"messageKeys":{}}},"pendingPreKey":{"signedKeyId":4,"baseKey":"BYNO3AxDuQ0tlPxLzqjT6qK3PXsyhtAMCFqTCCutRfEl","preKeyId":14001575}}},"version":"v1"}