{"_sessions":{"BWNOt0wlJ8uOe16MpqruPs899E3J84KJOr27BfyFUl4+":{"registrationId":14213,"currentRatchet":{"ephemeralKeyPair":{"pubKey":"BSwKeUXMu70Jsq7kjW/KtXOYZG5fRHVo2y8YxhguxJo0","privKey":"gCo8XrtBoJUjlgbjNpysk/cYWMmtTO9pNWmzr2VhuVA="},"lastRemoteEphemeralKey":"BRdAe477S33XQq+rYrYsElIgaOBHNtd3VROyfZQxKWNx","previousCounter":0,"rootKey":"SnVsjZ8b1ac9rjH8GtHanzOfwQrP/bREk2KXFgmIavs="},"indexInfo":{"baseKey":"BWNOt0wlJ8uOe16MpqruPs899E3J84KJOr27BfyFUl4+","baseKeyType":1,"closed":-1,"used":1688113169567,"created":1688113169567,"remoteIdentityKey":"BXJsPIPyVBIqdRmpVpnyBfCrGSuakxnOKBWPXcTVTV0w"},"_chains":{"BSwKeUXMu70Jsq7kjW/KtXOYZG5fRHVo2y8YxhguxJo0":{"chainKey":{"counter":0,"key":"fFJ4suz7TfUDgyGylvlEmh9arEMsH2TUZd9HFBl6A9s="},"chainType":1,"messageKeys":{}}},"pendingPreKey":{"signedKeyId":1,"baseKey":"BWNOt0wlJ8uOe16MpqruPs899E3J84KJOr27BfyFUl4+","preKeyId":881}}},"version":"v1"}