{"_sessions":{"BfRmrwJkV7jMGRcrnefgSIaM8TWyqR5BxI4fHDJsJrZP":{"registrationId":973234039,"currentRatchet":{"ephemeralKeyPair":{"pubKey":"BdO2sWTkeBOQHdfBmlZRMY7o6p9Hq0QUnir7e+qazak2","privKey":"OOMEC5Nij9MibbPoRsvMe0oYCploG3v9Cxwz6idHml0="},"lastRemoteEphemeralKey":"BYkfG1rvpi+iNDPuiCyROLFuHKqwU2x34ArNKXKgBCt/","previousCounter":0,"rootKey":"t3YIr6T/IvhrBVTh9l03MGJD+nN1ZJeAw5lyyFPnQLM="},"indexInfo":{"baseKey":"BfRmrwJkV7jMGRcrnefgSIaM8TWyqR5BxI4fHDJsJrZP","baseKeyType":1,"closed":-1,"used":1688113171035,"created":1688113171035,"remoteIdentityKey":"BSFYiRZF+/qs+ZfQUUl1+ucFnMGtqkQFGheKQE2BMfsq"},"_chains":{"BdO2sWTkeBOQHdfBmlZRMY7o6p9Hq0QUnir7e+qazak2":{"chainKey":{"counter":0,"key":"KMoa+N87nAyREybcj0H0r5jS8ggsL6WdPkS7lI/rVRs="},"chainType":1,"messageKeys":{}}},"pendingPreKey":{"signedKeyId":21,"baseKey":"BfRmrwJkV7jMGRcrnefgSIaM8TWyqR5BxI4fHDJsJrZP","preKeyId":13973033}}},"version":"v1"}