{"_sessions":{"BbMxkZFLn9gjx5RBIFK1PAHaPdhes5wdu4uwzA/5PQtY":{"registrationId":1175745485,"currentRatchet":{"ephemeralKeyPair":{"pubKey":"BVsC9bO+qXKAefHZ6pM/K68guOt88V0/qt+TiboxM4gI","privKey":"wCcEf3xVc1IHHrtCrJlKfLt19ZEtisD9IU3ZNZcxen0="},"lastRemoteEphemeralKey":"Bc1TvQ7FKXEnhSe9y/dWEMro4aWniutO5Vxv8WQUSwFa","previousCounter":0,"rootKey":"x9E0z67WvHMs20WsBtMHsaZmumDBNI6kA4tiuYgnM1I="},"indexInfo":{"baseKey":"BbMxkZFLn9gjx5RBIFK1PAHaPdhes5wdu4uwzA/5PQtY","baseKeyType":1,"closed":-1,"used":1688113169791,"created":1688113169791,"remoteIdentityKey":"BQEIRcu3Yp8LXvaIYpimab6bcOslP2s60vg79YEL160p"},"_chains":{"BVsC9bO+qXKAefHZ6pM/K68guOt88V0/qt+TiboxM4gI":{"chainKey":{"counter":0,"key":"/aiIg2xyuArjbYMEy4ThLiPZGLvhYIAFY1CeHm0ZeG8="},"chainType":1,"messageKeys":{}}},"pendingPreKey":{"signedKeyId":0,"baseKey":"BbMxkZFLn9gjx5RBIFK1PAHaPdhes5wdu4uwzA/5PQtY","preKeyId":6531018}}},"version":"v1"}