{"_sessions":{"BbZ25oBxNr7CQkjQCYRSJp9rdn9enel6ObMM053ysWQ5":{"registrationId":881726952,"currentRatchet":{"ephemeralKeyPair":{"pubKey":"BXl/WKqcvseuIruxn469JmZtRjmnI64xvUcy3MS8wpRQ","privKey":"GKlfHXIDN0j4ehI/QvauPEki/YUawszYohH94u9tOWg="},"lastRemoteEphemeralKey":"BdEf+QuMgFSxbmt8DIlJZGke4KeyL3tGVORY8oNw0oRh","previousCounter":0,"rootKey":"J+7T8PrkugSQWmOpY+0gM6QI1Y5nHKLZJPFHRms51pU="},"indexInfo":{"baseKey":"BbZ25oBxNr7CQkjQCYRSJp9rdn9enel6ObMM053ysWQ5","baseKeyType":1,"closed":-1,"used":1688113170498,"created":1688113170498,"remoteIdentityKey":"BSTpZd5cmVM/L5prTaJyzTLuJScQHQHgj/YO685LL6xo"},"_chains":{"BXl/WKqcvseuIruxn469JmZtRjmnI64xvUcy3MS8wpRQ":{"chainKey":{"counter":0,"key":"ddfJtpdEopGyZRuWozY7EEixcrxz0yfkKMTgMEIjeak="},"chainType":1,"messageKeys":{}}},"pendingPreKey":{"signedKeyId":8,"baseKey":"BbZ25oBxNr7CQkjQCYRSJp9rdn9enel6ObMM053ysWQ5","preKeyId":520820}}},"version":"v1"}