{"_sessions":{"BWG9OC/sni2YPewO+H/1f10ykMXO/Ax7n0jrjiNbTDk8":{"registrationId":2111675239,"currentRatchet":{"ephemeralKeyPair":{"pubKey":"BVqdwWNKh2xsxVerk6OFSbmP5Yqc2ThMvaDalitVgPJY","privKey":"UO1GgBYKqT4BYi6H7WLGiBV95k9JosVxJMCrl9RNRE8="},"lastRemoteEphemeralKey":"BUJtiVnqJOxgRBXRkb5/bWf+Tf0805Y4Lx1DZcrxO7BX","previousCounter":0,"rootKey":"59WvKVVtzw/1khPN+TfC50VD+MIoEtFQEMhTQxTF14k="},"indexInfo":{"baseKey":"BWG9OC/sni2YPewO+H/1f10ykMXO/Ax7n0jrjiNbTDk8","baseKeyType":1,"closed":-1,"used":1688113170859,"created":1688113170859,"remoteIdentityKey":"BciRUf5VfktNu6T+23eMq27BGp3LZK91wajUnn6JqbUc"},"_chains":{"BVqdwWNKh2xsxVerk6OFSbmP5Yqc2ThMvaDalitVgPJY":{"chainKey":{"counter":0,"key":"fl2VQunx8vjHAzjFVbmmt3q1b1tg4PKayx9kOLaB0a0="},"chainType":1,"messageKeys":{}}},"pendingPreKey":{"signedKeyId":0,"baseKey":"BWG9OC/sni2YPewO+H/1f10ykMXO/Ax7n0jrjiNbTDk8","preKeyId":6459506}}},"version":"v1"}