{"_sessions":{"BTs87eGFHHfuyQ2buJj5WHnBO3RwvbY28lJZIsSXgFAn":{"registrationId":834566896,"currentRatchet":{"ephemeralKeyPair":{"pubKey":"Bc797rmQzfaaDzzZT7wUKRyLwTTfI46/19K+YFdH7+tx","privKey":"iM32DuGqQT7dRuOsVrNjb9RwNXvaW96Bdi+kB8YjaUc="},"lastRemoteEphemeralKey":"BSHzTQeGFVnbN/c7vHVxj5KdHCPWTJ1cihTFIu8Qcl5f","previousCounter":0,"rootKey":"uvof2Vev9QkO6Cz5EXijiYshz4ficyTr+Y48RXLF464="},"indexInfo":{"baseKey":"BTs87eGFHHfuyQ2buJj5WHnBO3RwvbY28lJZIsSXgFAn","baseKeyType":1,"closed":-1,"used":1688113170780,"created":1688113170780,"remoteIdentityKey":"BQ12DXvvQCKIHgg5Z92bygrPrkYwRYQgbB8dm7B2UQB4"},"_chains":{"Bc797rmQzfaaDzzZT7wUKRyLwTTfI46/19K+YFdH7+tx":{"chainKey":{"counter":0,"key":"wFCOLM1SsXYm/eXi1vMCyyzmz9CHX0Xj3rVjl6mc8lI="},"chainType":1,"messageKeys":{}}},"pendingPreKey":{"signedKeyId":0,"baseKey":"BTs87eGFHHfuyQ2buJj5WHnBO3RwvbY28lJZIsSXgFAn","preKeyId":15778244}}},"version":"v1"}