{"_sessions":{"Bc+spQvvzFFZ1XneNFnrKMLFo+UhhHV/wrm4/5ztJjwk":{"registrationId":1569743165,"currentRatchet":{"ephemeralKeyPair":{"pubKey":"BRFxKybDlmDgvzxJ6xz40zrtQ8JvBL3U8xovANNkWoha","privKey":"4MFrIsdRoNqtX3WgHdwmk8byDICOGkyYbA4pzANi+Ho="},"lastRemoteEphemeralKey":"BYgZ9fB+Em1dJvy8ez0Nz9amn0Lxp2u0pzWfdZXNy7xl","previousCounter":0,"rootKey":"ri5yigVJEJdxUa4Y6QuY1+7VDbdjlQfmIgZZmaEYArA="},"indexInfo":{"baseKey":"Bc+spQvvzFFZ1XneNFnrKMLFo+UhhHV/wrm4/5ztJjwk","baseKeyType":1,"closed":-1,"used":1688113170443,"created":1688113170443,"remoteIdentityKey":"BbW/ZwBdUxZ0WJDIBig/UjhbHCF/qeOeyXecp/iEM1YN"},"_chains":{"BRFxKybDlmDgvzxJ6xz40zrtQ8JvBL3U8xovANNkWoha":{"chainKey":{"counter":0,"key":"/SU9d0wq5qzQJE5s0R9kDtyc6GKl4mDGFKK8ejDnivg="},"chainType":1,"messageKeys":{}}},"pendingPreKey":{"signedKeyId":21,"baseKey":"Bc+spQvvzFFZ1XneNFnrKMLFo+UhhHV/wrm4/5ztJjwk","preKeyId":5196622}}},"version":"v1"}