{"_sessions":{"BbGQcFrCSDSUZ4EWxKcHAzWmse9Pl6nKf7C2GLjXE2AP":{"registrationId":16055,"currentRatchet":{"ephemeralKeyPair":{"pubKey":"BW5JpuKo7GpAGOCdZyV/nJpW7uYbwkeICl5JJWFJqcNq","privKey":"oNzz6oQkbZwcxblnITi351+2gu97ag2xqHRHQwHAhlU="},"lastRemoteEphemeralKey":"BXa1fN3d1iE3+s2uLle+wJeVkm5K8XaPnE89ISjlJzNi","previousCounter":0,"rootKey":"uqr2t9RabmFXmQjCZ7JvryxeYPDKxghJmteQzLgkANg="},"indexInfo":{"baseKey":"BbGQcFrCSDSUZ4EWxKcHAzWmse9Pl6nKf7C2GLjXE2AP","baseKeyType":1,"closed":-1,"used":1688113169352,"created":1688113169352,"remoteIdentityKey":"BeALM3t2EpS9N/LYnzUh5DFCSSvGFYAWnRZbFl1sinVl"},"_chains":{"BW5JpuKo7GpAGOCdZyV/nJpW7uYbwkeICl5JJWFJqcNq":{"chainKey":{"counter":0,"key":"1TagwD6HanAwOHjgFnqKvOPtJy/Vg+F4/3rxaDqN/BE="},"chainType":1,"messageKeys":{}}},"pendingPreKey":{"signedKeyId":1,"baseKey":"BbGQcFrCSDSUZ4EWxKcHAzWmse9Pl6nKf7C2GLjXE2AP","preKeyId":32}}},"version":"v1"}