{"_sessions":{"BapHxnZGyViPKbHwSJhSw9TLIbyyoFOWGAn2NZGhDH9M":{"registrationId":1958648131,"currentRatchet":{"ephemeralKeyPair":{"pubKey":"BWVWlgatnMDEhrmkcCC3ph63GjP41YoEMSN4CqlXMyEF","privKey":"oJgVAqZI3Lm1UsPAvnMksy8aQ68Ux15k+OiH8b6nP1Q="},"lastRemoteEphemeralKey":"BeeKldI1M52jlDGMjMZaMvoBlim9q2QUt1s/i8bxqvYa","previousCounter":0,"rootKey":"R8rB7HUoIGRdDnRXWv18JeUrxDgtsh7MlphgXW8AqXs="},"indexInfo":{"baseKey":"BapHxnZGyViPKbHwSJhSw9TLIbyyoFOWGAn2NZGhDH9M","baseKeyType":1,"closed":-1,"used":1688113170888,"created":1688113170888,"remoteIdentityKey":"BRfGXv5tTt6b/ejVrCSYdmUHmXV+YLWrQhdrN1DKhMIo"},"_chains":{"BWVWlgatnMDEhrmkcCC3ph63GjP41YoEMSN4CqlXMyEF":{"chainKey":{"counter":0,"key":"ow2ZPzpwKO115wYDrba0z0dq6aBxKMIEta7RQ8Pwbe0="},"chainType":1,"messageKeys":{}}},"pendingPreKey":{"signedKeyId":13,"baseKey":"BapHxnZGyViPKbHwSJhSw9TLIbyyoFOWGAn2NZGhDH9M","preKeyId":4404867}}},"version":"v1"}