{"_sessions":{"BW8cYWuZnc5cjKCu4eXJJwRx+hShMyCuuF4KXLC5fQtO":{"registrationId":229,"currentRatchet":{"ephemeralKeyPair":{"pubKey":"BZQqYaTtkArb9cUWqmUtJp87ZJZ7Fh1esV9srMXx/GED","privKey":"0KZQnHp3H/UiB7OQm6rrvTsLhpr7hh7HXl6KHXJsZXE="},"lastRemoteEphemeralKey":"BUCPiKqUg5EWmGHM5xEmiiZ9PTaD8WnY9nw81Db5hTYM","previousCounter":0,"rootKey":"QrH+Yh9b7n4HNMoXQs4K3crKc1m+wcC515k1qANUaBI="},"indexInfo":{"baseKey":"BW8cYWuZnc5cjKCu4eXJJwRx+hShMyCuuF4KXLC5fQtO","baseKeyType":1,"closed":-1,"used":1688113169512,"created":1688113169512,"remoteIdentityKey":"Bb2Xalhuy/2MJ6CiltG2Vc2XM094H2RElGBL2EX5bn0l"},"_chains":{"BZQqYaTtkArb9cUWqmUtJp87ZJZ7Fh1esV9srMXx/GED":{"chainKey":{"counter":0,"key":"IBPSiwHwCHT5vtWP7V/erDELb444X8YYc83+MtRk0BA="},"chainType":1,"messageKeys":{}}},"pendingPreKey":{"signedKeyId":1,"baseKey":"BW8cYWuZnc5cjKCu4eXJJwRx+hShMyCuuF4KXLC5fQtO","preKeyId":1501}}},"version":"v1"}