{"_sessions":{"BfWZlX0nPq7NS4ESL+uq4UImiDxdt5jDi8mMJxJyFVRI":{"registrationId":1407396862,"currentRatchet":{"ephemeralKeyPair":{"pubKey":"BZtUTuYW5g/TU4Eh+86g2Ep1Q2MwMkeH3Plmyu4pJoQk","privKey":"uHPDb0CT530JKQUAioYP0LNerJrjXQlJXmsevmQ6I14="},"lastRemoteEphemeralKey":"BTJF0b34yciQNTeK8yY4H0I69/XKlpeQ/2DjrFtb+ZEY","previousCounter":0,"rootKey":"VolxUgw03eP4cDagN46ipG0Fe4g2u9GXylNwOOZ8LHQ="},"indexInfo":{"baseKey":"BfWZlX0nPq7NS4ESL+uq4UImiDxdt5jDi8mMJxJyFVRI","baseKeyType":1,"closed":-1,"used":1688113170181,"created":1688113170181,"remoteIdentityKey":"BTEG72vGV0nMq2HaqxqtikVuwKBvUhy5pQrAucH/ykMS"},"_chains":{"BZtUTuYW5g/TU4Eh+86g2Ep1Q2MwMkeH3Plmyu4pJoQk":{"chainKey":{"counter":0,"key":"HP1Dj1HmIid5i5/oVQPTV+VBQkVsqexuZXxNoR65me4="},"chainType":1,"messageKeys":{}}},"pendingPreKey":{"signedKeyId":18,"baseKey":"BfWZlX0nPq7NS4ESL+uq4UImiDxdt5jDi8mMJxJyFVRI","preKeyId":2455324}}},"version":"v1"}