{"_sessions":{"BWJO94sk1qCXk67lQhDmTb1ObANth8w5dbcsMP2vGE4v":{"registrationId":18170136,"currentRatchet":{"ephemeralKeyPair":{"pubKey":"BRJSVQcPg1au9XUEaxtkxvMCU58Q7J63xc1mXw8e44gm","privKey":"sLgN5Xm5pZeIFYNs8GOB4bd01LZw6VkbuPwNqREn52M="},"lastRemoteEphemeralKey":"BVgMJruzXMFcrNyroifkybUILTQUnFm89G9DFSXM0LJZ","previousCounter":0,"rootKey":"FRUKCozYdkXmwtRogbtiUrtflhAQE8JC8HG7egfSm7k="},"indexInfo":{"baseKey":"BWJO94sk1qCXk67lQhDmTb1ObANth8w5dbcsMP2vGE4v","baseKeyType":1,"closed":-1,"used":1688113169845,"created":1688113169845,"remoteIdentityKey":"BSxKooRB0KZ6qRamqP2xYnf6jY9kt6qFEdniXOGjWb1b"},"_chains":{"BRJSVQcPg1au9XUEaxtkxvMCU58Q7J63xc1mXw8e44gm":{"chainKey":{"counter":0,"key":"cGedwBRIl394SaFeUiYLT6v3LEQqphquT6D+x63MjYg="},"chainType":1,"messageKeys":{}}},"pendingPreKey":{"signedKeyId":24,"baseKey":"BWJO94sk1qCXk67lQhDmTb1ObANth8w5dbcsMP2vGE4v","preKeyId":13803418}}},"version":"v1"}