{"_sessions":{"BU/b8gO4A3iZKoODPxbyTdzFH6GZn9bQRkidjrlPVGYx":{"registrationId":1098176346,"currentRatchet":{"ephemeralKeyPair":{"pubKey":"BW27CbVZzlDreE0KH0jbYN57qIkl7zDXvZyzNmLut5By","privKey":"yD9wlpx5LafgG5XDlxZfrEQ92wSFpt+iWqwdqrnO3F8="},"lastRemoteEphemeralKey":"BZTwRevObAG5hqgdoPamERXif6A68ujBuGEbNhSmNeBI","previousCounter":0,"rootKey":"srsI77/zqM9xwJMgNhdpl/OMOMdP/W97sY8EsRv9FCM="},"indexInfo":{"baseKey":"BU/b8gO4A3iZKoODPxbyTdzFH6GZn9bQRkidjrlPVGYx","baseKeyType":1,"closed":-1,"used":1688113170191,"created":1688113170191,"remoteIdentityKey":"Bat7xBdWGz+f7Lb1KMXbucAhXYlGR3Lya2qUp153BfQG"},"_chains":{"BW27CbVZzlDreE0KH0jbYN57qIkl7zDXvZyzNmLut5By":{"chainKey":{"counter":0,"key":"Vuo3Zp0Wc9U1JATj+1UJ8slAd/tlMSsVIfeXucAVfkE="},"chainType":1,"messageKeys":{}}},"pendingPreKey":{"signedKeyId":15,"baseKey":"BU/b8gO4A3iZKoODPxbyTdzFH6GZn9bQRkidjrlPVGYx","preKeyId":11806494}}},"version":"v1"}