{"_sessions":{"Ben/+tyACnNfMS4l35eW7t0SakQxZArs6wCRyvoFYud3":{"registrationId":657548641,"currentRatchet":{"ephemeralKeyPair":{"pubKey":"BQGL9N1+17PjyniR84mSM61K/EU02mE3KyzsyyQpgh9H","privKey":"oEl3jQHo3Ft+rT3ZLe5odxjnoyTgPV9voI+pt7nqqkY="},"lastRemoteEphemeralKey":"BZoXtKAeQ2lMdKWsymQo2eaZvnHz6hx0F7ras/JHLOdL","previousCounter":0,"rootKey":"HU4Q4PxYD+1huptAaz4dptL+u25abObDOs2GnegkqUQ="},"indexInfo":{"baseKey":"Ben/+tyACnNfMS4l35eW7t0SakQxZArs6wCRyvoFYud3","baseKeyType":1,"closed":-1,"used":1688113170811,"created":1688113170811,"remoteIdentityKey":"BSLB1n6QtJL1eSd1PTLPmEqtachSopJ4lPCUxyN/KCpf"},"_chains":{"BQGL9N1+17PjyniR84mSM61K/EU02mE3KyzsyyQpgh9H":{"chainKey":{"counter":0,"key":"g4huhcx5s5TmlHBIdJS+cGF2Kldr37pdtO0He3BAI/w="},"chainType":1,"messageKeys":{}}},"pendingPreKey":{"signedKeyId":4,"baseKey":"Ben/+tyACnNfMS4l35eW7t0SakQxZArs6wCRyvoFYud3","preKeyId":11565945}}},"version":"v1"}