{"_sessions":{"BZTssNhK1s0Lt/ChCZqOUjdboMFj1kvtpmV5zHeBFvNy":{"registrationId":1034973528,"currentRatchet":{"ephemeralKeyPair":{"pubKey":"BUi0p7yviqxRHFIMn67j9IMBjWBLLCfAcXiwzTDvcGc+","privKey":"MDjZ2kj8tvaGvb43uER2ojPpFBYWZ4UC1a5IEE+dSkM="},"lastRemoteEphemeralKey":"BdPYexkomBMto+tWA9YSbeBxgHe2KNCDS4TRnR406Wct","previousCounter":0,"rootKey":"uIIiguID9ToU52OD+elscI60YPmoj1GJWxFTUKMGMgY="},"indexInfo":{"baseKey":"BZTssNhK1s0Lt/ChCZqOUjdboMFj1kvtpmV5zHeBFvNy","baseKeyType":1,"closed":-1,"used":1688113169705,"created":1688113169705,"remoteIdentityKey":"BX7Ay4aPFljpjS9Wxr6kmX3sWQtmaPDbU4hcUbuolucp"},"_chains":{"BUi0p7yviqxRHFIMn67j9IMBjWBLLCfAcXiwzTDvcGc+":{"chainKey":{"counter":0,"key":"cG9A0MX0iiuNE8Vu06F/ry5+9cTTddF13g3AUUO9V+s="},"chainType":1,"messageKeys":{}}},"pendingPreKey":{"signedKeyId":5,"baseKey":"BZTssNhK1s0Lt/ChCZqOUjdboMFj1kvtpmV5zHeBFvNy","preKeyId":9471188}}},"version":"v1"}