{"_sessions":{"BVTgAEW2GYM9+GlQER7HPRB6sfMHahk680w58gfO6pFa":{"registrationId":66,"currentRatchet":{"ephemeralKeyPair":{"pubKey":"BdZlgMze+Hkj24JgjXYSWoPoJ6nw3Uj+2LCRFLj9bJsK","privKey":"kId4bT+EPCOuL00joGZMDqlz275rUeaCgLbuGQixY3c="},"lastRemoteEphemeralKey":"BelQPpJVL6pK5N4w9pASMBTPBepIZcoQG4FrcRSW9Ghx","previousCounter":0,"rootKey":"9/sgpTowbxp1+3505Q6LRDEYLU34gfIk2Tt0LeHcigg="},"indexInfo":{"baseKey":"BVTgAEW2GYM9+GlQER7HPRB6sfMHahk680w58gfO6pFa","baseKeyType":1,"closed":-1,"used":1688113169333,"created":1688113169333,"remoteIdentityKey":"BcBe/4w0uWfus/FQtHjakxvg6x73y6T/3uRqcbzwS61T"},"_chains":{"BdZlgMze+Hkj24JgjXYSWoPoJ6nw3Uj+2LCRFLj9bJsK":{"chainKey":{"counter":0,"key":"7gdxIePCo3fhyfoWxjJqXpxAiLN4SPeGi4cQ146g1C4="},"chainType":1,"messageKeys":{}}},"pendingPreKey":{"signedKeyId":1,"baseKey":"BVTgAEW2GYM9+GlQER7HPRB6sfMHahk680w58gfO6pFa"}}},"version":"v1"}