{"_sessions":{"BSl3fqQiBq9X+tW084tLjqd+ToHOqJmFGn48rfdodB0j":{"registrationId":1581352641,"currentRatchet":{"ephemeralKeyPair":{"pubKey":"BRXXUxDXXc/sCTY/ZwlI+CXjyHoyAxuhRwqnr9VV0vZj","privKey":"qBhv9bYJNfaIHGdHEctqJdOqaKE8umOCShzbts0rUkY="},"lastRemoteEphemeralKey":"BZ7bU/niW+ivClmUFvuDEJa+BMiuMNLK6DiQonxdtWIN","previousCounter":0,"rootKey":"gaZMwtYcWj2NkSjFITQZBTlF61+Ys8ed5BRXnPhEhO4="},"indexInfo":{"baseKey":"BSl3fqQiBq9X+tW084tLjqd+ToHOqJmFGn48rfdodB0j","baseKeyType":1,"closed":-1,"used":1688113170486,"created":1688113170486,"remoteIdentityKey":"BeXOpEpfshsQwGyylfiTMUSxzZdSUoHiSuLe0W9iMwU6"},"_chains":{"BRXXUxDXXc/sCTY/ZwlI+CXjyHoyAxuhRwqnr9VV0vZj":{"chainKey":{"counter":0,"key":"SxeYuYvob2RVslRZ5+itaxz+JAAzxnVe1NkvlaFTKSY="},"chainType":1,"messageKeys":{}}},"pendingPreKey":{"signedKeyId":8,"baseKey":"BSl3fqQiBq9X+tW084tLjqd+ToHOqJmFGn48rfdodB0j"}}},"version":"v1"}