{"_sessions":{"BSOc+2qTgdrODNfm/7huLo3UpbqamCZAjwMWIrDAaX9r":{"registrationId":383860522,"currentRatchet":{"ephemeralKeyPair":{"pubKey":"BXf45iWK04TAXmJ0xOBZYhhIe3sOQdvE1hc7OA8hbaU3","privKey":"mIn02znW+8C51Fu/4R3YFYIOulk7BPYm+ULHa7WOBWA="},"lastRemoteEphemeralKey":"BUIwb+N5MHsnb184s9Um1o1mEMPfLcU0yo0Vlxj24OpB","previousCounter":0,"rootKey":"YgchEsMqGdqMt57XeM1/3Sp3H5UJIJm3VOB8HywfLVw="},"indexInfo":{"baseKey":"BSOc+2qTgdrODNfm/7huLo3UpbqamCZAjwMWIrDAaX9r","baseKeyType":1,"closed":-1,"used":1688113170246,"created":1688113170246,"remoteIdentityKey":"BUZgpalL+c92riFRQc6AOz4/Jitdu6pM43d/0rDO7YgI"},"_chains":{"BXf45iWK04TAXmJ0xOBZYhhIe3sOQdvE1hc7OA8hbaU3":{"chainKey":{"counter":0,"key":"8BVy6PCcSnmCVtyE46Mx7M6l+p7Nw1ZH6JQumkvgB04="},"chainType":1,"messageKeys":{}}},"pendingPreKey":{"signedKeyId":0,"baseKey":"BSOc+2qTgdrODNfm/7huLo3UpbqamCZAjwMWIrDAaX9r","preKeyId":10730949}}},"version":"v1"}