{"_sessions":{"BUH0oSwV9tpGaZ8sjaWeIVGF8CrzFDnq/ZK52OOgvCJX":{"registrationId":1821192005,"currentRatchet":{"ephemeralKeyPair":{"pubKey":"BcYxdFaNrjnP2riAcp9fTmd3INH5yL/Q6bFN49eesYoA","privKey":"ENPxSaijt8CxEbQO8sOf6e3B5nI7JZvZW5Iq72m5ln8="},"lastRemoteEphemeralKey":"BT+TXMrQWhEBoDvqrXEdOzWRT9g/d1ssTVB3v/h7at1k","previousCounter":0,"rootKey":"YO/cRkhNEZ/ylUhbtrgUL8se/09jkAA3/jPjVHuMAqI="},"indexInfo":{"baseKey":"BUH0oSwV9tpGaZ8sjaWeIVGF8CrzFDnq/ZK52OOgvCJX","baseKeyType":1,"closed":-1,"used":1688113169865,"created":1688113169865,"remoteIdentityKey":"BXXz0/EyvsXpId+/llLHyvN+3vXabPHDSYz3bPokO0Yh"},"_chains":{"BcYxdFaNrjnP2riAcp9fTmd3INH5yL/Q6bFN49eesYoA":{"chainKey":{"counter":0,"key":"iYzz8iwVONCOkK4blS75MC3trkqYhEO/X4SzRSHyFO0="},"chainType":1,"messageKeys":{}}},"pendingPreKey":{"signedKeyId":1,"baseKey":"BUH0oSwV9tpGaZ8sjaWeIVGF8CrzFDnq/ZK52OOgvCJX","preKeyId":14369731}}},"version":"v1"}