{"_sessions":{"BaLnZj0kSjkNjTD1h9EkIQDt/KI6jAOYicxGPoHkscUF":{"registrationId":1990646720,"currentRatchet":{"ephemeralKeyPair":{"pubKey":"BY192Zuc0aeato1Iyw5AXulcX/OhFpSlfxMyM0YHCjcr","privKey":"AChEI7rO+vhxw9j87IHiM9poqDI/YozBGoUgZXGsgls="},"lastRemoteEphemeralKey":"BaMo7iT2FC4tkOZzMpvOx9UmCZaLZNWUJu3Lisg4TXMP","previousCounter":0,"rootKey":"0AJjdhClfoTnoeJVvA32dATgnIHYzqBHw9e+qwzRqDs="},"indexInfo":{"baseKey":"BaLnZj0kSjkNjTD1h9EkIQDt/KI6jAOYicxGPoHkscUF","baseKeyType":1,"closed":-1,"used":1688113169489,"created":1688113169489,"remoteIdentityKey":"BSGoznt7cw8dlcLqs9L34gd5BpUEASa20Kwlt2ZKmSlc"},"_chains":{"BY192Zuc0aeato1Iyw5AXulcX/OhFpSlfxMyM0YHCjcr":{"chainKey":{"counter":0,"key":"wZrXkj8HL9Lhv5ricw85kZMOmMq7KygR3ZUye4RPfA0="},"chainType":1,"messageKeys":{}}},"pendingPreKey":{"signedKeyId":1,"baseKey":"BaLnZj0kSjkNjTD1h9EkIQDt/KI6jAOYicxGPoHkscUF","preKeyId":5363568}}},"version":"v1"}