{"_sessions":{"BcSGW3NHQWHnQ0eDsaIA0bKsI8ALC+UzaNqpNE9N87sC":{"registrationId":2867,"currentRatchet":{"ephemeralKeyPair":{"pubKey":"BTCbc2F8LRpKtH0Q6bFHPN7usrmDMahHsWpJ8aNuk4Qj","privKey":"yBScu5YBjMo9IpSBSXIWL8/b9dAi9sdvE8rqbTE04mM="},"lastRemoteEphemeralKey":"Baz4H4V7HcPbIBgiJABRaRa8kqm6FcsXu4QJ/ZyxLc9d","previousCounter":0,"rootKey":"0benknO+QaK946qGFH5SEBPca0Uk1YJ5b0NVqX+uTtg="},"indexInfo":{"baseKey":"BcSGW3NHQWHnQ0eDsaIA0bKsI8ALC+UzaNqpNE9N87sC","baseKeyType":1,"closed":-1,"used":1688110856023,"created":1688110856023,"remoteIdentityKey":"BXXa2B7vpC3TLGU2WYxQdA5OJfRGarXaZM98JLQZgFhu"},"_chains":{"BTCbc2F8LRpKtH0Q6bFHPN7usrmDMahHsWpJ8aNuk4Qj":{"chainKey":{"counter":34,"key":"7/NfQWc21HZVtVxfa/fFtqaZgGb1+3AFsoC1q/TN+E4="},"chainType":1,"messageKeys":{}}},"pendingPreKey":{"signedKeyId":1,"baseKey":"BcSGW3NHQWHnQ0eDsaIA0bKsI8ALC+UzaNqpNE9N87sC","preKeyId":108}}},"version":"v1"}