{"_sessions":{"BX4lJ7Koh8b5IcNHy+A+wtKpvydVtmDLBl83ZU0Wkngt":{"registrationId":1554163957,"currentRatchet":{"ephemeralKeyPair":{"pubKey":"BeNodFkuBLdBV948duZ+pc28esjw5TOBdJclJhfKqopd","privKey":"IHoUOnaQBvTkOrPFC7TOCPGq3XEwTOF7yy9AEK/vlH8="},"lastRemoteEphemeralKey":"BUhBvQ3JXhc/9GvJm6fHRyMgvefuvczLBAL1jB71+EE4","previousCounter":0,"rootKey":"6f0Da6tkF6O6SR7djV30tCOZaNpyFNqSn3U8dGYudM4="},"indexInfo":{"baseKey":"BX4lJ7Koh8b5IcNHy+A+wtKpvydVtmDLBl83ZU0Wkngt","baseKeyType":1,"closed":-1,"used":1688113170311,"created":1688113170311,"remoteIdentityKey":"Bdinej1nowgrIFjK3GaW4uYut3FXzb88AxCPA0c8MJ8l"},"_chains":{"BeNodFkuBLdBV948duZ+pc28esjw5TOBdJclJhfKqopd":{"chainKey":{"counter":0,"key":"KyczYvXhdqDDHJxuFZXzvr2JQms+umJEBs0R9WWPOvU="},"chainType":1,"messageKeys":{}}},"pendingPreKey":{"signedKeyId":7,"baseKey":"BX4lJ7Koh8b5IcNHy+A+wtKpvydVtmDLBl83ZU0Wkngt","preKeyId":10904874}}},"version":"v1"}