{"_sessions":{"BfrPYx/qWcGesbdEG9eo0yoJYQaOaA/NNzyJ5PbNl5xA":{"registrationId":1848272221,"currentRatchet":{"ephemeralKeyPair":{"pubKey":"BeB30O7p3Wq500MDsp1uDPmNLBpa3+2GvkAp/PVxj4EX","privKey":"SFB5NDsUe7t8yeHgclaXLV+rfVnu4nsRf7om4ejcYWY="},"lastRemoteEphemeralKey":"BazbG6CjbsH6/2yiGIb2wwKWsNJQFj83p+uQMjuWSMgx","previousCounter":0,"rootKey":"nWI6PZ15LKkEKYX1zJBK905hFNc0t7gFMqE2ihOntSc="},"indexInfo":{"baseKey":"BfrPYx/qWcGesbdEG9eo0yoJYQaOaA/NNzyJ5PbNl5xA","baseKeyType":1,"closed":-1,"used":1688113170626,"created":1688113170626,"remoteIdentityKey":"Baaur6DbvKTwjR61OMZMSskDa+0nD/FisZZi9/Ir/Z80"},"_chains":{"BeB30O7p3Wq500MDsp1uDPmNLBpa3+2GvkAp/PVxj4EX":{"chainKey":{"counter":0,"key":"0HNf4a1bAol/KcUWha8Sh9PmahNa2LvG5h0T+xVrJro="},"chainType":1,"messageKeys":{}}},"pendingPreKey":{"signedKeyId":13,"baseKey":"BfrPYx/qWcGesbdEG9eo0yoJYQaOaA/NNzyJ5PbNl5xA"}}},"version":"v1"}