{"_sessions":{"BTRaaSvQfI4Bz9UFVojUIB2pa/+hdQh4o+3zEXICfjhV":{"registrationId":2026962997,"currentRatchet":{"ephemeralKeyPair":{"pubKey":"BUWI4Qb9YpIihYRvefMqkn0BdLLW1iKg2CBXVXM7XZ8I","privKey":"AB1C92Pi90FmSY42mUwXuu5R9WENt+yGqZXyiGFGAFs="},"lastRemoteEphemeralKey":"BQpSllHIkfNAtDzMUmgKGfL+y4ZNnaTyyk3o42KZ008s","previousCounter":0,"rootKey":"KNNZRsjPODKfqnHSYqmCEFlAxNn/Epx+WuvWXYMVr/k="},"indexInfo":{"baseKey":"BTRaaSvQfI4Bz9UFVojUIB2pa/+hdQh4o+3zEXICfjhV","baseKeyType":1,"closed":-1,"used":1688113169896,"created":1688113169896,"remoteIdentityKey":"Bf9fer9eJKBGhsaysOuDlmYslRU8G7uaBJ380d8zHXN/"},"_chains":{"BUWI4Qb9YpIihYRvefMqkn0BdLLW1iKg2CBXVXM7XZ8I":{"chainKey":{"counter":0,"key":"JP9zuvdIrBWlV25oM605AD3kls8wKlZpRNzradT5PgE="},"chainType":1,"messageKeys":{}}},"pendingPreKey":{"signedKeyId":0,"baseKey":"BTRaaSvQfI4Bz9UFVojUIB2pa/+hdQh4o+3zEXICfjhV"}}},"version":"v1"}