{"_sessions":{"BdOih+K7SFjs+R9aQFWJpsUO0OFbvNKt+7DJZ/8hhSg8":{"registrationId":522826547,"currentRatchet":{"ephemeralKeyPair":{"pubKey":"Beu3T1bmjCDOX6p2YFJoestesTsfOBmTmYrF90QlkY5X","privKey":"0ExsGp+XMhGGQL6EjhGr7pOGHYRUG6uWmZYFPF1cEHw="},"lastRemoteEphemeralKey":"BdEgjM59+23mbLAFFM29mkZLhBfG14VNvOc6+WpXRGhX","previousCounter":0,"rootKey":"jBlGV3XyoZdLSVOe4CYoDdY8twBtnSrZAhZMXYMlntQ="},"indexInfo":{"baseKey":"BdOih+K7SFjs+R9aQFWJpsUO0OFbvNKt+7DJZ/8hhSg8","baseKeyType":1,"closed":-1,"used":1688113169909,"created":1688113169909,"remoteIdentityKey":"BbOOOf14oi2EzG2BfE6C1L/V+v4cdzD2Bs85zNigbOwO"},"_chains":{"Beu3T1bmjCDOX6p2YFJoestesTsfOBmTmYrF90QlkY5X":{"chainKey":{"counter":0,"key":"5YdWCWkK5jATUK3a+/Djf0krcAxTn8plaOsHJZvMicM="},"chainType":1,"messageKeys":{}}},"pendingPreKey":{"signedKeyId":7,"baseKey":"BdOih+K7SFjs+R9aQFWJpsUO0OFbvNKt+7DJZ/8hhSg8","preKeyId":10037468}}},"version":"v1"}