{"_sessions":{"BWtdRmXgTTNmIq1D7So+OjxacBzn2bzQ1ZiM7ThjpbQr":{"registrationId":935877926,"currentRatchet":{"ephemeralKeyPair":{"pubKey":"BYDXEBKBAZ3G0Pbkc0dv25JEaQgW8XH2QfjH8LdXAMJJ","privKey":"oMeQdRZymqPWaRg1MJCQZi/MAJ9VBVcZBgyl/2UjPWE="},"lastRemoteEphemeralKey":"BdvsO5rplbCca5FQV99j8KFr0YLBvHQtpe9Qgc6mJr0u","previousCounter":0,"rootKey":"5D72ClFSE7dZCCGwekObFbb0zB5ECs8fkR4gWlWg4jk="},"indexInfo":{"baseKey":"BWtdRmXgTTNmIq1D7So+OjxacBzn2bzQ1ZiM7ThjpbQr","baseKeyType":1,"closed":-1,"used":1688113169798,"created":1688113169798,"remoteIdentityKey":"BUxU244fz4f35A4bYuCgqxxRmTIhrn8s5ifLNa3TllZb"},"_chains":{"BYDXEBKBAZ3G0Pbkc0dv25JEaQgW8XH2QfjH8LdXAMJJ":{"chainKey":{"counter":0,"key":"gPgI7WNf2bk458bncqGG3uJP645bLROIUd39WO7VQGw="},"chainType":1,"messageKeys":{}}},"pendingPreKey":{"signedKeyId":4,"baseKey":"BWtdRmXgTTNmIq1D7So+OjxacBzn2bzQ1ZiM7ThjpbQr","preKeyId":7761105}}},"version":"v1"}