{"_sessions":{"BTQ6UCCPJ55Ry8rOyR4NJrdVrd6K6r4QtvZ2H5vG64t8":{"registrationId":200915426,"currentRatchet":{"ephemeralKeyPair":{"pubKey":"Bb+lhT9BLAmqxwRHh+Av3tqhh5//TKe7geW83GTvCSdC","privKey":"eK12PM9b2cz9akiMeG/q98WecgwyE8YI7JIk9DDP8Ek="},"lastRemoteEphemeralKey":"BUwfYzbFdh4or5M9xP1sOdTupSdur0KMstEqLMA2QRVw","previousCounter":0,"rootKey":"jvHnJUTNX2RSeJSM9LLz9U0HaBUv/wA19rkSnxWZGn8="},"indexInfo":{"baseKey":"BTQ6UCCPJ55Ry8rOyR4NJrdVrd6K6r4QtvZ2H5vG64t8","baseKeyType":1,"closed":-1,"used":1688113170910,"created":1688113170910,"remoteIdentityKey":"Bb98z6GXX8AZLKY54rIOeRV+X6SHsedeFuPA1cbKLe9v"},"_chains":{"Bb+lhT9BLAmqxwRHh+Av3tqhh5//TKe7geW83GTvCSdC":{"chainKey":{"counter":0,"key":"oFjEXRX2XpESm5qWgRhrXwACjaMdZk0ezN/Z72R3BoI="},"chainType":1,"messageKeys":{}}},"pendingPreKey":{"signedKeyId":1,"baseKey":"BTQ6UCCPJ55Ry8rOyR4NJrdVrd6K6r4QtvZ2H5vG64t8","preKeyId":2088112}}},"version":"v1"}