{"_sessions":{"BeN87lCYYgNyH+uH7zJSuAyavBVPBFQc4RiDfh2ZZwRE":{"registrationId":10697,"currentRatchet":{"ephemeralKeyPair":{"pubKey":"BdQ3ZCY+MPoP45qXhWgq1fraG6OsJh+ZVXSsS0bzsSF9","privKey":"YJNfI/mpnePXZPhfF4sFV79PXKY/vH6YPrlbBguuZkI="},"lastRemoteEphemeralKey":"BYNHQdhohFudrUuk073UL3suc1Yy9IPbYs5neDxvpuAF","previousCounter":0,"rootKey":"OE9jsUCeMLiaLaz2F/kO/84EztwfdQ++Tbeq/PpTOcg="},"indexInfo":{"baseKey":"BeN87lCYYgNyH+uH7zJSuAyavBVPBFQc4RiDfh2ZZwRE","baseKeyType":1,"closed":-1,"used":1688113169537,"created":1688113169537,"remoteIdentityKey":"BUkmCicvnwFrgtlUeDz3mBIub/LiEa9CCXohDH/qztEb"},"_chains":{"BdQ3ZCY+MPoP45qXhWgq1fraG6OsJh+ZVXSsS0bzsSF9":{"chainKey":{"counter":0,"key":"K3zxXEhjZ+iJA/lpFhlyZ/QHjMbxttbNsNykeLic7gg="},"chainType":1,"messageKeys":{}}},"pendingPreKey":{"signedKeyId":1,"baseKey":"BeN87lCYYgNyH+uH7zJSuAyavBVPBFQc4RiDfh2ZZwRE","preKeyId":722}}},"version":"v1"}