{"_sessions":{"BTBXDVpjUruM20GnlR+i82keG2MS1NkjkObdY/5DU9Bz":{"registrationId":62279411,"currentRatchet":{"ephemeralKeyPair":{"pubKey":"BS6fW4qmY+k0b1BYQ4DhoB/CMDXcRGtR1XUVKmNbLKlM","privKey":"ABBw5yt7m/BsJdNBv9z+D84BNMUQdLOIQzOHJaF4tE0="},"lastRemoteEphemeralKey":"BcWTqnlLQxFGZyqKmbow62SYIR+51FjCLbVQpAca5wAW","previousCounter":0,"rootKey":"+xnk9+H4AohUsliE1+kcesH0bldBOlqQ60jTyizKzTc="},"indexInfo":{"baseKey":"BTBXDVpjUruM20GnlR+i82keG2MS1NkjkObdY/5DU9Bz","baseKeyType":1,"closed":-1,"used":1688113170980,"created":1688113170980,"remoteIdentityKey":"BYzKV1b1SjBqpZkzk+4eZvSlTJWTRJ8lj5G6QbiTI/JZ"},"_chains":{"BS6fW4qmY+k0b1BYQ4DhoB/CMDXcRGtR1XUVKmNbLKlM":{"chainKey":{"counter":0,"key":"Y0buD4zeeGP+PwaPIq7Xi4Tm6yDu0kc3KDSIqkU/QZ4="},"chainType":1,"messageKeys":{}}},"pendingPreKey":{"signedKeyId":3,"baseKey":"BTBXDVpjUruM20GnlR+i82keG2MS1NkjkObdY/5DU9Bz","preKeyId":2250528}}},"version":"v1"}