{"_sessions":{"BVVvcNjchFjSHgN7I/d3QDRhEXBGrlBKuEFJJMN2R7tc":{"registrationId":5208,"currentRatchet":{"ephemeralKeyPair":{"pubKey":"BYxkC7El6euAW1bQzjrdnMmhOiq09Bxk0FrpNgprdJYU","privKey":"2FXEoJ4CkuUIIvg1XxWxYrW5o6JQhIC2nYeqrNgKGlw="},"lastRemoteEphemeralKey":"BReAuL9qYwHJ+rw8Sk2TP5hSdsQY8UuyDa3VEjL/Y34P","previousCounter":0,"rootKey":"pnwJdEoPmwVHUCDCk2wLJqZY3ud57z8F7LY3gNL6sdI="},"indexInfo":{"baseKey":"BVVvcNjchFjSHgN7I/d3QDRhEXBGrlBKuEFJJMN2R7tc","baseKeyType":1,"closed":-1,"used":1688113169444,"created":1688113169444,"remoteIdentityKey":"Bf5uQ7g7kER+tkKJhmGX5yF4j5udH9jp56UCkC+wEdtS"},"_chains":{"BYxkC7El6euAW1bQzjrdnMmhOiq09Bxk0FrpNgprdJYU":{"chainKey":{"counter":0,"key":"B5LYjC6Tof5JtUFiXEfJiRN7bRrWZFtq4BpQOKpWLVo="},"chainType":1,"messageKeys":{}}},"pendingPreKey":{"signedKeyId":1,"baseKey":"BVVvcNjchFjSHgN7I/d3QDRhEXBGrlBKuEFJJMN2R7tc"}}},"version":"v1"}