{"_sessions":{"BY8tTQSwXN0UvrUHIWlthemZn59cIkXWfIraW1EWObIm":{"registrationId":639676840,"currentRatchet":{"ephemeralKeyPair":{"pubKey":"BQnXDDWPY8G1sMFme1xfNdWDCXViNWs1Y7gTdhPtT7wl","privKey":"MEZpfNAyQHiGsHdUI0rWL4NSc8tt4h11/GBEupiGunU="},"lastRemoteEphemeralKey":"BVSziTu+FK/Y+O5QuECzEWLCuZYaUjeQk/E8tg5XInBG","previousCounter":0,"rootKey":"eyMTfwBH5PkCJDEJFhZgz78pue60+j/8uZepKF5xkbY="},"indexInfo":{"baseKey":"BY8tTQSwXN0UvrUHIWlthemZn59cIkXWfIraW1EWObIm","baseKeyType":1,"closed":-1,"used":1688113170096,"created":1688113170096,"remoteIdentityKey":"BR7f51JkMBr5M4N1qEqPx3EygjV8CkLi3XagBYjTCH9p"},"_chains":{"BQnXDDWPY8G1sMFme1xfNdWDCXViNWs1Y7gTdhPtT7wl":{"chainKey":{"counter":0,"key":"K8F0Ez4okzH/E4aS0ir3TRAqEHRyu+68iDPKzl997RI="},"chainType":1,"messageKeys":{}}},"pendingPreKey":{"signedKeyId":5,"baseKey":"BY8tTQSwXN0UvrUHIWlthemZn59cIkXWfIraW1EWObIm","preKeyId":1782357}}},"version":"v1"}