{"_sessions":{"BWR5u9sFvYufYyPlB20d6wjnPgpqboh4rMQL5zVOGoo7":{"registrationId":6399,"currentRatchet":{"ephemeralKeyPair":{"pubKey":"Bb34SJjUvEJ001deXYIg6jbAKzyf8sySvhhowre8LUNp","privKey":"0Ls4Ue5cXlygIw7J9Xscl+kBsBrParkuPjtjQJsJm0Y="},"lastRemoteEphemeralKey":"BRUWtUuL8Y7SeFN85XRKPEN3prWCV078ICVYwk+S8QNC","previousCounter":0,"rootKey":"8rc+azLwdyE/ugJmiEfxNJEVBX3LVczJ4Tg/gZiLZW4="},"indexInfo":{"baseKey":"BWR5u9sFvYufYyPlB20d6wjnPgpqboh4rMQL5zVOGoo7","baseKeyType":1,"closed":-1,"used":1688113169583,"created":1688113169583,"remoteIdentityKey":"BXczqMqhATDa0XUQG06a7JQycCZG5yZc6xI5Ggoag/wq"},"_chains":{"Bb34SJjUvEJ001deXYIg6jbAKzyf8sySvhhowre8LUNp":{"chainKey":{"counter":0,"key":"vmXqd4h2dxefKbHkYNQk+j2qV7eQ99qb7vOeWo46MDg="},"chainType":1,"messageKeys":{}}},"pendingPreKey":{"signedKeyId":1,"baseKey":"BWR5u9sFvYufYyPlB20d6wjnPgpqboh4rMQL5zVOGoo7","preKeyId":2544}}},"version":"v1"}