{"_sessions":{"BSXauktqbaqCkJ+oXIrYIq66IGPp/Mbv8ioXdD2r/09V":{"registrationId":1695776767,"currentRatchet":{"ephemeralKeyPair":{"pubKey":"BUmpJRdkuaZHFZRKlXFG4TMMYXxYjGCAW4PubNpTEqgR","privKey":"QOLd8tQT171hpJD7T6HPSSwc7xR1d+5g28zAL62wtmo="},"lastRemoteEphemeralKey":"BcmS+dRBzJYy8r2qUwDrCI7JN05rhX96hQrwIlOgURpc","previousCounter":0,"rootKey":"MHwcz/2PYXnv7DTfoPG3Vv7aFmp3IDGpu3thzpsleAo="},"indexInfo":{"baseKey":"BSXauktqbaqCkJ+oXIrYIq66IGPp/Mbv8ioXdD2r/09V","baseKeyType":1,"closed":-1,"used":1688113170286,"created":1688113170286,"remoteIdentityKey":"BZMmf+S7/CcuFl1ytilZy7/aRJMTwF0qLhe20joLUZRc"},"_chains":{"BUmpJRdkuaZHFZRKlXFG4TMMYXxYjGCAW4PubNpTEqgR":{"chainKey":{"counter":0,"key":"9WsKwIdrp9Y6uxSXDuFtrusMjtbHWcHYKPuStRnR69w="},"chainType":1,"messageKeys":{}}},"pendingPreKey":{"signedKeyId":0,"baseKey":"BSXauktqbaqCkJ+oXIrYIq66IGPp/Mbv8ioXdD2r/09V","preKeyId":5268219}}},"version":"v1"}