{"_sessions":{"BadqcbjGCpjZadEZeQAABqT6a2aOvIwjFY5ggyVAZ/NV":{"registrationId":1219022775,"currentRatchet":{"ephemeralKeyPair":{"pubKey":"BYLlO3+NqC2AonqvhSICwqtn7HaaLgexbKNcIwWUKW9p","privKey":"aCGUMBcX+zxSZSzcCQZbBpnsJf6+n1aFMg2rhR1PEm4="},"lastRemoteEphemeralKey":"BetxZ0cBu/u9f487Cv1uoxCBJP8t3gEh2nJwFfhWo2Vz","previousCounter":0,"rootKey":"wPoIoeuBPY9rTDyagJB5gC+mOfCS242E5gDj2JnzGmw="},"indexInfo":{"baseKey":"BadqcbjGCpjZadEZeQAABqT6a2aOvIwjFY5ggyVAZ/NV","baseKeyType":1,"closed":-1,"used":1688113170400,"created":1688113170400,"remoteIdentityKey":"BWOTflXD95Y/gTx1Br+0P8/P7y5QZt2xWhAeXKlSTNg9"},"_chains":{"BYLlO3+NqC2AonqvhSICwqtn7HaaLgexbKNcIwWUKW9p":{"chainKey":{"counter":0,"key":"hrQNp955QfjNta/Mx/NxtDzcCp01fgzYFUwwvx3Pmy0="},"chainType":1,"messageKeys":{}}},"pendingPreKey":{"signedKeyId":5,"baseKey":"BadqcbjGCpjZadEZeQAABqT6a2aOvIwjFY5ggyVAZ/NV","preKeyId":1862055}}},"version":"v1"}