{"_sessions":{"BTY2lS152yKXKc6LFNBDvCsPBZQNmFM4wP29ZEZda9oN":{"registrationId":253,"currentRatchet":{"ephemeralKeyPair":{"pubKey":"BThDXhEreoZo17jNpHtHgHncNRWxPXup0Aj1R8PqEkNj","privKey":"mPYnMyGDlHzQ9SSK1Nz/471D7d0i0zPms85wMw5xPkY="},"lastRemoteEphemeralKey":"BTG2ycIu9icEkmmjgD68zkMWbvGM2f3LUMnkyp3ghn9H","previousCounter":0,"rootKey":"hpMr3Asy/oHKB4wtRzloFziEyDCpYFySbZNFbF5vcgg="},"indexInfo":{"baseKey":"BTY2lS152yKXKc6LFNBDvCsPBZQNmFM4wP29ZEZda9oN","baseKeyType":1,"closed":-1,"used":1688113169329,"created":1688113169329,"remoteIdentityKey":"BW3dbj/pbqJhZQUgrtMO4FROVQIgdDdjqo9zUhkQVDon"},"_chains":{"BThDXhEreoZo17jNpHtHgHncNRWxPXup0Aj1R8PqEkNj":{"chainKey":{"counter":0,"key":"OGLnz0HNZ2vSGUzoPDFaPcuucgPJB9cDwWPVPGZHEHM="},"chainType":1,"messageKeys":{}}},"pendingPreKey":{"signedKeyId":1,"baseKey":"BTY2lS152yKXKc6LFNBDvCsPBZQNmFM4wP29ZEZda9oN"}}},"version":"v1"}