{"_sessions":{"BU7Y9GhykeNcacOH0AllXxQ8ISulavbL1x3q7zkk0WJx":{"registrationId":1143459405,"currentRatchet":{"ephemeralKeyPair":{"pubKey":"BczXg+3A5pBDhPFnEO0hZjCFLPwSJcYkBZjgHz1MFEBD","privKey":"sO/YV99YutA8IYRsfsRaZek3305Vfwzo2cv1SgrulUw="},"lastRemoteEphemeralKey":"BfaPA3/jV7Vch0D7q1HUs7QXiIa4/rioPuXFMbWP4gIE","previousCounter":0,"rootKey":"fLKc9/7HuPArTvg5WBl4s4ycWOxSe2I5c4FN36/Kkf0="},"indexInfo":{"baseKey":"BU7Y9GhykeNcacOH0AllXxQ8ISulavbL1x3q7zkk0WJx","baseKeyType":1,"closed":-1,"used":1688113170341,"created":1688113170341,"remoteIdentityKey":"BSoebwtLQaxWFy4vatepk05jQMIBzRnSLqMYCyY4iNEz"},"_chains":{"BczXg+3A5pBDhPFnEO0hZjCFLPwSJcYkBZjgHz1MFEBD":{"chainKey":{"counter":0,"key":"nJZ4zIQWX8wL3BmbkhdG+Z09p1Xg16L68DCuOqNyOGI="},"chainType":1,"messageKeys":{}}},"pendingPreKey":{"signedKeyId":2,"baseKey":"BU7Y9GhykeNcacOH0AllXxQ8ISulavbL1x3q7zkk0WJx","preKeyId":13954155}}},"version":"v1"}