{"_sessions":{"BY/aDic/ANHocHozs7tIFFEc3qkOE0eME5airFEh9NNt":{"registrationId":479321197,"currentRatchet":{"ephemeralKeyPair":{"pubKey":"BafFkJaoylkQvD+HGr4z+eBZZZ89TltllZfrvC5VqKpp","privKey":"cMTvVzhfax1PlU/BpH3WV9XfDdSFKpOJYSENmKeh028="},"lastRemoteEphemeralKey":"BU+6Aew2WY99frPyJjTRzlKLEPsi6eA4pBd3+3lZivVj","previousCounter":0,"rootKey":"hxRaaawcBEq/bDaJbuLI4NFoSiZ3Bnnsuxbd7BrSMC8="},"indexInfo":{"baseKey":"BY/aDic/ANHocHozs7tIFFEc3qkOE0eME5airFEh9NNt","baseKeyType":1,"closed":-1,"used":1688113169260,"created":1688113169260,"remoteIdentityKey":"BUUe9UsgrlY6YG2TvGrtW6aAil4sXgBCByvKjuyu6HYC"},"_chains":{"BafFkJaoylkQvD+HGr4z+eBZZZ89TltllZfrvC5VqKpp":{"chainKey":{"counter":0,"key":"UW/KXr0agTemOksplP+x71s8ukQyiyoavT3X9d0Stgk="},"chainType":1,"messageKeys":{}}},"pendingPreKey":{"signedKeyId":1,"baseKey":"BY/aDic/ANHocHozs7tIFFEc3qkOE0eME5airFEh9NNt"}}},"version":"v1"}