{"_sessions":{"BcNWapEKbMVtd6kC+xRJ1beNgoPS/+KpPJjwWRbEzwFm":{"registrationId":1913956202,"currentRatchet":{"ephemeralKeyPair":{"pubKey":"Bd1/Xo4zf/hNJeZNNplCQ4uy8BMkLrFq4nty2t7KiFx7","privKey":"GAwScYc+PDg+j1cr9ZlF2b1uaclJ4Sw9UGqUDCX7Nks="},"lastRemoteEphemeralKey":"BTCTHPLchyW4NAxcPcbUWfdPw649wuaAOxyYA7VXG80k","previousCounter":0,"rootKey":"AtmtDmIT3Qo5S0+oN+wMpumFoXbkJH9gZp63u0HwkSE="},"indexInfo":{"baseKey":"BcNWapEKbMVtd6kC+xRJ1beNgoPS/+KpPJjwWRbEzwFm","baseKeyType":1,"closed":-1,"used":1688113170546,"created":1688113170546,"remoteIdentityKey":"Bb4lmuYGSP8WdRU1YXmAszoKzhbYFyNsyTsRZUE7SNZt"},"_chains":{"Bd1/Xo4zf/hNJeZNNplCQ4uy8BMkLrFq4nty2t7KiFx7":{"chainKey":{"counter":0,"key":"1miyXgnDk2N43ypR7DCI6FvQRxcS+l3TDqBncgAtW1k="},"chainType":1,"messageKeys":{}}},"pendingPreKey":{"signedKeyId":4,"baseKey":"BcNWapEKbMVtd6kC+xRJ1beNgoPS/+KpPJjwWRbEzwFm","preKeyId":10346901}}},"version":"v1"}