{"_sessions":{"BajXGJQ9QjVi7Xu3JM55bVsoeGULTOt2plEhBUmFWs58":{"registrationId":638580838,"currentRatchet":{"ephemeralKeyPair":{"pubKey":"BZUmddKVfJhGTTId8sPCIBOHK0Ajbi28NcHStVstjREN","privKey":"aM9AsOIAoqVH6JyuhawHufgBGggkom4HzE/lfInoung="},"lastRemoteEphemeralKey":"BcLBZfhuhfsv8mFE8x/PFf9+y5fZhzfpPEhUA026J7BO","previousCounter":0,"rootKey":"B5jurmGqHw6jQF2/95ENS777cRs5ZfsalqY5c9cjDJc="},"indexInfo":{"baseKey":"BajXGJQ9QjVi7Xu3JM55bVsoeGULTOt2plEhBUmFWs58","baseKeyType":2,"closed":-1,"used":1688114388797,"created":1688110900163,"remoteIdentityKey":"BSr0AeKcy+pzFdEzPKD0IFWMCWnejKkgMnsUQSxvaxMw"},"_chains":{"BWM/RCncgOBFUqqu6uWR8O0nAB+8oCUBMLJUA6YP5Ip6":{"chainKey":{"counter":4},"chainType":2,"messageKeys":{}},"BeGBgG9JW0pbh/nNywS531/GP61+AhfkKG8UDFHn+KBM":{"chainKey":{"counter":0},"chainType":2,"messageKeys":{}},"BX6B4Z56C0i1G0b+PuLNMNGXBxN3ubhCVfhZwJuoAsRx":{"chainKey":{"counter":0},"chainType":2,"messageKeys":{}},"BQcxGwpSBTI43tV8H+/61/sRECAMn2/1u1rrKujV1oQO":{"chainKey":{"counter":0},"chainType":2,"messageKeys":{}},"BdfXGWy+FyUmk38UR0OVLUSLssgp6VLig+hV+vDwhQcT":{"chainKey":{"counter":0},"chainType":2,"messageKeys":{}},"BUSV2GXLFUi7NyCkpjAYwIn0V26JFH1HqR7huoPfx79I":{"chainKey":{"counter":0},"chainType":2,"messageKeys":{}},"BbLwZIt0qy1KHNsz1pJU+Qb1U0S4zRRVUkvSTpF6uLVh":{"chainKey":{"counter":0},"chainType":2,"messageKeys":{}},"Bb2ztpTP3d+akNQQ+VL86M7vj0dbp/nbuDz+LyWTQ60N":{"chainKey":{"counter":0},"chainType":2,"messageKeys":{}},"BfDzIv4h3wT3Du4pR0pBE42kyw0zlKKw6HcOA0xQV6Jk":{"chainKey":{"counter":0},"chainType":2,"messageKeys":{}},"BR/e1T/1YaQktURgE/djCP3zEi7pUtsvWtL7F9nMOSQM":{"chainKey":{"counter":0},"chainType":2,"messageKeys":{}},"BSwRjloYhVKmGx0vMEtILj00LLIh0uRQ1CJbQo/hDetW":{"chainKey":{"counter":0},"chainType":2,"messageKeys":{}},"BS+8ZQHg6yUB29PBWZo73BXoIAYrhKWjT3n1pc5VpK8j":{"chainKey":{"counter":3},"chainType":2,"messageKeys":{}},"BfznK/8wj7wIithVfwWMKRuNUTPKUMgwNEOEeVBxbNpc":{"chainKey":{"counter":2},"chainType":2,"messageKeys":{}},"BYo3/ve2WxjhtzLoR8tcaKJlrWsRSHRkHtz5BLiZ0hh6":{"chainKey":{"counter":1},"chainType":2,"messageKeys":{}},"BXqwSRZ5ysYYuq7lQovBDwfwrBZSHhAV2nuu0G2TzigQ":{"chainKey":{"counter":0},"chainType":2,"messageKeys":{}},"BeQU5CEqhMSJ+SNYT1mu+GXryRopevMdy4t+nEaUeDtB":{"chainKey":{"counter":1},"chainType":2,"messageKeys":{}},"BRi/z7hyXNgBLzVKP85snCBGFb5L1/1dai+A4+wh+ywA":{"chainKey":{"counter":0},"chainType":2,"messageKeys":{}},"Bbn2l/H/1Hx/0y6jP+5fMzo8g9TeIIsWMD9VY8rKHVUn":{"chainKey":{"counter":0},"chainType":2,"messageKeys":{}},"BUh420jQbhhP3DxlN8p5cDn8l2wxBp8Lsmx0c87mjV4H":{"chainKey":{"counter":2},"chainType":2,"messageKeys":{}},"BUNVr1ukHZjuOGXGsKI2F5lcSD1aDBvIXzzCQ96Jswl3":{"chainKey":{"counter":1},"chainType":2,"messageKeys":{}},"BbTLwqGLr5OmRDWFijcZhRpSJ5HNHCN0KlQ5nSzl9a8i":{"chainKey":{"counter":2},"chainType":2,"messageKeys":{}},"BRI5amPIEV31enaPP1RFO/+GDVcQY6xP9A1wBvuB5Lpw":{"chainKey":{"counter":0},"chainType":2,"messageKeys":{}},"Ba4onqx+8WDaaDRU7SmTM5ekzXK3tnxWmzlwljzUYeci":{"chainKey":{"counter":0},"chainType":2,"messageKeys":{}},"BfGGEhptwsBne5Gm8WWDFsyNMnluAh5vrbQmlXClIyZn":{"chainKey":{"counter":0},"chainType":2,"messageKeys":{}},"BYj2Bs5cvDt9/uTWhprVIaCyBx4q23sHQkd8Y/Q/fOxz":{"chainKey":{"counter":0},"chainType":2,"messageKeys":{}},"BcLBZfhuhfsv8mFE8x/PFf9+y5fZhzfpPEhUA026J7BO":{"chainKey":{"counter":0,"key":"YrZJpUmzHFxncHOjbMdC4znTouJu+CZ+XD8tbGEh5EY="},"chainType":2,"messageKeys":{}},"BZUmddKVfJhGTTId8sPCIBOHK0Ajbi28NcHStVstjREN":{"chainKey":{"counter":0,"key":"9PHHOs7VUBdVM95wicss/vFJolWvSNz7bE4ApbJRHXU="},"chainType":1,"messageKeys":{}}}}},"version":"v1"}