{"_sessions":{"Bc3ZPRVLGVYq1zcM9YoEQuqEg8JsEkC+/39bYQ6eTqtX":{"registrationId":441421300,"currentRatchet":{"ephemeralKeyPair":{"pubKey":"BaCxoW0OQ3jPbRAhIVMeKkf4Zt4qrgS7I8gsVbfw/wox","privKey":"QLT699an5Ylf2Dl3qsklWDCapo90Kv1+At7OL1Egik8="},"lastRemoteEphemeralKey":"BSNcHjUohdnkg6gUScxBs9tBF5lrYvPZ03Du3WPBo5hS","previousCounter":0,"rootKey":"ITtK/Qqhp3kBiWg2iTgj/S1p8PWljmFcHhh6rgwQiFk="},"indexInfo":{"baseKey":"Bc3ZPRVLGVYq1zcM9YoEQuqEg8JsEkC+/39bYQ6eTqtX","baseKeyType":1,"closed":-1,"used":1688113169572,"created":1688113169572,"remoteIdentityKey":"BclCC8uYgh6I2YI2Y5U+cDnlA3Ee8pue/CbjvxRG6z18"},"_chains":{"BaCxoW0OQ3jPbRAhIVMeKkf4Zt4qrgS7I8gsVbfw/wox":{"chainKey":{"counter":0,"key":"5WDAi8QCblFcCPQNGuIG3Belx6gs1Ip3TYg12+A3hHs="},"chainType":1,"messageKeys":{}}},"pendingPreKey":{"signedKeyId":1,"baseKey":"Bc3ZPRVLGVYq1zcM9YoEQuqEg8JsEkC+/39bYQ6eTqtX","preKeyId":4004862}}},"version":"v1"}