{"_sessions":{"BalJkGiFWh4/ArymsYpzRHXSQu1+aavL5Otjf9eUKvxt":{"registrationId":2049,"currentRatchet":{"ephemeralKeyPair":{"pubKey":"BaKFikJQqroUrlwA369CBpulQtzRlVYGI0C5maVBHlk8","privKey":"uMInXrAbhZg1L85t3L6pa9URrgjtYHTbhmxuQvjMBGE="},"lastRemoteEphemeralKey":"BV0ExLKWEjwLEUf1uI0i7Rzu1CfZtRkD1tC+/fg2AoFR","previousCounter":0,"rootKey":"AO44eKmWge3lLqz+9gxLLdWVAKK4VArkvEFN+7EjK2A="},"indexInfo":{"baseKey":"BalJkGiFWh4/ArymsYpzRHXSQu1+aavL5Otjf9eUKvxt","baseKeyType":1,"closed":-1,"used":1688113169427,"created":1688113169427,"remoteIdentityKey":"BZARJM9nw3s+VhIp2LnP03lZ5IUMMftUji0Q8Ctv+wQQ"},"_chains":{"BaKFikJQqroUrlwA369CBpulQtzRlVYGI0C5maVBHlk8":{"chainKey":{"counter":0,"key":"mvHqZWH6yHOUUFJAiq8zo9ozK/jux6pVo4f4IkpF6Rg="},"chainType":1,"messageKeys":{}}},"pendingPreKey":{"signedKeyId":1,"baseKey":"BalJkGiFWh4/ArymsYpzRHXSQu1+aavL5Otjf9eUKvxt"}}},"version":"v1"}