{"_sessions":{"BZj03NQu0LiQ+Gi+0c4EqUxGLI6sNL7/dQ92d5jxMUM7":{"registrationId":1594330278,"currentRatchet":{"ephemeralKeyPair":{"pubKey":"BadT8fQ7hsrlu4msld27VJW0G9RWkMQmp2pLle9ikW8B","privKey":"GGU4S08j36tPPoqwFzMR38gd3d2lgXrmz+9Kimkzvlw="},"lastRemoteEphemeralKey":"BeIzxXDHeSsXFcdDJnYR6Vv+7e/wsZLrTjnJhFtU/VIy","previousCounter":0,"rootKey":"xe5n46+GuvDxzawNhQJts3f0CUOz1+XnBd8O9bahi4g="},"indexInfo":{"baseKey":"BZj03NQu0LiQ+Gi+0c4EqUxGLI6sNL7/dQ92d5jxMUM7","baseKeyType":1,"closed":-1,"used":1688113169875,"created":1688113169875,"remoteIdentityKey":"BdZfpn+Sx5A37YIcCHki1codvtPlqIkgKBAZ8sQLxus+"},"_chains":{"BadT8fQ7hsrlu4msld27VJW0G9RWkMQmp2pLle9ikW8B":{"chainKey":{"counter":0,"key":"gkVHibxRroJocOR+8BF+byL3uo6Ok+ukeTxzmTc8ylA="},"chainType":1,"messageKeys":{}}},"pendingPreKey":{"signedKeyId":8,"baseKey":"BZj03NQu0LiQ+Gi+0c4EqUxGLI6sNL7/dQ92d5jxMUM7","preKeyId":4075326}}},"version":"v1"}