{"_sessions":{"BVehe3VUq4JB6GTbKctS9ybcstDUCyFrwxjp2Ae2T1sR":{"registrationId":1345496192,"currentRatchet":{"ephemeralKeyPair":{"pubKey":"BVOhkRscXQOg4OD+uQ8PTdNl6fnC62DS8hVrnGbHqdBs","privKey":"INMPDJ8YldSc1rHMMYVjvcMBLU2gU/UojYx8YizxJn8="},"lastRemoteEphemeralKey":"BSzBv5etp7ND2sG7l/PWaktLEr1aL1kgpFfW4t/pUkQb","previousCounter":0,"rootKey":"r/TbT9RMUOssvXJFR/E90AeHD+LHUkKCZMkKKwPPY9Y="},"indexInfo":{"baseKey":"BVehe3VUq4JB6GTbKctS9ybcstDUCyFrwxjp2Ae2T1sR","baseKeyType":1,"closed":-1,"used":1688113170842,"created":1688113170842,"remoteIdentityKey":"BcPRjsg+7R8k0/lu/UGnk4g1+EirT2DTo4SrxEq8APIb"},"_chains":{"BVOhkRscXQOg4OD+uQ8PTdNl6fnC62DS8hVrnGbHqdBs":{"chainKey":{"counter":0,"key":"RkIc/DcUm3rH9v5hIlT5igNtBWGC/7ZvUs9jKCO5a3g="},"chainType":1,"messageKeys":{}}},"pendingPreKey":{"signedKeyId":3,"baseKey":"BVehe3VUq4JB6GTbKctS9ybcstDUCyFrwxjp2Ae2T1sR","preKeyId":5358267}}},"version":"v1"}