{"_sessions":{"Bd0WOf/Vc2AB6w2y1LO2MU0vpt4wX564d/5GiwrdSnQR":{"registrationId":19396235,"currentRatchet":{"ephemeralKeyPair":{"pubKey":"BXAcd2tR/EBXAyz7pWrNYg6MaqtBR7zP8dbLA5yEaVMX","privKey":"qA4H0Wnez+nIMnIKqca0Ov9cvpMJUiph1UcCI5oq7mI="},"lastRemoteEphemeralKey":"BRBxFWVNXNTvtCjLB6t+yNCS7RNez7bsNNKx5lQ9CuA6","previousCounter":0,"rootKey":"E8YqNsJWyHLjX4QDJrxrFoAh+k+GtEaPQ1o2lzP7s90="},"indexInfo":{"baseKey":"Bd0WOf/Vc2AB6w2y1LO2MU0vpt4wX564d/5GiwrdSnQR","baseKeyType":1,"closed":-1,"used":1688113169471,"created":1688113169471,"remoteIdentityKey":"BS5JWhz2F/oCxWTFY3FtYlHNAVXHmgFXehMwRJtuLx9H"},"_chains":{"BXAcd2tR/EBXAyz7pWrNYg6MaqtBR7zP8dbLA5yEaVMX":{"chainKey":{"counter":0,"key":"oMshOsIlXkemejWK5siV8YMoQLAfFOE7trvQgnyiMPI="},"chainType":1,"messageKeys":{}}},"pendingPreKey":{"signedKeyId":1,"baseKey":"Bd0WOf/Vc2AB6w2y1LO2MU0vpt4wX564d/5GiwrdSnQR","preKeyId":4325846}}},"version":"v1"}