{"_sessions":{"BW8hdyLWNmOvhvEuzfjKKXmnx/1vsAbS07XIgHFfvYFY":{"registrationId":123349455,"currentRatchet":{"ephemeralKeyPair":{"pubKey":"BaRaAwf3ZjlWV6pNb9X9kQr6A7YRAQG5l0tLEVqI64tf","privKey":"uOfP51HQ6f6F1btIkIU7HtnpllXE+DZceTMXQbWZqU0="},"lastRemoteEphemeralKey":"BVXsOWFwDuA6xZ4SZMIcieEorRCjP9OZIjrRAb9qnCgg","previousCounter":0,"rootKey":"E4uVfiy+IYeEtoZuWnBg5ndHkrKsJaitRxIANDlThd0="},"indexInfo":{"baseKey":"BW8hdyLWNmOvhvEuzfjKKXmnx/1vsAbS07XIgHFfvYFY","baseKeyType":1,"closed":-1,"used":1688113170575,"created":1688113170575,"remoteIdentityKey":"BdD2OQ+xsfRMjmcuZ6uIAAPHAxPkU8t77n3v0zbA8Cw5"},"_chains":{"BaRaAwf3ZjlWV6pNb9X9kQr6A7YRAQG5l0tLEVqI64tf":{"chainKey":{"counter":0,"key":"GSKoZHHHYhbbLNCgBIO6zmvY5GlQkAY1SZv7Sx/TaIM="},"chainType":1,"messageKeys":{}}},"pendingPreKey":{"signedKeyId":1,"baseKey":"BW8hdyLWNmOvhvEuzfjKKXmnx/1vsAbS07XIgHFfvYFY"}}},"version":"v1"}