{"_sessions":{"BVrQJomT0ixHapF4s0TXmE27k9SqgCOo7AC6H5zSuOUc":{"registrationId":216,"currentRatchet":{"ephemeralKeyPair":{"pubKey":"Bf28yJ7Irq1L7+nJpPIVOZx7vhdq4ZUkBLbGVD+fvIlv","privKey":"WL7UuZq0xFKoaq/xv1rPT9+pi92YZsupO18zCzEG01w="},"lastRemoteEphemeralKey":"BRYzxEVWQKooTzyL/aUMemSCdEXNDz37uLFNUtmrnecT","previousCounter":0,"rootKey":"N0vebfxQiJXyoxEfEnAQgEysyRINTaUWfLvvkuko8Fw="},"indexInfo":{"baseKey":"BVrQJomT0ixHapF4s0TXmE27k9SqgCOo7AC6H5zSuOUc","baseKeyType":1,"closed":-1,"used":1688113169401,"created":1688113169401,"remoteIdentityKey":"BcuDv1e6QjEbJ5N4QrQL7q2olyfWMEWFTDpn/UPqChRG"},"_chains":{"Bf28yJ7Irq1L7+nJpPIVOZx7vhdq4ZUkBLbGVD+fvIlv":{"chainKey":{"counter":0,"key":"qaYcCi+YYdbOrSHNe8mBg4XPNPsSl2sIpdEaRkNkRE8="},"chainType":1,"messageKeys":{}}},"pendingPreKey":{"signedKeyId":1,"baseKey":"BVrQJomT0ixHapF4s0TXmE27k9SqgCOo7AC6H5zSuOUc"}}},"version":"v1"}