{"_sessions":{"BULS46GapHQB6NTzjQNDNhRjQCHJMwD6l/1W6uvDy/gL":{"registrationId":2085524205,"currentRatchet":{"ephemeralKeyPair":{"pubKey":"BVRey60kE+CALFpQwTEmoCAnQMSKGn155nQV8oAFNstk","privKey":"IH6v1dSTjmDBePBzLwIwqxfTDMHv1J2JkrQXM+eIYkQ="},"lastRemoteEphemeralKey":"BXTPaRqCHqWMDTw3OeHTWVifBDyLRgt/92DxAVwQTWtd","previousCounter":0,"rootKey":"8z0f+gECmcEy4XSlQc55oa73N7ONq7G1cpFHlPnrZik="},"indexInfo":{"baseKey":"BULS46GapHQB6NTzjQNDNhRjQCHJMwD6l/1W6uvDy/gL","baseKeyType":1,"closed":-1,"used":1688113169802,"created":1688113169802,"remoteIdentityKey":"BeaY55BUe7OLh5IFpz6Tf8Ni++nRLtSqAbT18lRgEKwE"},"_chains":{"BVRey60kE+CALFpQwTEmoCAnQMSKGn155nQV8oAFNstk":{"chainKey":{"counter":0,"key":"iRSbPVbfxPJfPnBnj7N+6Qp5e3CFOUxnQIhrHlgMlsY="},"chainType":1,"messageKeys":{}}},"pendingPreKey":{"signedKeyId":2,"baseKey":"BULS46GapHQB6NTzjQNDNhRjQCHJMwD6l/1W6uvDy/gL","preKeyId":3904035}}},"version":"v1"}