{"_sessions":{"Bfzdmzp3g7ps/gmQuV2JwtcznosG9TZZpEIbZ4CVnZkf":{"registrationId":114709765,"currentRatchet":{"ephemeralKeyPair":{"pubKey":"Bf+88+JvlZSQY7Gu6QP1Oq2Y7lUfcKx7FC1hCGKVKi9C","privKey":"mJp1R13N7oETQPZt1R05TEw7V67ZwR7QK3IHiQx652I="},"lastRemoteEphemeralKey":"BUgmV/J6RxtoP+LuzZqOuQxvN2xpefctIB9o4Nwa9sQW","previousCounter":0,"rootKey":"QyKhn5PLKHkY1VI5S5RVTUydmPjb5JDturBVaRMHnow="},"indexInfo":{"baseKey":"Bfzdmzp3g7ps/gmQuV2JwtcznosG9TZZpEIbZ4CVnZkf","baseKeyType":1,"closed":-1,"used":1688113169808,"created":1688113169808,"remoteIdentityKey":"BZjWrvq5KbFPZ3SGulejKqDaL7V1nNqKKMH2fVHT0dlJ"},"_chains":{"Bf+88+JvlZSQY7Gu6QP1Oq2Y7lUfcKx7FC1hCGKVKi9C":{"chainKey":{"counter":0,"key":"ahc9KhxUpbgb2IOgp7w5MyRz5mRdy1tb7GT2X6Uvq2w="},"chainType":1,"messageKeys":{}}},"pendingPreKey":{"signedKeyId":16,"baseKey":"Bfzdmzp3g7ps/gmQuV2JwtcznosG9TZZpEIbZ4CVnZkf","preKeyId":7800841}}},"version":"v1"}