{"_sessions":{"BUaO7SBQ9viNxhF6UKaKSyYOeV7drTZI79LGUMX80gVY":{"registrationId":1352340388,"currentRatchet":{"ephemeralKeyPair":{"pubKey":"BU+hJF/sALUew8OAy2iVdLYOmym1/wbAlM4pkYRcdf8Y","privKey":"GBEYEUTUSM9knhsDsd1x3qqsBazOV0p/8H5xAlAcUXc="},"lastRemoteEphemeralKey":"Bd12EOkJbWGyhWeAmKpNwiW4euLilReogx+TnF+3Dwxt","previousCounter":0,"rootKey":"M3jPhVlngEJqnHjjV+G5kWXhKb94HVBeA6JzfUDLyJI="},"indexInfo":{"baseKey":"BUaO7SBQ9viNxhF6UKaKSyYOeV7drTZI79LGUMX80gVY","baseKeyType":1,"closed":-1,"used":1688113170277,"created":1688113170277,"remoteIdentityKey":"BV0X2JGXDS3Ou+MTP8NVZRAdBi58a9NUz8H5nEZxH3d5"},"_chains":{"BU+hJF/sALUew8OAy2iVdLYOmym1/wbAlM4pkYRcdf8Y":{"chainKey":{"counter":0,"key":"dYVm6KM8Ts2M2W0pMl3iBYKl42kZoa9qRyjvkC+w81U="},"chainType":1,"messageKeys":{}}},"pendingPreKey":{"signedKeyId":33,"baseKey":"BUaO7SBQ9viNxhF6UKaKSyYOeV7drTZI79LGUMX80gVY","preKeyId":4399375}}},"version":"v1"}