{"_sessions":{"BcYCIRXUwpQ9QBeJqScZ4RBXNaLQKMyvGw4gdK8picsG":{"registrationId":1715458030,"currentRatchet":{"ephemeralKeyPair":{"pubKey":"BZOVLPgzy9qACu8PU1WouyxQIojHw8J8G57gx+Z9m+dl","privKey":"CDfAB6OTdgROYBWaLs2SddB1Y1r2JxT/h07uDa4l804="},"lastRemoteEphemeralKey":"BQ0KMYnPWQcPDPvgKjLmSIq0eDFSpcxK09w/b7YlbnE1","previousCounter":0,"rootKey":"lKySp8BPjqu5eVNSWGXwi0epiPnNh5cRtOHDPg2WkIA="},"indexInfo":{"baseKey":"BcYCIRXUwpQ9QBeJqScZ4RBXNaLQKMyvGw4gdK8picsG","baseKeyType":1,"closed":-1,"used":1688113170699,"created":1688113170699,"remoteIdentityKey":"BZVc2u9bQG+evwYQCgapg3AkhTHE+ammdFeCu1gh+qkP"},"_chains":{"BZOVLPgzy9qACu8PU1WouyxQIojHw8J8G57gx+Z9m+dl":{"chainKey":{"counter":0,"key":"gOCaR6YbQW6859/H+aulkdYa1hZXJEBs3xnNp9zHHeM="},"chainType":1,"messageKeys":{}}},"pendingPreKey":{"signedKeyId":2,"baseKey":"BcYCIRXUwpQ9QBeJqScZ4RBXNaLQKMyvGw4gdK8picsG","preKeyId":3340757}}},"version":"v1"}