{"_sessions":{"BUmIXDH+cgOTRMGVVf3o7TWvtIQ/9CJdT4+QjNRambtX":{"registrationId":12140,"currentRatchet":{"ephemeralKeyPair":{"pubKey":"BUTTf2Y8VE8TDo9c6r4llCDpxQ1rDLrq97bvkcTH3jkP","privKey":"oEslT0PGxfDfexteT2MgtmI57zrCynRmM5DSRE0E7Fk="},"lastRemoteEphemeralKey":"Bc6PgIiEOdZlzgZHJslsONqwmwMaz5H2dQWcMtxgPR4f","previousCounter":0,"rootKey":"m4AWAXbw0HYu7KdwF8NprfY442StXauiE1nAIinaD9M="},"indexInfo":{"baseKey":"BUmIXDH+cgOTRMGVVf3o7TWvtIQ/9CJdT4+QjNRambtX","baseKeyType":1,"closed":-1,"used":1688113169341,"created":1688113169341,"remoteIdentityKey":"BQqn1ov2WM0I+iIDrgsSeGy3u6aoGMiEHxq0NVpvtNNB"},"_chains":{"BUTTf2Y8VE8TDo9c6r4llCDpxQ1rDLrq97bvkcTH3jkP":{"chainKey":{"counter":0,"key":"Mlt/Z0Lq2PqqFFYX3BJCyqsZGF1DTrZmQ2UHrfGqdHQ="},"chainType":1,"messageKeys":{}}},"pendingPreKey":{"signedKeyId":1,"baseKey":"BUmIXDH+cgOTRMGVVf3o7TWvtIQ/9CJdT4+QjNRambtX"}}},"version":"v1"}