{"_sessions":{"BeN4TuqYOLc3nk8JgoOPXdwxnYI9++HHaGIMtS/oqhRb":{"registrationId":597698662,"currentRatchet":{"ephemeralKeyPair":{"pubKey":"BWGqVXbWulCUSvZ4IeYqW0izPT/h5tY21gvsjx/uWXlD","privKey":"uGJ4bKIj0THkBQweaxYMhEMXmLrmDypWmYX40JXS/U8="},"lastRemoteEphemeralKey":"BbdeWCiPxK0EjgV1SwTo62sSK4qfh2joi013mGK1RtVQ","previousCounter":0,"rootKey":"g2vMYTSWVJ/5V2MhUwT5Z0hSjPLTuqwmeI6kGGGKFh8="},"indexInfo":{"baseKey":"BeN4TuqYOLc3nk8JgoOPXdwxnYI9++HHaGIMtS/oqhRb","baseKeyType":1,"closed":-1,"used":1688113169750,"created":1688113169750,"remoteIdentityKey":"Bea6j3E1GUdYh3azOwzMw/4Hazyq/3ZdMPCV9QYURXlt"},"_chains":{"BWGqVXbWulCUSvZ4IeYqW0izPT/h5tY21gvsjx/uWXlD":{"chainKey":{"counter":0,"key":"ox/7DVJj3MYewYz6BBAlC7xTQx7xTCqWCMVsnV7dUW8="},"chainType":1,"messageKeys":{}}},"pendingPreKey":{"signedKeyId":6,"baseKey":"BeN4TuqYOLc3nk8JgoOPXdwxnYI9++HHaGIMtS/oqhRb"}}},"version":"v1"}