{"_sessions":{"BWYtBBJne29iQpWA3JIpUiquYKulGNiZ673XuyBmHko9":{"registrationId":229240843,"currentRatchet":{"ephemeralKeyPair":{"pubKey":"Bc60xevBUJhX+T/MYhW/Xr98Rt4W7BzOmQdP8Mw2AiUO","privKey":"gD8St22kzxDvBcCfat+DS7/s4JcegR/YnPqs6sqs9Xk="},"lastRemoteEphemeralKey":"BT7P1rHht/u9Us3dTk+IR8cXDImlbTOoN78hNS1bbHok","previousCounter":0,"rootKey":"ckN/mQOSTQAOb6YvOwlJTr0tlaYux8tVZejUxJmMKlE="},"indexInfo":{"baseKey":"BWYtBBJne29iQpWA3JIpUiquYKulGNiZ673XuyBmHko9","baseKeyType":1,"closed":-1,"used":1688113169945,"created":1688113169945,"remoteIdentityKey":"BQuytmJaCjAQ3GzigX08RzztQXNW3qVabC1xZuvq3/1c"},"_chains":{"Bc60xevBUJhX+T/MYhW/Xr98Rt4W7BzOmQdP8Mw2AiUO":{"chainKey":{"counter":0,"key":"OjBYGMrzlMfXiuAHniW9g4i2NMB7U7/hYYSCSDmYEeI="},"chainType":1,"messageKeys":{}}},"pendingPreKey":{"signedKeyId":9,"baseKey":"BWYtBBJne29iQpWA3JIpUiquYKulGNiZ673XuyBmHko9","preKeyId":10615085}}},"version":"v1"}