{"_sessions":{"BbpQxm3uI2uNwFI7pIxPbJPtQmwK/uTKNiD7QTCyXGAE":{"registrationId":137,"currentRatchet":{"ephemeralKeyPair":{"pubKey":"BegijG58gD5eF2avA86+zZhVzjlmdw/aMKARCGifZQZ1","privKey":"6M6Zuzt6UG/j3l230uDQMcxk6+seCntrfl7Py5lstXY="},"lastRemoteEphemeralKey":"BTQJRPpTj1d11iFTzfLK3SIUmUqhzGsWHEJeHoghkUdX","previousCounter":0,"rootKey":"VNufYrMHtS9ORX9geZ/1hiU/rRqQL6sgFS3nBBBJdWo="},"indexInfo":{"baseKey":"BbpQxm3uI2uNwFI7pIxPbJPtQmwK/uTKNiD7QTCyXGAE","baseKeyType":1,"closed":-1,"used":1688113169578,"created":1688113169578,"remoteIdentityKey":"BdPclaINpOChngP9QtxyAOhN0VO3BqJWitBfiMwkG7R2"},"_chains":{"BegijG58gD5eF2avA86+zZhVzjlmdw/aMKARCGifZQZ1":{"chainKey":{"counter":0,"key":"zreZFYi+USDXsF3p7uqM9mzgkFL2zalPZOAyitU7eRc="},"chainType":1,"messageKeys":{}}},"pendingPreKey":{"signedKeyId":1,"baseKey":"BbpQxm3uI2uNwFI7pIxPbJPtQmwK/uTKNiD7QTCyXGAE"}}},"version":"v1"}