{"_sessions":{"BT+3zIEfjwb33kG3g4+/XCIz4fIqMBmwU8mNOCTKX0g+":{"registrationId":830859819,"currentRatchet":{"ephemeralKeyPair":{"pubKey":"BXB0X8Vc0K0nhn9Ig6u6HudFciiR67ofemv+M+z8xqdM","privKey":"kBLdO9GHMo9OTg/cRVpKu/CDnKs9FRIk7wsY3U5M4GA="},"lastRemoteEphemeralKey":"BdH3gpPzDWbRRuQf8tDuVioSGhvYmzxo6aK5uUz1K5Qw","previousCounter":0,"rootKey":"Z2KD0V8uya9f/Hif6Jy5f5hZ6vj5IECQMBSkxXWtyDg="},"indexInfo":{"baseKey":"BT+3zIEfjwb33kG3g4+/XCIz4fIqMBmwU8mNOCTKX0g+","baseKeyType":1,"closed":-1,"used":1688113169736,"created":1688113169736,"remoteIdentityKey":"BQxcQkGvWQqd87xBI2va++3N0bEgacEKkHuxx6XkwJRO"},"_chains":{"BXB0X8Vc0K0nhn9Ig6u6HudFciiR67ofemv+M+z8xqdM":{"chainKey":{"counter":0,"key":"Pa2VWBJ8jZpVLBlHXMArUyDhhq6q/0R6M6zL4r3eZu0="},"chainType":1,"messageKeys":{}}},"pendingPreKey":{"signedKeyId":5,"baseKey":"BT+3zIEfjwb33kG3g4+/XCIz4fIqMBmwU8mNOCTKX0g+","preKeyId":2045667}}},"version":"v1"}