{"_sessions":{"BRWYr9xBzU9OO0JflRLdgj7JgkWP6UD71UG17Jahch1e":{"registrationId":7796,"currentRatchet":{"ephemeralKeyPair":{"pubKey":"BSTpfY12lc79P3Nr1XJ5KnE+gseyigqIHPEQBsVr7php","privKey":"+GySEpVPs3CuCbOCA+CR0HHmWLSMKHgEuTQWEsgi0WY="},"lastRemoteEphemeralKey":"BZC/58xXe9mFvP47qt0Kqcm27tbvgs5LbzfdI2QuEY43","previousCounter":0,"rootKey":"BfOCh6hT3pcQJms3dYEfe+aGTEp4FQe31Gv3tOTRVeo="},"indexInfo":{"baseKey":"BRWYr9xBzU9OO0JflRLdgj7JgkWP6UD71UG17Jahch1e","baseKeyType":1,"closed":-1,"used":1688113169460,"created":1688113169460,"remoteIdentityKey":"Bf79L0A3iEML57rU+NwynzJPKuRW8tWGqNzBJEimjLlU"},"_chains":{"BSTpfY12lc79P3Nr1XJ5KnE+gseyigqIHPEQBsVr7php":{"chainKey":{"counter":0,"key":"WjTx3AICGYjk4KVZ7ZYPFcvvAXrvnIi0Nt4z7tmtL4E="},"chainType":1,"messageKeys":{}}},"pendingPreKey":{"signedKeyId":1,"baseKey":"BRWYr9xBzU9OO0JflRLdgj7JgkWP6UD71UG17Jahch1e"}}},"version":"v1"}