{"_sessions":{"BR9hoxkNDqVb++9Da07EduEtYAihsXK8TrFiX5yUVA09":{"registrationId":672055819,"currentRatchet":{"ephemeralKeyPair":{"pubKey":"BSJTcDAfsSAZAaQ00Hveu860SI+uxwnC/sLufOksmxRM","privKey":"AMfc0LM6fJgZFca+fdYTV9O0MYnP3bPiKbxi9BDz6WQ="},"lastRemoteEphemeralKey":"Bdzpnar9y2MwOHbu7EHyGyTsuNBGTYhJ7c9uIyHE+b1K","previousCounter":0,"rootKey":"qFeh/pyrGIJCmb0oABT87LjFaDVy4bWSDGMZxk88SuA="},"indexInfo":{"baseKey":"BR9hoxkNDqVb++9Da07EduEtYAihsXK8TrFiX5yUVA09","baseKeyType":1,"closed":-1,"used":1688113170077,"created":1688113170077,"remoteIdentityKey":"Bd45xWko0XGwiDfhNPqyBUAPO/VpXNROzRgTpq/Wmjli"},"_chains":{"BSJTcDAfsSAZAaQ00Hveu860SI+uxwnC/sLufOksmxRM":{"chainKey":{"counter":0,"key":"Ukn8LPeigSTrtElmMGEb/ihabMr1zzdLbIygiseYESA="},"chainType":1,"messageKeys":{}}},"pendingPreKey":{"signedKeyId":0,"baseKey":"BR9hoxkNDqVb++9Da07EduEtYAihsXK8TrFiX5yUVA09","preKeyId":10563325}}},"version":"v1"}