{"_sessions":{"BT9eIaENG7/nJ2Iz0k9d2HN0CkO93IVnSjQS2D8Lcrcv":{"registrationId":636272263,"currentRatchet":{"ephemeralKeyPair":{"pubKey":"BZimj/MGYJ7/MxmTcQoSE/VMD6X4VI6GT2gRJD8GnlkP","privKey":"mIAObfyuvaF8soMuHwCPiOItrin2bbe3JPoooFFyL1w="},"lastRemoteEphemeralKey":"Bf1kf3AmroHM4LAAMa88MU9Mp3EdWBgVh/ooZZ5Paqpk","previousCounter":0,"rootKey":"BgptokJmULDZIQv5u9hq1ppec3nGjDFjb3DPjtRbB8Y="},"indexInfo":{"baseKey":"BT9eIaENG7/nJ2Iz0k9d2HN0CkO93IVnSjQS2D8Lcrcv","baseKeyType":1,"closed":-1,"used":1688113170186,"created":1688113170186,"remoteIdentityKey":"BSOD7cmhQ5QPGabEqr/vo/NJBv37Dhd5qiFTFn59MtdO"},"_chains":{"BZimj/MGYJ7/MxmTcQoSE/VMD6X4VI6GT2gRJD8GnlkP":{"chainKey":{"counter":0,"key":"07yuW1m7p92v25Cd57C5hZ7z2coJ704e1Sw5KSSTdq8="},"chainType":1,"messageKeys":{}}},"pendingPreKey":{"signedKeyId":1,"baseKey":"BT9eIaENG7/nJ2Iz0k9d2HN0CkO93IVnSjQS2D8Lcrcv","preKeyId":2491017}}},"version":"v1"}