{"_sessions":{"BfCDHOigojiZLV9JSANt9xtfw5YcDrbXKhKD42Zu71RV":{"registrationId":1560671102,"currentRatchet":{"ephemeralKeyPair":{"pubKey":"BWkQMItIXjiSgclG0B3ohHyUpkCrpeNoX5ToANgyWuRd","privKey":"8MK0R5CabtC+gg2AQoqBqNz0dZbRF6YK0BxySEa66VY="},"lastRemoteEphemeralKey":"BcctqO7fbkCOBYMMRTxUeFWRM9ITIhQM3CTF8D7SgfU9","previousCounter":0,"rootKey":"OISSEX1ZhzGmLHgn8veE7ICRRdg0HcMnhsI9dGfjvTg="},"indexInfo":{"baseKey":"BfCDHOigojiZLV9JSANt9xtfw5YcDrbXKhKD42Zu71RV","baseKeyType":1,"closed":-1,"used":1688113170950,"created":1688113170950,"remoteIdentityKey":"BVu2TvFltxRnmir2eZjFWNF2Q6YkqbTH9I8j2pxLDzQk"},"_chains":{"BWkQMItIXjiSgclG0B3ohHyUpkCrpeNoX5ToANgyWuRd":{"chainKey":{"counter":0,"key":"Jz3loOC6dPQAP9fHi8CrnOwrYjA/qshOini6ykrNKAk="},"chainType":1,"messageKeys":{}}},"pendingPreKey":{"signedKeyId":6,"baseKey":"BfCDHOigojiZLV9JSANt9xtfw5YcDrbXKhKD42Zu71RV","preKeyId":3322538}}},"version":"v1"}