{"_sessions":{"BYFWPhrJPHnjBUHByUaMdNOHTD18RjlbqaNnQZNAvOwE":{"registrationId":503173047,"currentRatchet":{"ephemeralKeyPair":{"pubKey":"BTtZQ5GW03zNN8DaMxOi8rIyQ6W1g4Q8PkJarlQfUoFX","privKey":"QIe8T/jUA5n1f52x9sXJCtvWpVHLgbP3uaEx7+IbpW0="},"lastRemoteEphemeralKey":"BcU8bhIbiz/2gLgcztYva+jCb3g+G4fKyvjkC5qI6GMV","previousCounter":0,"rootKey":"CaqU1QltwMc9lmShpyMBuiBC4E7u+JfJ1YiUskAldws="},"indexInfo":{"baseKey":"BYFWPhrJPHnjBUHByUaMdNOHTD18RjlbqaNnQZNAvOwE","baseKeyType":1,"closed":-1,"used":1688113170326,"created":1688113170326,"remoteIdentityKey":"BffPcLOobjLjKpodtIBtD8z2FPh/B58KR+RRRx/PrGAf"},"_chains":{"BTtZQ5GW03zNN8DaMxOi8rIyQ6W1g4Q8PkJarlQfUoFX":{"chainKey":{"counter":0,"key":"3cgKg+4DdlNs1fgAPOO5xxa6sn1quIxkq+vXYaUiit4="},"chainType":1,"messageKeys":{}}},"pendingPreKey":{"signedKeyId":4,"baseKey":"BYFWPhrJPHnjBUHByUaMdNOHTD18RjlbqaNnQZNAvOwE","preKeyId":860761}}},"version":"v1"}