{"_sessions":{"BWxZ5mCK+fUAfWGZ08nhvuEH9xL3/T70R7LQfAPFezwx":{"registrationId":2059772409,"currentRatchet":{"ephemeralKeyPair":{"pubKey":"BcxwDM04H4oju8tEPIwNyK/7lRj8voK7CRqAKGO9oI5E","privKey":"AKoRMQt/jKuL0kCpk9lj1zb9rRCFbvpUM84jdyIRk3U="},"lastRemoteEphemeralKey":"BV1H8vtJVubY9ps5CqRdSIGR1TaDBoH897cheOnpipBP","previousCounter":0,"rootKey":"sAKawBK0VjHOEzmthAdbksw2uSZFaMJqdww8NFsk1/8="},"indexInfo":{"baseKey":"BWxZ5mCK+fUAfWGZ08nhvuEH9xL3/T70R7LQfAPFezwx","baseKeyType":1,"closed":-1,"used":1688113171048,"created":1688113171048,"remoteIdentityKey":"BWybZxkmfCZI+smn/xgD7wjgjNKud/YBNqgI8eASWfJi"},"_chains":{"BcxwDM04H4oju8tEPIwNyK/7lRj8voK7CRqAKGO9oI5E":{"chainKey":{"counter":0,"key":"FdZfFHLJ23nagYcgiko5adRiG1vvB1KwRbNMqx7sLBs="},"chainType":1,"messageKeys":{}}},"pendingPreKey":{"signedKeyId":10,"baseKey":"BWxZ5mCK+fUAfWGZ08nhvuEH9xL3/T70R7LQfAPFezwx","preKeyId":9539263}}},"version":"v1"}