{"_sessions":{"BVwmowZZhMfmI/R3vAS0Mvgr8jYoYh2KxCem+cBiDlUo":{"registrationId":877970310,"currentRatchet":{"ephemeralKeyPair":{"pubKey":"Ba4N6Qz+BCAFCO07tr98Yniwu1nJrZ/ja4LgpjnrNABH","privKey":"UHG5SdT2iI8k8075gOI/qtZM41iqFIbSoOGLKe8QnXQ="},"lastRemoteEphemeralKey":"BXvm0elKt860lizedc9H21c0sHb/2QQOtOoX0NPA/jQq","previousCounter":0,"rootKey":"dC0+4c9bXTixPFc7uLX6z14vTPgSeW3gt3ckkHToP4k="},"indexInfo":{"baseKey":"BVwmowZZhMfmI/R3vAS0Mvgr8jYoYh2KxCem+cBiDlUo","baseKeyType":1,"closed":-1,"used":1688113170152,"created":1688113170152,"remoteIdentityKey":"BXVJiSMKqSCeFWqjD+JMOQaHQLZeBijXtrXHKldf4RxO"},"_chains":{"Ba4N6Qz+BCAFCO07tr98Yniwu1nJrZ/ja4LgpjnrNABH":{"chainKey":{"counter":0,"key":"1qRa/utvZD6Zq52gcfniawBYO5sRJBuDZyW1x3DPIeM="},"chainType":1,"messageKeys":{}}},"pendingPreKey":{"signedKeyId":0,"baseKey":"BVwmowZZhMfmI/R3vAS0Mvgr8jYoYh2KxCem+cBiDlUo","preKeyId":6593986}}},"version":"v1"}