{"_sessions":{"BS63NvUwpRpv0Qp9VGvE4ZB4XCL8eCGH1MPefLMhgcMr":{"registrationId":428317668,"currentRatchet":{"ephemeralKeyPair":{"pubKey":"BeIN4zWRzQXDE7TLQp2CFRVrh3p69zWq6l/8jhVbmuYn","privKey":"2BUhRK2JaXz84cPF/2iGi28RlD7wjri4P/lizcWsulU="},"lastRemoteEphemeralKey":"Barh8fMahFF7mwstpen3jqHSocmZ9B3nx/isvrkknqMS","previousCounter":0,"rootKey":"kyuE7qythHI9E+Bu6GCz/U9EimoRIZwIiFZRNqQrFQw="},"indexInfo":{"baseKey":"BS63NvUwpRpv0Qp9VGvE4ZB4XCL8eCGH1MPefLMhgcMr","baseKeyType":1,"closed":-1,"used":1688113169855,"created":1688113169855,"remoteIdentityKey":"BXYMiTwuOZQUVc8LOYdayqui7SLw3wEAssEMal+lU9MG"},"_chains":{"BeIN4zWRzQXDE7TLQp2CFRVrh3p69zWq6l/8jhVbmuYn":{"chainKey":{"counter":0,"key":"YvjFdcX8J/mTtoea1CjNaWFC+dIyFKx9o38KOdelFTg="},"chainType":1,"messageKeys":{}}},"pendingPreKey":{"signedKeyId":1,"baseKey":"BS63NvUwpRpv0Qp9VGvE4ZB4XCL8eCGH1MPefLMhgcMr","preKeyId":8456422}}},"version":"v1"}