{"_sessions":{"BTtPLmFHn0D5ir2KbeIUofTjJQ87/VTOs9+fUv96IrFV":{"registrationId":677383247,"currentRatchet":{"ephemeralKeyPair":{"pubKey":"BR7/Mfq3uBy/PQGXuAq0dkUAzeY8437L1lIoqPRtXEt3","privKey":"CAJeijxVAWf36Fe6Uxw5ezSVmQQh+PJaWmZkiC6ovHE="},"lastRemoteEphemeralKey":"BXz3rL1auN+p9KnPBU+d1o7oNXlJ/Wq/vPl0AtY6Cf4S","previousCounter":0,"rootKey":"0TAHX1gaQzR9HyanyZy8+ayVlXAPSuw+Ou3Aol/rZTU="},"indexInfo":{"baseKey":"BTtPLmFHn0D5ir2KbeIUofTjJQ87/VTOs9+fUv96IrFV","baseKeyType":1,"closed":-1,"used":1688113169675,"created":1688113169675,"remoteIdentityKey":"BcZ2q879cYAKpUT1E8leYqKK3Gqa3YWWfYSFvAr0SdRn"},"_chains":{"BR7/Mfq3uBy/PQGXuAq0dkUAzeY8437L1lIoqPRtXEt3":{"chainKey":{"counter":0,"key":"+TyID9SAQiiKEgk+Bb0BwlpaiXHluCGN1B8Zc/WW4Es="},"chainType":1,"messageKeys":{}}},"pendingPreKey":{"signedKeyId":17,"baseKey":"BTtPLmFHn0D5ir2KbeIUofTjJQ87/VTOs9+fUv96IrFV","preKeyId":14673956}}},"version":"v1"}