{"_sessions":{"BRtqcsKAPZyTFYMrsjgnOyt8SUSGqDOpYKDi7HhIzkB1":{"registrationId":1074484682,"currentRatchet":{"ephemeralKeyPair":{"pubKey":"BST+3fmjgIqAKIcRDC+1dncrBqYmFne4IxPpZJs/TnZH","privKey":"mKV6vkUA1Rcmxq0SIjWDkuyPW5feUkp1LM7wHOqWb0c="},"lastRemoteEphemeralKey":"BaAEZGyyIhVAzshP2hEcKDngTxrV3d5F2sP6+Dt4gyo2","previousCounter":0,"rootKey":"gusYGtSu2c2jLXkrtdBPh5AHeH4FX8qOz13KiTAGSfM="},"indexInfo":{"baseKey":"BRtqcsKAPZyTFYMrsjgnOyt8SUSGqDOpYKDi7HhIzkB1","baseKeyType":1,"closed":-1,"used":1688113170204,"created":1688113170204,"remoteIdentityKey":"BcC+h1V2erwe0lEX6usoQAjii7s9A4q+g64XE9vQkmcU"},"_chains":{"BST+3fmjgIqAKIcRDC+1dncrBqYmFne4IxPpZJs/TnZH":{"chainKey":{"counter":0,"key":"kqRQ5HxIVr98+uxgUgb+kp+kC4P9HtCcvjENmbXG5nU="},"chainType":1,"messageKeys":{}}},"pendingPreKey":{"signedKeyId":0,"baseKey":"BRtqcsKAPZyTFYMrsjgnOyt8SUSGqDOpYKDi7HhIzkB1","preKeyId":15888035}}},"version":"v1"}