{"_sessions":{"BRd7Kr1eMMdHNmbQszZWB1Ic7d7lN+P5cAa1BqP0Ij82":{"registrationId":13360,"currentRatchet":{"ephemeralKeyPair":{"pubKey":"BS3bkdFGAa6SvW8pD/NwcEowNsumW/Q0jbepJiuwJttj","privKey":"4KYlG7rMhYMmaYtevyLyQazwqoLp3towX1g7X/TGY2U="},"lastRemoteEphemeralKey":"BQYNXlGKHjrw/tjlIZp+87+SZniSkEnEepTF/SlnbmYc","previousCounter":0,"rootKey":"JmvLLkwgW9PQDSOlVFSqsTNZAdmKhrKTVMNPwERtaY0="},"indexInfo":{"baseKey":"BRd7Kr1eMMdHNmbQszZWB1Ic7d7lN+P5cAa1BqP0Ij82","baseKeyType":1,"closed":-1,"used":1688113169480,"created":1688113169480,"remoteIdentityKey":"BXhclh+O4kFIuzXoFoh+11wBk9Z2u2ratD4Bn7VaM6UD"},"_chains":{"BS3bkdFGAa6SvW8pD/NwcEowNsumW/Q0jbepJiuwJttj":{"chainKey":{"counter":0,"key":"SM7Z4PV+f4C28nLPzIpXehadG2Gn14KNvbrE0awmeKA="},"chainType":1,"messageKeys":{}}},"pendingPreKey":{"signedKeyId":1,"baseKey":"BRd7Kr1eMMdHNmbQszZWB1Ic7d7lN+P5cAa1BqP0Ij82"}}},"version":"v1"}