{"_sessions":{"BSyZhK29vyJqsxPkW1+2aTvq7Dc+Pkf8BNzFPTkOhShE":{"registrationId":1250625520,"currentRatchet":{"ephemeralKeyPair":{"pubKey":"BalZcHWY22qMaiOCfgmVqIW+CDXe0sBPhyshNUXHxcoy","privKey":"2Dn6mfXSsChqoi3gWxvm95e9EkSMuycVOMPkYt9W9Gg="},"lastRemoteEphemeralKey":"BXgYwWn0y5W+c2QzWG0zgvaD/Hhjwh6BwbChMLwRU8Ny","previousCounter":0,"rootKey":"MOF2k76KL0LijG8JboaAHSsaiow93II0YLASidJzF6g="},"indexInfo":{"baseKey":"BSyZhK29vyJqsxPkW1+2aTvq7Dc+Pkf8BNzFPTkOhShE","baseKeyType":1,"closed":-1,"used":1688113170331,"created":1688113170331,"remoteIdentityKey":"BSGRxJ7qsQuPlxbMDVRhHmQl6jNcry1d3qZINraV9pRF"},"_chains":{"BalZcHWY22qMaiOCfgmVqIW+CDXe0sBPhyshNUXHxcoy":{"chainKey":{"counter":0,"key":"KFhpi6qpWnQrXpgk5ttCKMJWu1Oc+jmrdIcA+0h3ShI="},"chainType":1,"messageKeys":{}}},"pendingPreKey":{"signedKeyId":2,"baseKey":"BSyZhK29vyJqsxPkW1+2aTvq7Dc+Pkf8BNzFPTkOhShE","preKeyId":2937882}}},"version":"v1"}