{"_sessions":{"BfBne4/Er1Sc3LznyYSlK+wUV7liDi7ZlcTFvCD2hQIa":{"registrationId":1711933658,"currentRatchet":{"ephemeralKeyPair":{"pubKey":"BeshZ2goy76QbZE7dHvPl7gmdmR+2sJb60EFVBSC+9Qu","privKey":"SOKsXhME6WFhnMf0pYJh3QCcd1uDDP4Wim/8Z7tyAVg="},"lastRemoteEphemeralKey":"BVEaM6ryQaQKbE3tIJywiLVHNYMJzm/NBt5CxfUKYRkc","previousCounter":0,"rootKey":"NyiWVOLITNgk5yrRkSiCScbryK3Z5PK4hT8G/TVIjgI="},"indexInfo":{"baseKey":"BfBne4/Er1Sc3LznyYSlK+wUV7liDi7ZlcTFvCD2hQIa","baseKeyType":1,"closed":-1,"used":1688113170091,"created":1688113170091,"remoteIdentityKey":"BXrckID49ZOGhG1LL3LGtBycHGmmdGaR1XkHinLlm1dk"},"_chains":{"BeshZ2goy76QbZE7dHvPl7gmdmR+2sJb60EFVBSC+9Qu":{"chainKey":{"counter":0,"key":"aZWeHrHfgKdZm/JUdoFdp9yg1l+iXzsoCradwvQik7M="},"chainType":1,"messageKeys":{}}},"pendingPreKey":{"signedKeyId":23,"baseKey":"BfBne4/Er1Sc3LznyYSlK+wUV7liDi7ZlcTFvCD2hQIa","preKeyId":15598784}}},"version":"v1"}