{"_sessions":{"BRFQosBdt2fbpjyXWlCcnTzofaMvNsSZzvmBd3H9L3pa":{"registrationId":438554422,"currentRatchet":{"ephemeralKeyPair":{"pubKey":"BVkBl4k8fUDai8GoQocaQGZWBKTUG9bDXuscDQhapHEM","privKey":"CHpV9tV1GocKt7RNzBKIELH8GVQ/ZcPFmLKfNU9+CFA="},"lastRemoteEphemeralKey":"BTzGHS6PVFaxq27Z4qzQjsqqBjGDlgXBg9GU3AnzOgIA","previousCounter":0,"rootKey":"/2t8Ll7K5vIH6KZd9YbpRMvAjIHDT1GoVr84pcsi2Hc="},"indexInfo":{"baseKey":"BRFQosBdt2fbpjyXWlCcnTzofaMvNsSZzvmBd3H9L3pa","baseKeyType":1,"closed":-1,"used":1688113170655,"created":1688113170655,"remoteIdentityKey":"BaumUYT6BTRKaD+556KiSc502ohBO76k2O3PNB4/c3lu"},"_chains":{"BVkBl4k8fUDai8GoQocaQGZWBKTUG9bDXuscDQhapHEM":{"chainKey":{"counter":0,"key":"DZnT3vZrfLw4ONMz+KD2PlOliymDQoKmmKOtD1YqAOE="},"chainType":1,"messageKeys":{}}},"pendingPreKey":{"signedKeyId":5,"baseKey":"BRFQosBdt2fbpjyXWlCcnTzofaMvNsSZzvmBd3H9L3pa","preKeyId":15859633}}},"version":"v1"}