{"_sessions":{"BXLnoPTQoncTv0LKtR1zDuw+CLKfUe8U+8XmrntOMhcE":{"registrationId":331268804,"currentRatchet":{"ephemeralKeyPair":{"pubKey":"BXpNCJ9VnO6elUmjnrZVg3o8IybSS9u2xT1otelkpco+","privKey":"sPu8SYYpPtlvb6Sw3X2WvpKMmmOgl/MVfcXUEaQtZlA="},"lastRemoteEphemeralKey":"BUaaLWIeXlE0FgGyxbz/XJvu9HCiEcftQ4tLguYkHBNx","previousCounter":0,"rootKey":"nJMFSByC/Z0ZfSqAvnAlhNUQmFqtkw+nfj/DiJOWIZw="},"indexInfo":{"baseKey":"BXLnoPTQoncTv0LKtR1zDuw+CLKfUe8U+8XmrntOMhcE","baseKeyType":1,"closed":-1,"used":1688113170732,"created":1688113170732,"remoteIdentityKey":"BVnRzjPHni3lHRl+cWSRf8l5cN+BmK0xDcW+Qd8cFX8U"},"_chains":{"BXpNCJ9VnO6elUmjnrZVg3o8IybSS9u2xT1otelkpco+":{"chainKey":{"counter":0,"key":"+gW02Dm8wS+1CC+fiACx0O54uTxhcjCDbHfFPnuCZJo="},"chainType":1,"messageKeys":{}}},"pendingPreKey":{"signedKeyId":25,"baseKey":"BXLnoPTQoncTv0LKtR1zDuw+CLKfUe8U+8XmrntOMhcE","preKeyId":1266070}}},"version":"v1"}