{"_sessions":{"BSrWKlvor5kBDztdiveKhtMTbAjMJxvDK5FLJhYJ6gU+":{"registrationId":1271051038,"currentRatchet":{"ephemeralKeyPair":{"pubKey":"BR052nbg7LIG2r/tL5WWchK9uhselIZJc0JFSVVvmaR5","privKey":"EMsgMW6EQudAN4dBc/QP6JNIStshRgkLzqqV/IdVZXk="},"lastRemoteEphemeralKey":"BaS5lAeXkHgBk8NI2QkDK7UJvsyQG7KLpgMrOzzdg6Ug","previousCounter":0,"rootKey":"7Ni0QtKNUkZfVWlUCzfaV2RXYAOeoiGWRsO23vT5Qlw="},"indexInfo":{"baseKey":"BSrWKlvor5kBDztdiveKhtMTbAjMJxvDK5FLJhYJ6gU+","baseKeyType":1,"closed":-1,"used":1688113170429,"created":1688113170429,"remoteIdentityKey":"BctVovClbBQouMdEpnuA+Tx12ctzADATbfLy+IVjcIAp"},"_chains":{"BR052nbg7LIG2r/tL5WWchK9uhselIZJc0JFSVVvmaR5":{"chainKey":{"counter":0,"key":"r6z2sFyN2zG9qnqt5uQl+m7jZj44Oa5T684084jZ8YM="},"chainType":1,"messageKeys":{}}},"pendingPreKey":{"signedKeyId":0,"baseKey":"BSrWKlvor5kBDztdiveKhtMTbAjMJxvDK5FLJhYJ6gU+","preKeyId":14180834}}},"version":"v1"}