{"_sessions":{"BUawfKLZNrLUPd5nCcIrpSCD1Q9UphUZdnT8+TACmwFb":{"registrationId":54456928,"currentRatchet":{"ephemeralKeyPair":{"pubKey":"Be4jxNRt94/8v/HNPVNi26bZm5rY1a8Nab+CtP2bpB4L","privKey":"CC0gZvh9CLGdl7JUYPs5+WdYOW7OP38L017QKxO5CUo="},"lastRemoteEphemeralKey":"BTYR98b6Q1q57UwdpyFuSx3bQovnS6y7ECwXe1ClUmZI","previousCounter":0,"rootKey":"pXPlKhBQAJySDQLilSaO9FEahkSq4T5RbR/E1vFz5kI="},"indexInfo":{"baseKey":"BUawfKLZNrLUPd5nCcIrpSCD1Q9UphUZdnT8+TACmwFb","baseKeyType":1,"closed":-1,"used":1688113169986,"created":1688113169986,"remoteIdentityKey":"BccHEsXexkVCksOnILes/YlJC2iyEQvMobx7C6sFWdJ4"},"_chains":{"Be4jxNRt94/8v/HNPVNi26bZm5rY1a8Nab+CtP2bpB4L":{"chainKey":{"counter":0,"key":"O2EXAjIjT6efDDgfDW3j7tK8s8Utscgls6i8mNZCbsI="},"chainType":1,"messageKeys":{}}},"pendingPreKey":{"signedKeyId":1,"baseKey":"BUawfKLZNrLUPd5nCcIrpSCD1Q9UphUZdnT8+TACmwFb","preKeyId":6590114}}},"version":"v1"}