{"_sessions":{"BQwtJLUOiQN1djUGJx0/kSwTuS3IhiHrEX5q+mJcKXAm":{"registrationId":1027417962,"currentRatchet":{"ephemeralKeyPair":{"pubKey":"BeFfYTDGAJK+rv+oO2BYWOINKyNCfurzWgYXxF0OolE/","privKey":"oMVoZv20tTaSsd2/wiBOzbDWY2p7xf/jxjSDWk59TU8="},"lastRemoteEphemeralKey":"BYaybEQVKtamsAM4B9HSoxBOLcC6QSCrJOWCg8X5Ed1g","previousCounter":0,"rootKey":"G1E+UoTGT1e4VM49rD3T9LZge4cNwKjnG4iFJ2ILUIg="},"indexInfo":{"baseKey":"BQwtJLUOiQN1djUGJx0/kSwTuS3IhiHrEX5q+mJcKXAm","baseKeyType":1,"closed":-1,"used":1688113170721,"created":1688113170721,"remoteIdentityKey":"BSwqQfww9gHuU2BAATjl025OVp6tmWSS4cbEsbzz2F9H"},"_chains":{"BeFfYTDGAJK+rv+oO2BYWOINKyNCfurzWgYXxF0OolE/":{"chainKey":{"counter":0,"key":"b01wkGhO+mUFt22s/1MwG+xBohdmpNKg26VRoO880po="},"chainType":1,"messageKeys":{}}},"pendingPreKey":{"signedKeyId":8,"baseKey":"BQwtJLUOiQN1djUGJx0/kSwTuS3IhiHrEX5q+mJcKXAm","preKeyId":10226602}}},"version":"v1"}