{"_sessions":{"Bei6UBk96vDYbGBow9wf1wbrB+0d0Etw3mdFzNhLYgdg":{"registrationId":1740142847,"currentRatchet":{"ephemeralKeyPair":{"pubKey":"BYMYnRHPeVCIw31anOenOZmyzAOIJg5NYtvApjFXuS8G","privKey":"OOmybsAFhpKwIHNxqIg8aqCBaeA0Mi3Zewa/NMtPx3E="},"lastRemoteEphemeralKey":"BSCap8tGGw4B9iG4atsjGQ0urtJUWUPdGwlksC+QiXFu","previousCounter":0,"rootKey":"Xk6Q1vCbOUAVzriPMVz9ciRMB8XHy8v/RQAtV78A2V4="},"indexInfo":{"baseKey":"Bei6UBk96vDYbGBow9wf1wbrB+0d0Etw3mdFzNhLYgdg","baseKeyType":1,"closed":-1,"used":1688113169325,"created":1688113169325,"remoteIdentityKey":"BY66ur2oqf3daif2+2lAyzlR+dDQvIVwRHVtMZCmYLNU"},"_chains":{"BYMYnRHPeVCIw31anOenOZmyzAOIJg5NYtvApjFXuS8G":{"chainKey":{"counter":0,"key":"2rhnuAVMTwSBBsSsTnSJ/pI+kawKynHmIPdLS0SC3Rs="},"chainType":1,"messageKeys":{}}},"pendingPreKey":{"signedKeyId":1,"baseKey":"Bei6UBk96vDYbGBow9wf1wbrB+0d0Etw3mdFzNhLYgdg","preKeyId":2780515}}},"version":"v1"}