{"_sessions":{"BcqBA8/V/y0mAGOjenvEnGCGDG5FN020yfL+25quRcI8":{"registrationId":1993664701,"currentRatchet":{"ephemeralKeyPair":{"pubKey":"BdGiO925ryJ+IBjpdO0+wC3PAfZ+N6v0UrbgWGpmw88R","privKey":"WGORn4B72o0WBN3O4pyPr6c8fD96Zm1yUwPksYdjAW0="},"lastRemoteEphemeralKey":"BSlHyNxRcq8kZRJNvp02MAJNgffM5t3ZvJ9cWt5Z+TcK","previousCounter":0,"rootKey":"0+6Lo/wt0VL/GRkPfzELIlgmya8qNCzFlYumbhzicZQ="},"indexInfo":{"baseKey":"BcqBA8/V/y0mAGOjenvEnGCGDG5FN020yfL+25quRcI8","baseKeyType":1,"closed":-1,"used":1688113170714,"created":1688113170714,"remoteIdentityKey":"Ba+RaTgk7fY+PEKPHLL3ieBaMms8OgRXlXDwg4qAfQ5l"},"_chains":{"BdGiO925ryJ+IBjpdO0+wC3PAfZ+N6v0UrbgWGpmw88R":{"chainKey":{"counter":0,"key":"iAphWCk6+F5Yoy5tjUezz5Hx79zEsx7Ea7Jhe1GVZYU="},"chainType":1,"messageKeys":{}}},"pendingPreKey":{"signedKeyId":3,"baseKey":"BcqBA8/V/y0mAGOjenvEnGCGDG5FN020yfL+25quRcI8","preKeyId":11145993}}},"version":"v1"}