{"_sessions":{"Bc09CWoSP1psCQHRZi6+6ofi01z2boI847dumyhBD6ZB":{"registrationId":1028870375,"currentRatchet":{"ephemeralKeyPair":{"pubKey":"BWRBbozSd/iJwOBFXvf64HYiF91ZK6U4NkCxvPWo6Wp6","privKey":"gNM+xtWICT26H33+thIoyBEvY0RvEhX9afKqOGE3WlQ="},"lastRemoteEphemeralKey":"BQIzFR4HYqjTMLgKwKwJChkKZGQ9TYUq1Tt6QyHDb2Jo","previousCounter":0,"rootKey":"vRgYr9wLWQ6lHjp4kWAF2V2/AWkwLMbNP7Qk7arzf9w="},"indexInfo":{"baseKey":"Bc09CWoSP1psCQHRZi6+6ofi01z2boI847dumyhBD6ZB","baseKeyType":1,"closed":-1,"used":1688113170166,"created":1688113170166,"remoteIdentityKey":"BShUTWuCqMHwZDuoWqP5jZ9bjbReru2qJnf/uJj8NIgL"},"_chains":{"BWRBbozSd/iJwOBFXvf64HYiF91ZK6U4NkCxvPWo6Wp6":{"chainKey":{"counter":0,"key":"/mUht8z0tz7e/O6oyJBz7B14cOP/295jHT1oeYVc7xw="},"chainType":1,"messageKeys":{}}},"pendingPreKey":{"signedKeyId":0,"baseKey":"Bc09CWoSP1psCQHRZi6+6ofi01z2boI847dumyhBD6ZB","preKeyId":7857636}}},"version":"v1"}