{"_sessions":{"BZ6LMXh321wt1fYLTB+xOZoiUktweyp4482B7V7EaF59":{"registrationId":102163821,"currentRatchet":{"ephemeralKeyPair":{"pubKey":"BeOY/rh1jXhagedNPU0DAWctmqZJySdeWc5pBCqV81ku","privKey":"AMSWINQ2zQOMYnnMVLuAE4XJP21oSR4Vfcwt2Hf8g24="},"lastRemoteEphemeralKey":"BZ8405j9oA1uXiKsujL8m7phKP13PoK27m53S6V1Jsse","previousCounter":0,"rootKey":"kiM/fhhhNNWm1k2MxUilqTh79Vtid1U5xtb9LC8q7CI="},"indexInfo":{"baseKey":"BZ6LMXh321wt1fYLTB+xOZoiUktweyp4482B7V7EaF59","baseKeyType":1,"closed":-1,"used":1688113171022,"created":1688113171022,"remoteIdentityKey":"BfautZuYmi02sN34mIDckMfXn4H4rD1gQtSr6ZC4TL58"},"_chains":{"BeOY/rh1jXhagedNPU0DAWctmqZJySdeWc5pBCqV81ku":{"chainKey":{"counter":0,"key":"5wNhbzC7M+GtotuP2IOe9i/e/0ln1S+aGpadp8y2y8k="},"chainType":1,"messageKeys":{}}},"pendingPreKey":{"signedKeyId":3,"baseKey":"BZ6LMXh321wt1fYLTB+xOZoiUktweyp4482B7V7EaF59","preKeyId":8776539}}},"version":"v1"}