{"_sessions":{"BR28W5FCo+LEeNdBlSdbX9qOkovVbUZmXkUtU/kWyTMS":{"registrationId":226281201,"currentRatchet":{"ephemeralKeyPair":{"pubKey":"BZPzfZIBzIE2OEMJ02enlJ5ib0cGPM0reWOeEgweyvo7","privKey":"uCCDJvull65joh4oYicH9TBj6N5zwG8GmRS10WDF7mY="},"lastRemoteEphemeralKey":"BUM9Y2P6nAzJEsa4z9VCxMoXu018rdowbUzq6DiEMIJN","previousCounter":0,"rootKey":"oX+6Nh82DYbe5a4f4KJvvUZ1fy+XqhvqIfXcARsR3Hs="},"indexInfo":{"baseKey":"BR28W5FCo+LEeNdBlSdbX9qOkovVbUZmXkUtU/kWyTMS","baseKeyType":1,"closed":-1,"used":1688113170788,"created":1688113170788,"remoteIdentityKey":"BSUlpYhrjwiOTmAT+Y5ayfHgecSf+oMIZk8yCz63YT8a"},"_chains":{"BZPzfZIBzIE2OEMJ02enlJ5ib0cGPM0reWOeEgweyvo7":{"chainKey":{"counter":0,"key":"jo/lSwNh9OzxRkGjvCMz6WBO83ZVr/Po/Yi049SkCm8="},"chainType":1,"messageKeys":{}}},"pendingPreKey":{"signedKeyId":1,"baseKey":"BR28W5FCo+LEeNdBlSdbX9qOkovVbUZmXkUtU/kWyTMS","preKeyId":12683194}}},"version":"v1"}