{"_sessions":{"BXiyXobBLG39MDrg46w52KOi+d6Qe9sCTpWdxGlzfckA":{"registrationId":403268384,"currentRatchet":{"ephemeralKeyPair":{"pubKey":"BSjmvaOQyUVNL8KWoxSm+4RdU2WoWT7d+maF/bCtuoN9","privKey":"6KwqQJQrUl2Plz1/iMg4NMHxGpASWeGsVu4+tiAigFc="},"lastRemoteEphemeralKey":"BdsV5FQ0n4321hu64H+9y+Lt7C2r7hZeiLLIpuquTUQY","previousCounter":0,"rootKey":"xbdaLE26EATmtAWxTrj+aNY2WUZCtlGOEgE089uOWDg="},"indexInfo":{"baseKey":"BXiyXobBLG39MDrg46w52KOi+d6Qe9sCTpWdxGlzfckA","baseKeyType":1,"closed":-1,"used":1688113170586,"created":1688113170586,"remoteIdentityKey":"Bal7iDxspIZFZdsHB3+SJo4qYBlGKGGJgf/LCeGZnk1R"},"_chains":{"BSjmvaOQyUVNL8KWoxSm+4RdU2WoWT7d+maF/bCtuoN9":{"chainKey":{"counter":0,"key":"aooK4cfTEmEVzJvA1k4FHHyePEivd0ai3sLVfM+xP+8="},"chainType":1,"messageKeys":{}}},"pendingPreKey":{"signedKeyId":7,"baseKey":"BXiyXobBLG39MDrg46w52KOi+d6Qe9sCTpWdxGlzfckA","preKeyId":8755527}}},"version":"v1"}