{"_sessions":{"BS8PENfwHurGZlUMmw+E3XubjCxUFeO1JDJaKOcKuXEz":{"registrationId":2039187262,"currentRatchet":{"ephemeralKeyPair":{"pubKey":"BdgcjkmkSW6Za8tHwOCGM/suSbVJzubGI7knT8EzxzEw","privKey":"kJUa4HNl5MH2Y8uLiQiMr0fDWvKlxgqJrL/7dE24VW4="},"lastRemoteEphemeralKey":"BV+1VMke4enHM19TVYSxnmnp62koeuXsrdIlyfHor4Qn","previousCounter":0,"rootKey":"8Uij1sgwyfZof4AmAJCv41YPxm1TVHRs/cF7U8rkHFA="},"indexInfo":{"baseKey":"BS8PENfwHurGZlUMmw+E3XubjCxUFeO1JDJaKOcKuXEz","baseKeyType":1,"closed":-1,"used":1688113169820,"created":1688113169820,"remoteIdentityKey":"BcIdGXvs3fyR1uJqLvwl0K1iuQVU82u9ai33P90s2X0S"},"_chains":{"BdgcjkmkSW6Za8tHwOCGM/suSbVJzubGI7knT8EzxzEw":{"chainKey":{"counter":0,"key":"bC63xx4UIP5tg2XhjxkgW1orU8ppoo6Hj69olEqTo5s="},"chainType":1,"messageKeys":{}}},"pendingPreKey":{"signedKeyId":1,"baseKey":"BS8PENfwHurGZlUMmw+E3XubjCxUFeO1JDJaKOcKuXEz","preKeyId":9564797}}},"version":"v1"}